image,cls,confidence,clip_score,truncated,y,margin,softmax_scaled
coco500/000000000139.jpg,person,0.85,0.196,0.0,1,0.005560264,0.15109257
coco500/000000000139.jpg,tv,0.8429,0.2056,0.0,1,-0.038374975,0.011530836
coco500/000000000139.jpg,chair,0.7341,0.2231,0.0,1,-0.0012321621,0.204643
coco500/000000000139.jpg,chair,0.7251,0.2644,0.0,1,0.039698973,0.9048698
coco500/000000000139.jpg,clock,0.7011,0.1567,0.0,1,-0.06262714,0.0012768958
coco500/000000000139.jpg,chair,0.5423,0.2231,0.0,1,-0.009044081,0.13323522
coco500/000000000139.jpg,vase,0.5379,0.2201,0.0,1,-0.025063112,0.042914554
coco500/000000000139.jpg,vase,0.4981,0.2368,0.0,1,0.010960907,0.3709338
coco500/000000000139.jpg,refrigerator,0.4916,0.1615,0.0,1,-0.030137494,0.0048763356
coco500/000000000139.jpg,dining table,0.4845,0.2583,0.0,1,0.005307466,0.5770044
coco500/000000000139.jpg,dining table,0.467,0.1689,1.0,1,-0.07461184,0.00032875393
coco500/000000000139.jpg,vase,0.4388,0.1832,0.0,1,-0.034573257,0.011682201
coco500/000000000139.jpg,potted plant,0.4331,0.1918,0.0,1,-0.010021299,0.086832374
coco500/000000000139.jpg,tv,0.426,0.1692,1.0,1,-0.053622782,0.0013405043
coco500/000000000139.jpg,microwave,0.3904,0.2001,0.0,1,-0.009102866,0.10725416
coco500/000000000139.jpg,wine glass,0.364,0.1584,0.0,0,-0.028915316,0.0048799515
coco500/000000000139.jpg,refrigerator,0.3618,0.1879,0.0,1,-0.041320547,0.0032107546
coco500/000000000139.jpg,potted plant,0.3572,0.1855,0.0,1,-0.006613612,0.041649174
coco500/000000000139.jpg,wine glass,0.3537,0.179,0.0,0,-0.03331229,0.007815277
coco500/000000000139.jpg,vase,0.3388,0.2406,0.0,1,0.023882017,0.68913627
coco500/000000000139.jpg,person,0.3364,0.2158,0.0,1,-0.00931567,0.14661089
coco500/000000000139.jpg,wine glass,0.3273,0.1647,0.0,0,-0.029065132,0.0053915367
coco500/000000000632.jpg,potted plant,0.7961,0.2446,0.0,1,0.007706359,0.46499926
coco500/000000000632.jpg,potted plant,0.7876,0.2705,0.0,1,0.036667734,0.96812415
coco500/000000000632.jpg,chair,0.6619,0.2041,0.0,1,-0.024557203,0.058931258
coco500/000000000632.jpg,bed,0.6463,0.2529,1.0,1,0.023493558,0.8407404
coco500/000000000632.jpg,bottle,0.4496,0.1898,0.0,0,0.0031410158,0.2869375
coco500/000000000632.jpg,book,0.328,0.2343,0.0,1,0.048095554,0.9122939
coco500/000000000632.jpg,book,0.313,0.2416,0.0,1,0.03942588,0.76888406
coco500/000000000632.jpg,book,0.3075,0.2522,0.0,1,0.040967703,0.8909657
coco500/000000000632.jpg,book,0.3012,0.261,0.0,1,0.047383875,0.93457264
coco500/000000000724.jpg,truck,0.3953,0.1907,0.0,1,-0.043362036,0.006404921
coco500/000000000724.jpg,bench,0.3932,0.235,0.0,0,0.01705812,0.40402898
coco500/000000000724.jpg,truck,0.3596,0.2032,0.0,1,-0.0008880943,0.130766
coco500/000000000776.jpg,teddy bear,0.5759,0.2537,1.0,1,0.078691944,0.996618
coco500/000000000776.jpg,teddy bear,0.5578,0.2333,1.0,1,0.0569261,0.9851732
coco500/000000000776.jpg,teddy bear,0.41,0.2534,1.0,1,0.051338002,0.9771945
coco500/000000000785.jpg,person,0.7656,0.1744,0.0,1,0.013717562,0.36582208
coco500/000000000802.jpg,refrigerator,0.8067,0.2703,0.0,1,0.032681614,0.9559713
coco500/000000000802.jpg,oven,0.5228,0.2729,0.0,1,0.007800281,0.6063352
coco500/000000000872.jpg,sports ball,0.4622,0.1949,0.0,1,-0.0016362965,0.051058028
coco500/000000000872.jpg,person,0.4582,0.1722,0.0,1,-0.026633292,0.057125922
coco500/000000000872.jpg,person,0.3865,0.1887,0.0,1,-0.01984413,0.09467497
coco500/000000000885.jpg,person,0.8522,0.1654,0.0,1,-0.020655796,0.07375285
coco500/000000000885.jpg,person,0.8371,0.2135,1.0,1,0.004707888,0.173815
coco500/000000000885.jpg,person,0.8008,0.1538,0.0,1,-0.019293696,0.10027916
coco500/000000000885.jpg,person,0.5367,0.182,1.0,1,-0.0019280761,0.048476487
coco500/000000000885.jpg,person,0.5366,0.1727,1.0,1,-0.0069328994,0.030057231
coco500/000000000885.jpg,person,0.5179,0.1837,1.0,1,-0.011196867,0.022246482
coco500/000000000885.jpg,person,0.5079,0.1827,1.0,1,-0.006645426,0.035135064
coco500/000000000885.jpg,person,0.4475,0.1754,1.0,1,0.00052051246,0.082413055
coco500/000000000885.jpg,sports ball,0.4248,0.202,0.0,0,-0.0043877065,0.085535534
coco500/000000000885.jpg,person,0.4033,0.1884,1.0,1,-0.01656507,0.013921044
coco500/000000000885.jpg,person,0.3209,0.1857,1.0,1,-0.015812099,0.017667603
coco500/000000000885.jpg,chair,0.3021,0.1978,1.0,0,-0.020937383,0.016441386
coco500/000000001000.jpg,person,0.8039,0.2018,0.0,1,0.016106546,0.42949206
coco500/000000001000.jpg,person,0.8005,0.1825,1.0,1,-0.006496489,0.13659842
coco500/000000001000.jpg,person,0.7918,0.1859,1.0,1,-0.022668764,0.058791287
coco500/000000001000.jpg,person,0.7718,0.2037,0.0,1,-0.01410304,0.118717186
coco500/000000001000.jpg,person,0.7684,0.1958,0.0,1,0.0023989528,0.21622539
coco500/000000001000.jpg,person,0.7603,0.2002,0.0,1,0.021067739,0.36652255
coco500/000000001000.jpg,person,0.7546,0.1785,0.0,1,-0.005242169,0.115466855
coco500/000000001000.jpg,person,0.6906,0.1882,1.0,1,0.005912766,0.1826877
coco500/000000001000.jpg,person,0.6795,0.1888,0.0,1,-0.027729392,0.041401133
coco500/000000001000.jpg,person,0.5373,0.1783,0.0,1,0.0104094595,0.26226553
coco500/000000001000.jpg,person,0.4236,0.2028,0.0,1,0.012487426,0.3879594
coco500/000000001000.jpg,person,0.3911,0.1874,0.0,1,0.013218284,0.3003416
coco500/000000001000.jpg,person,0.3862,0.198,0.0,1,0.0016750544,0.22104211
coco500/000000001000.jpg,handbag,0.3535,0.2351,0.0,1,-0.016157568,0.15654774
coco500/000000001000.jpg,handbag,0.3202,0.2247,0.0,1,-0.015797421,0.10508448
coco500/000000001000.jpg,handbag,0.3069,0.2053,0.0,1,-0.012050897,0.113152996
coco500/000000001268.jpg,person,0.8984,0.2069,0.0,1,0.009239316,0.3526726
coco500/000000001268.jpg,person,0.8785,0.2075,1.0,1,-0.027652457,0.045127336
coco500/000000001268.jpg,person,0.8549,0.2006,0.0,1,-0.002046153,0.09990578
coco500/000000001268.jpg,bird,0.8202,0.2277,0.0,1,0.036520317,0.8438112
coco500/000000001268.jpg,person,0.81,0.2155,1.0,1,0.011754602,0.26070118
coco500/000000001268.jpg,handbag,0.5574,0.248,0.0,1,0.017840281,0.80493474
coco500/000000001268.jpg,cell phone,0.4142,0.2382,0.0,1,0.012985975,0.3243106
coco500/000000001268.jpg,backpack,0.3954,0.2202,0.0,1,-0.0051207095,0.096579365
coco500/000000001296.jpg,person,0.8321,0.1777,1.0,1,-0.017105147,0.1284085
coco500/000000001296.jpg,cell phone,0.5131,0.1831,0.0,1,-0.013547733,0.03454111
coco500/000000001296.jpg,person,0.4563,0.1625,0.0,1,-0.036742553,0.018156543
coco500/000000001296.jpg,cell phone,0.4294,0.1997,0.0,1,-0.022610158,0.041016445
coco500/000000001296.jpg,person,0.3157,0.2003,1.0,1,-0.008345842,0.034868527
coco500/000000001353.jpg,person,0.5836,0.1927,0.0,1,-0.007866263,0.100469366
coco500/000000001353.jpg,person,0.5599,0.1703,0.0,1,-0.01590325,0.037049633
coco500/000000001353.jpg,person,0.4436,0.1798,0.0,1,-0.0048681498,0.061826553
coco500/000000001353.jpg,person,0.441,0.1769,0.0,1,-0.0151717365,0.03774455
coco500/000000001353.jpg,person,0.44,0.1664,0.0,1,-0.011682078,0.054691337
coco500/000000001353.jpg,person,0.3369,0.21,0.0,1,0.0017528534,0.09162681
coco500/000000001353.jpg,person,0.3216,0.1954,0.0,1,0.006725341,0.12607658
coco500/000000001425.jpg,sandwich,0.6981,0.2335,0.0,1,-0.000580132,0.31078434
coco500/000000001425.jpg,bowl,0.5039,0.2419,1.0,1,-0.008088335,0.15391314
coco500/000000001425.jpg,dining table,0.3711,0.16,1.0,0,-0.08947034,9.924066e-05
coco500/000000001490.jpg,person,0.8431,0.1991,0.0,1,0.0062488616,0.21285465
coco500/000000001503.jpg,mouse,0.8763,0.2085,0.0,1,-0.014013499,0.07568978
coco500/000000001503.jpg,keyboard,0.831,0.2795,0.0,1,0.053702384,0.99007773
coco500/000000001503.jpg,laptop,0.7892,0.2722,1.0,1,0.043859273,0.96386623
coco500/000000001503.jpg,tv,0.4197,0.2312,0.0,1,-0.005126998,0.24656
coco500/000000001503.jpg,cell phone,0.3839,0.1707,0.0,0,-0.02033782,0.011431388
coco500/000000001503.jpg,person,0.3222,0.1981,1.0,0,-0.020261526,0.02766289
coco500/000000001503.jpg,keyboard,0.3139,0.2158,1.0,1,-0.039657325,0.01750641
coco500/000000001532.jpg,car,0.7622,0.2494,0.0,1,0.030407667,0.88369405
coco500/000000001532.jpg,car,0.759,0.1815,1.0,1,0.010307908,0.2811737
coco500/000000001532.jpg,truck,0.5774,0.2122,0.0,1,0.0029753745,0.40254393
coco500/000000001532.jpg,car,0.554,0.2424,1.0,1,0.026634842,0.6446475
coco500/000000001532.jpg,car,0.5259,0.2485,0.0,1,0.006747097,0.44993055
coco500/000000001532.jpg,car,0.514,0.1691,0.0,1,-0.021774873,0.009026976
coco500/000000001532.jpg,car,0.5043,0.2137,0.0,1,-0.00043734908,0.04590016
coco500/000000001532.jpg,truck,0.4424,0.2395,0.0,1,-0.007083446,0.090502575
coco500/000000001532.jpg,car,0.3125,0.1755,0.0,1,-0.020595908,0.013258089
coco500/000000001584.jpg,bus,0.8886,0.2361,0.0,1,0.058880642,0.9805838
coco500/000000001584.jpg,person,0.7706,0.2335,0.0,1,0.027182743,0.6266109
coco500/000000001584.jpg,bus,0.7307,0.2505,0.0,1,0.038200527,0.9119629
coco500/000000001584.jpg,person,0.7086,0.2024,0.0,1,-0.0027900934,0.15046155
coco500/000000001584.jpg,person,0.6705,0.2064,0.0,1,0.007697493,0.12660772
coco500/000000001584.jpg,person,0.6666,0.2195,0.0,1,0.0013160408,0.15218225
coco500/000000001584.jpg,bus,0.6302,0.2031,1.0,1,-0.022650316,0.01625912
coco500/000000001584.jpg,person,0.626,0.1869,0.0,1,-3.8415194e-05,0.28684852
coco500/000000001584.jpg,person,0.3908,0.201,0.0,1,-0.0032022,0.068837896
coco500/000000001584.jpg,car,0.3767,0.2053,0.0,0,-0.0058938414,0.048007805
coco500/000000001584.jpg,handbag,0.351,0.1921,0.0,0,-0.01308243,0.014923085
coco500/000000001584.jpg,person,0.3473,0.1617,0.0,1,-0.015437022,0.020396022
coco500/000000001584.jpg,person,0.3346,0.1902,0.0,1,-0.009678796,0.037216593
coco500/000000001584.jpg,person,0.3307,0.2047,0.0,1,-0.0023519248,0.049137823
coco500/000000001584.jpg,tie,0.3199,0.1566,0.0,0,-0.033777967,0.005546448
coco500/000000001675.jpg,cat,0.5889,0.2278,1.0,1,0.052005857,0.9490896
coco500/000000001675.jpg,laptop,0.4099,0.2549,1.0,0,-0.009520471,0.27181512
coco500/000000001675.jpg,keyboard,0.3125,0.2776,0.0,1,0.047038287,0.9881711
coco500/000000001993.jpg,bed,0.8193,0.2485,0.0,1,0.0156997,0.813342
coco500/000000001993.jpg,chair,0.8114,0.261,0.0,1,0.01572293,0.7452649
coco500/000000001993.jpg,dining table,0.5978,0.2642,1.0,1,0.021367073,0.8431047
coco500/000000001993.jpg,chair,0.3457,0.2,1.0,1,-0.010898426,0.022166735
coco500/000000002006.jpg,bus,0.9045,0.2081,0.0,1,0.062919185,0.9921848
coco500/000000002006.jpg,person,0.8907,0.2123,0.0,1,0.015303716,0.3121136
coco500/000000002006.jpg,person,0.8356,0.184,0.0,1,-0.022750169,0.038629197
coco500/000000002006.jpg,person,0.4825,0.1963,0.0,1,0.011789247,0.30355877
coco500/000000002006.jpg,tie,0.4601,0.1683,0.0,1,-0.02361536,0.012162269
coco500/000000002006.jpg,tie,0.3118,0.2013,0.0,1,0.004360348,0.10360163
coco500/000000002006.jpg,tie,0.3077,0.2137,0.0,1,0.024943784,0.6578241
coco500/000000002149.jpg,apple,0.6861,0.2568,0.0,1,0.043280184,0.9746342
coco500/000000002149.jpg,apple,0.6789,0.2566,0.0,1,0.042244792,0.97648776
coco500/000000002149.jpg,apple,0.6401,0.261,1.0,1,0.028670654,0.8952133
coco500/000000002149.jpg,apple,0.56,0.2581,1.0,1,0.02263987,0.82687956
coco500/000000002149.jpg,bowl,0.5357,0.1604,1.0,1,-0.071862176,0.0007242256
coco500/000000002149.jpg,apple,0.5142,0.2617,0.0,1,0.042068183,0.92359275
coco500/000000002149.jpg,apple,0.5062,0.2781,0.0,1,0.046807915,0.9810712
coco500/000000002149.jpg,apple,0.4983,0.2544,0.0,1,0.023658767,0.8110187
coco500/000000002153.jpg,person,0.7792,0.1864,0.0,1,-0.03431888,0.028184313
coco500/000000002153.jpg,person,0.7407,0.192,1.0,1,-0.015761405,0.07760972
coco500/000000002153.jpg,person,0.717,0.1704,0.0,1,-0.046300754,0.007823632
coco500/000000002153.jpg,person,0.6666,0.1677,0.0,1,-0.028844967,0.04707707
coco500/000000002153.jpg,sports ball,0.4604,0.1652,0.0,0,-0.01963453,0.019559069
coco500/000000002157.jpg,wine glass,0.7337,0.2766,0.0,1,0.053213477,0.9836795
coco500/000000002157.jpg,wine glass,0.7257,0.2815,0.0,1,0.060517445,0.9935256
coco500/000000002157.jpg,cake,0.7216,0.2427,0.0,1,0.068924055,0.9970861
coco500/000000002157.jpg,wine glass,0.6476,0.2245,0.0,1,-0.0043939054,0.24621269
coco500/000000002157.jpg,wine glass,0.6293,0.2693,0.0,1,0.06275028,0.9943997
coco500/000000002157.jpg,dining table,0.5811,0.1589,1.0,1,-0.05408366,0.004082039
coco500/000000002157.jpg,knife,0.4903,0.226,0.0,1,0.024230674,0.7870472
coco500/000000002157.jpg,wine glass,0.4682,0.1697,0.0,1,-0.042197794,0.002003279
coco500/000000002157.jpg,wine glass,0.4635,0.2761,1.0,1,0.02434346,0.89721996
coco500/000000002157.jpg,cup,0.4394,0.2289,0.0,1,0.012375742,0.44645852
coco500/000000002157.jpg,wine glass,0.4344,0.2773,0.0,1,0.056454748,0.99106956
coco500/000000002157.jpg,knife,0.4089,0.2167,0.0,1,-0.028624088,0.038233534
coco500/000000002157.jpg,wine glass,0.3993,0.2891,0.0,1,0.054667264,0.9891039
coco500/000000002157.jpg,car,0.3784,0.1656,0.0,0,-0.05513671,0.0011939408
coco500/000000002157.jpg,wine glass,0.3755,0.2822,0.0,1,0.05148168,0.98414755
coco500/000000002157.jpg,knife,0.3726,0.2192,0.0,1,-0.012512967,0.13249287
coco500/000000002157.jpg,wine glass,0.3707,0.2438,1.0,1,-0.015832335,0.12121444
coco500/000000002157.jpg,cup,0.3337,0.1812,0.0,1,-0.02118808,0.021167032
coco500/000000002157.jpg,wine glass,0.3088,0.2844,0.0,1,0.055047482,0.9914692
coco500/000000002261.jpg,person,0.701,0.2051,0.0,1,0.0017383695,0.28588957
coco500/000000002431.jpg,wine glass,0.8543,0.2766,1.0,1,0.063835934,0.99601704
coco500/000000002431.jpg,spoon,0.718,0.2805,0.0,1,0.01854667,0.78679496
coco500/000000002431.jpg,cup,0.7134,0.2678,1.0,1,0.029701754,0.7591835
coco500/000000002431.jpg,knife,0.6865,0.2419,0.0,1,0.008844018,0.48137626
coco500/000000002431.jpg,bowl,0.5272,0.2484,0.0,0,0.004157394,0.37702844
coco500/000000002431.jpg,dining table,0.5051,0.1885,1.0,1,-0.0019433796,0.16398826
coco500/000000002431.jpg,bowl,0.3656,0.2054,0.0,0,-0.03064838,0.012898513
coco500/000000002431.jpg,dining table,0.3435,0.1891,1.0,1,-0.019248366,0.03310318
coco500/000000002431.jpg,person,0.3277,0.1898,1.0,1,-0.021680295,0.014968548
coco500/000000002473.jpg,person,0.8324,0.1833,0.0,1,0.016507313,0.44364357
coco500/000000002473.jpg,person,0.8196,0.2026,0.0,1,0.011375189,0.4463273
coco500/000000002473.jpg,person,0.7788,0.1973,0.0,1,0.0016404241,0.3701435
coco500/000000002473.jpg,person,0.6921,0.1713,0.0,1,0.0149333775,0.39480135
coco500/000000002473.jpg,person,0.3243,0.2108,0.0,1,-0.016230896,0.018824017
coco500/000000002532.jpg,person,0.887,0.2057,0.0,1,0.0100700855,0.6092668
coco500/000000002587.jpg,donut,0.6893,0.2727,0.0,1,0.07258019,0.998019
coco500/000000002587.jpg,banana,0.6774,0.243,0.0,1,0.007565886,0.65121186
coco500/000000002592.jpg,knife,0.8874,0.2688,0.0,1,0.028091162,0.83736575
coco500/000000002592.jpg,cup,0.7974,0.2239,0.0,1,0.07263671,0.9955434
coco500/000000002685.jpg,person,0.8273,0.1971,0.0,1,0.0072629303,0.17043896
coco500/000000002685.jpg,person,0.7892,0.1707,0.0,1,0.0024079978,0.23627004
coco500/000000002685.jpg,person,0.7631,0.1882,0.0,1,0.015162796,0.2701355
coco500/000000002685.jpg,person,0.7347,0.1984,0.0,1,0.0016329288,0.12791017
coco500/000000002685.jpg,person,0.6079,0.1792,0.0,1,0.0037485212,0.13488637
coco500/000000002685.jpg,person,0.5751,0.1947,0.0,1,0.01385954,0.2975751
coco500/000000002685.jpg,bottle,0.4866,0.2062,0.0,1,-0.010448217,0.22497393
coco500/000000002685.jpg,bottle,0.4734,0.2281,0.0,1,0.005325854,0.5430553
coco500/000000002685.jpg,bottle,0.4178,0.1998,0.0,1,-0.01232256,0.017716499
coco500/000000002685.jpg,wine glass,0.4037,0.187,0.0,1,-0.0263713,0.009514341
coco500/000000002685.jpg,wine glass,0.4009,0.2219,0.0,1,-0.0057070255,0.034898702
coco500/000000002685.jpg,cup,0.3991,0.2384,0.0,1,-0.029732913,0.0450265
coco500/000000002685.jpg,bottle,0.3883,0.222,0.0,1,0.0019028485,0.45901382
coco500/000000002685.jpg,bottle,0.3674,0.1968,0.0,1,-0.030581355,0.020266293
coco500/000000002685.jpg,bottle,0.3528,0.194,0.0,1,-0.020210862,0.008765984
coco500/000000002685.jpg,backpack,0.3492,0.192,0.0,0,-0.021952808,0.0094952695
coco500/000000002685.jpg,bottle,0.3273,0.166,0.0,1,-0.03465812,0.0074819536
coco500/000000002685.jpg,bottle,0.3209,0.1929,0.0,1,-0.019731566,0.014379735
coco500/000000002685.jpg,bottle,0.3136,0.1976,0.0,1,-0.009346813,0.24884473
coco500/000000002685.jpg,bottle,0.3078,0.209,0.0,1,-0.01135546,0.053576853
coco500/000000002685.jpg,bottle,0.3057,0.2065,0.0,1,-0.009078503,0.21614169
coco500/000000002685.jpg,bottle,0.3045,0.2222,0.0,1,-0.0051616877,0.3445761
coco500/000000002685.jpg,bottle,0.3037,0.2253,0.0,1,-0.006903261,0.30909413
coco500/000000002923.jpg,bird,0.8036,0.1716,0.0,1,-0.026903227,0.028974771
coco500/000000002923.jpg,bird,0.79,0.1812,0.0,1,-0.024464771,0.033834774
coco500/000000002923.jpg,bird,0.4327,0.176,0.0,1,-0.030670613,0.014884589
coco500/000000003156.jpg,person,0.8891,0.1855,1.0,1,0.02432327,0.61853063
coco500/000000003156.jpg,sink,0.5054,0.177,1.0,1,-0.031552315,0.003853763
coco500/000000003156.jpg,toilet,0.4744,0.2323,1.0,1,0.031747296,0.89882684
coco500/000000003255.jpg,person,0.8275,0.2069,0.0,1,-0.015282363,0.038947076
coco500/000000003255.jpg,person,0.8027,0.2064,0.0,1,-0.010387957,0.11454846
coco500/000000003255.jpg,person,0.7725,0.2017,0.0,1,-0.00029318035,0.04811112
coco500/000000003255.jpg,person,0.6781,0.1993,0.0,1,0.0024021715,0.059498724
coco500/000000003255.jpg,backpack,0.5732,0.1906,0.0,1,0.00019590557,0.07928761
coco500/000000003255.jpg,person,0.4434,0.1969,0.0,1,0.004300624,0.072387986
coco500/000000003255.jpg,person,0.3649,0.2002,0.0,1,-0.009805724,0.053952962
coco500/000000003255.jpg,backpack,0.3192,0.1857,0.0,1,-0.008520156,0.02250247
coco500/000000003501.jpg,bowl,0.5408,0.1832,0.0,1,-0.030237213,0.037498422
coco500/000000003501.jpg,broccoli,0.5017,0.2881,0.0,1,0.09344569,0.9992619
coco500/000000003501.jpg,car,0.4093,0.1893,0.0,0,-0.038343042,0.005466547
coco500/000000003501.jpg,car,0.3886,0.1737,0.0,0,-0.07021171,0.00056911184
coco500/000000003501.jpg,broccoli,0.3751,0.2605,0.0,1,0.07115126,0.9953343
coco500/000000003501.jpg,broccoli,0.3282,0.2795,0.0,1,0.09052932,0.9984835
coco500/000000003501.jpg,broccoli,0.3105,0.2712,0.0,1,0.07119429,0.99697256
coco500/000000003553.jpg,person,0.6207,0.1807,1.0,1,-0.014665306,0.04079899
coco500/000000003553.jpg,bench,0.3248,0.1721,1.0,0,-0.025217205,0.016453566
coco500/000000003661.jpg,cup,0.6376,0.1759,1.0,1,-0.052281454,0.0017769815
coco500/000000003661.jpg,keyboard,0.6132,0.1729,1.0,1,-0.07917866,0.00022519847
coco500/000000003661.jpg,tv,0.5111,0.2059,1.0,0,-0.04694289,0.0031703564
coco500/000000003661.jpg,banana,0.4996,0.2727,0.0,1,0.056036845,0.97620654
coco500/000000003661.jpg,banana,0.4108,0.2637,1.0,1,0.05798441,0.989218
coco500/000000003661.jpg,dining table,0.3493,0.1818,1.0,0,-0.059125483,0.0011803436
coco500/000000003845.jpg,cup,0.7737,0.2563,1.0,1,-0.0046070814,0.2547442
coco500/000000003845.jpg,broccoli,0.7272,0.2627,0.0,1,0.047158197,0.9627629
coco500/000000003845.jpg,broccoli,0.696,0.2686,0.0,1,0.065430075,0.99244314
coco500/000000003845.jpg,dining table,0.6488,0.1669,1.0,1,-0.020072028,0.04883619
coco500/000000003845.jpg,car,0.5908,0.1685,0.0,0,-0.07126038,0.0005601953
coco500/000000003845.jpg,car,0.546,0.1708,0.0,0,-0.08087501,0.00022557858
coco500/000000003845.jpg,car,0.5357,0.1669,0.0,0,-0.07405184,0.00036744442
coco500/000000003845.jpg,chair,0.527,0.2062,1.0,0,-0.00739336,0.038532253
coco500/000000003845.jpg,car,0.508,0.1764,0.0,0,-0.075124204,0.00029618287
coco500/000000003845.jpg,broccoli,0.4795,0.2107,0.0,1,-0.0018442273,0.13050032
coco500/000000003845.jpg,car,0.4437,0.1813,0.0,0,-0.03997962,0.0033990848
coco500/000000003845.jpg,spoon,0.3515,0.2208,0.0,1,-0.025662288,0.0437406
coco500/000000003845.jpg,fork,0.3383,0.2073,0.0,1,-0.02278912,0.022266326
coco500/000000003934.jpg,person,0.8447,0.2151,0.0,1,-0.006143868,0.044893853
coco500/000000003934.jpg,person,0.8336,0.1919,0.0,1,0.0037130117,0.12339169
coco500/000000003934.jpg,person,0.807,0.2002,0.0,1,0.016276494,0.28985327
coco500/000000003934.jpg,couch,0.7993,0.1779,1.0,1,-0.028067246,0.008374401
coco500/000000003934.jpg,remote,0.7049,0.2053,0.0,1,-0.024240538,0.024000611
coco500/000000003934.jpg,person,0.6323,0.2013,0.0,1,0.017029554,0.3721685
coco500/000000003934.jpg,person,0.5961,0.2152,0.0,1,0.019404382,0.2730322
coco500/000000003934.jpg,wine glass,0.5936,0.2435,0.0,1,0.0010912716,0.39374587
coco500/000000003934.jpg,person,0.5447,0.1975,0.0,1,-0.0033608526,0.08853733
coco500/000000003934.jpg,remote,0.4645,0.2029,0.0,1,-0.00406605,0.04023319
coco500/000000003934.jpg,person,0.4627,0.1946,0.0,1,0.016845077,0.30360398
coco500/000000003934.jpg,dining table,0.3625,0.1981,1.0,0,-0.04267797,0.008828994
coco500/000000003934.jpg,cup,0.352,0.2275,0.0,1,0.004030943,0.32019272
coco500/000000003934.jpg,bottle,0.3234,0.2072,0.0,0,0.0007299632,0.053978708
coco500/000000003934.jpg,person,0.3163,0.1859,1.0,1,-0.017182514,0.015735036
coco500/000000003934.jpg,wine glass,0.3122,0.1438,1.0,1,-0.03988728,0.0027447944
coco500/000000004134.jpg,tie,0.878,0.27,0.0,1,0.041590586,0.9112261
coco500/000000004134.jpg,person,0.8743,0.1726,1.0,1,0.0014544576,0.22665124
coco500/000000004134.jpg,person,0.8685,0.1746,0.0,1,0.0017943978,0.28142327
coco500/000000004134.jpg,person,0.7167,0.2094,0.0,1,0.009987369,0.27164447
coco500/000000004134.jpg,person,0.7157,0.1796,0.0,1,0.024654746,0.61209875
coco500/000000004134.jpg,person,0.7063,0.2211,0.0,1,0.005438894,0.20052874
coco500/000000004134.jpg,wine glass,0.7061,0.2323,0.0,1,0.006080702,0.36180186
coco500/000000004134.jpg,person,0.6967,0.2087,0.0,1,0.017439514,0.33913183
coco500/000000004134.jpg,wine glass,0.6136,0.176,0.0,1,-0.033688948,0.0069549824
coco500/000000004134.jpg,person,0.6118,0.179,0.0,1,-0.029478118,0.033237007
coco500/000000004134.jpg,person,0.5724,0.2161,0.0,1,0.002266258,0.07226643
coco500/000000004134.jpg,wine glass,0.5632,0.2227,0.0,1,0.001626879,0.1898699
coco500/000000004134.jpg,dining table,0.5339,0.2329,0.0,1,0.029887632,0.6780025
coco500/000000004134.jpg,dining table,0.5145,0.1639,0.0,1,-0.035308674,0.002217804
coco500/000000004134.jpg,person,0.5118,0.1949,0.0,1,0.016262323,0.35434806
coco500/000000004134.jpg,person,0.4977,0.2019,0.0,1,0.0022587627,0.05502837
coco500/000000004134.jpg,tie,0.4882,0.2261,0.0,1,0.013183087,0.26009545
coco500/000000004134.jpg,chair,0.4759,0.2012,0.0,1,-0.01275824,0.033104166
coco500/000000004134.jpg,dining table,0.469,0.1753,1.0,1,-0.05458787,0.0012645579
coco500/000000004134.jpg,person,0.4658,0.1975,0.0,1,-0.0064475387,0.10202858
coco500/000000004134.jpg,dining table,0.4473,0.1863,1.0,1,-0.03329356,0.00237922
coco500/000000004134.jpg,person,0.4337,0.2096,1.0,1,-0.0054092705,0.062851466
coco500/000000004134.jpg,chair,0.4132,0.1914,0.0,1,-0.04355225,0.008718821
coco500/000000004134.jpg,person,0.403,0.2086,0.0,1,0.0012935996,0.093952976
coco500/000000004134.jpg,spoon,0.3785,0.1881,0.0,0,-0.018569887,0.034523863
coco500/000000004134.jpg,person,0.3749,0.2101,0.0,1,-0.006404221,0.037273224
coco500/000000004134.jpg,wine glass,0.3691,0.1635,0.0,1,-0.02833885,0.0062277224
coco500/000000004134.jpg,tie,0.3674,0.2415,0.0,1,0.027740896,0.65519744
coco500/000000004134.jpg,wine glass,0.3521,0.193,0.0,1,-0.017251864,0.012057648
coco500/000000004134.jpg,cup,0.3483,0.214,0.0,0,-0.010155991,0.09145387
coco500/000000004134.jpg,spoon,0.3313,0.1879,0.0,0,-0.011756465,0.016759537
coco500/000000004134.jpg,laptop,0.3254,0.1884,0.0,0,-0.017878309,0.02490349
coco500/000000004134.jpg,tie,0.3218,0.2053,0.0,1,-0.008458182,0.04371429
coco500/000000004134.jpg,tie,0.3206,0.2133,0.0,1,0.0046409965,0.26246542
coco500/000000004134.jpg,person,0.3182,0.2087,0.0,1,0.016824722,0.29438645
coco500/000000004134.jpg,dining table,0.3162,0.1813,0.0,1,-0.058874205,0.0011052741
coco500/000000004134.jpg,person,0.3073,0.2013,1.0,1,0.006380111,0.11788007
coco500/000000004395.jpg,tie,0.9381,0.321,0.0,1,0.09403139,0.9996464
coco500/000000004395.jpg,person,0.8676,0.1947,1.0,1,0.0061520785,0.5010693
coco500/000000004495.jpg,tv,0.8911,0.2603,0.0,1,0.03678906,0.9239136
coco500/000000004495.jpg,chair,0.8073,0.2661,0.0,1,0.02810882,0.9362368
coco500/000000004495.jpg,couch,0.7085,0.28,1.0,1,0.032508776,0.8851128
coco500/000000004495.jpg,person,0.3791,0.2009,0.0,0,0.0031148791,0.13652948
coco500/000000004495.jpg,person,0.3552,0.1888,0.0,0,0.0076577663,0.1562051
coco500/000000004765.jpg,person,0.763,0.1945,0.0,1,0.011210635,0.27936724
coco500/000000004795.jpg,cat,0.8155,0.2278,0.0,1,0.04093656,0.89373934
coco500/000000004795.jpg,laptop,0.6886,0.2201,1.0,1,-0.004860848,0.056313366
coco500/000000004795.jpg,keyboard,0.5247,0.1863,1.0,0,-0.009627208,0.017687323
coco500/000000004795.jpg,cell phone,0.4366,0.2322,1.0,0,0.004356295,0.5149258
coco500/000000004795.jpg,tv,0.4166,0.1753,1.0,1,-0.057899714,0.0025819675
coco500/000000005001.jpg,person,0.6489,0.186,0.0,1,0.033078253,0.6919318
coco500/000000005001.jpg,person,0.6482,0.1876,0.0,1,0.03114362,0.6493428
coco500/000000005001.jpg,person,0.6274,0.1831,0.0,1,-0.002379343,0.21115366
coco500/000000005001.jpg,person,0.6081,0.1577,0.0,1,-0.024934322,0.015062637
coco500/000000005001.jpg,person,0.5755,0.1573,1.0,1,-0.004329413,0.107171334
coco500/000000005001.jpg,person,0.5682,0.1794,1.0,1,-0.008569524,0.06846381
coco500/000000005001.jpg,person,0.5262,0.183,0.0,1,0.016567245,0.26872402
coco500/000000005001.jpg,person,0.4659,0.1866,0.0,1,0.020855173,0.3930022
coco500/000000005001.jpg,person,0.4569,0.1643,0.0,1,-0.009998947,0.067976214
coco500/000000005001.jpg,person,0.4443,0.1726,0.0,1,0.0020797998,0.251213
coco500/000000005001.jpg,person,0.4357,0.1995,1.0,1,-0.0061763823,0.042857364
coco500/000000005001.jpg,person,0.4261,0.1743,0.0,1,0.0137678385,0.28025445
coco500/000000005001.jpg,person,0.4119,0.1777,0.0,1,0.008921906,0.2049904
coco500/000000005001.jpg,person,0.4052,0.1744,0.0,1,0.007489234,0.2703848
coco500/000000005001.jpg,person,0.3857,0.2025,0.0,1,0.036002353,0.7435988
coco500/000000005001.jpg,person,0.3814,0.1908,0.0,1,0.0058573037,0.2163621
coco500/000000005001.jpg,bicycle,0.3724,0.1998,0.0,1,-0.023792014,0.010835227
coco500/000000005001.jpg,knife,0.3699,0.208,0.0,0,-0.0023439229,0.044655208
coco500/000000005001.jpg,cell phone,0.3543,0.2151,0.0,0,-0.017928958,0.022473479
coco500/000000005001.jpg,person,0.3406,0.1921,0.0,1,0.005203992,0.19033585
coco500/000000005001.jpg,person,0.3205,0.1774,0.0,1,0.0018880367,0.16195318
coco500/000000005001.jpg,person,0.3122,0.215,0.0,1,0.011685163,0.25103426
coco500/000000005001.jpg,knife,0.3066,0.178,0.0,0,-0.0099217,0.021901488
coco500/000000005037.jpg,bus,0.911,0.223,0.0,1,0.049283475,0.9898807
coco500/000000005037.jpg,car,0.721,0.1995,0.0,1,0.021067828,0.528302
coco500/000000005037.jpg,person,0.7012,0.2125,1.0,1,-0.008487746,0.074258864
coco500/000000005037.jpg,person,0.6522,0.1766,0.0,1,-0.005072847,0.034800835
coco500/000000005037.jpg,person,0.6387,0.1904,0.0,1,-0.012295097,0.06293326
coco500/000000005037.jpg,person,0.6115,0.2013,0.0,1,0.009800926,0.15323204
coco500/000000005037.jpg,person,0.4936,0.1831,0.0,1,0.006480664,0.106762916
coco500/000000005037.jpg,car,0.4183,0.1752,0.0,1,-0.017696947,0.018305842
coco500/000000005037.jpg,person,0.4029,0.1765,0.0,1,-0.016496047,0.036572047
coco500/000000005037.jpg,person,0.3992,0.1667,0.0,1,-0.02557157,0.008479844
coco500/000000005037.jpg,car,0.3791,0.1964,0.0,1,0.010420069,0.27937573
coco500/000000005060.jpg,person,0.8662,0.198,0.0,1,0.008864209,0.27195632
coco500/000000005060.jpg,cell phone,0.6743,0.2042,0.0,1,0.012096405,0.3669967
coco500/000000005060.jpg,bed,0.3118,0.1808,0.0,0,-0.029155701,0.017188014
coco500/000000005060.jpg,suitcase,0.3084,0.1622,0.0,0,-0.059591636,0.00084295706
coco500/000000005193.jpg,person,0.8412,0.2098,1.0,1,-0.008288473,0.085108116
coco500/000000005193.jpg,person,0.7972,0.2001,0.0,1,0.011827245,0.2551062
coco500/000000005193.jpg,person,0.7387,0.1907,1.0,1,0.0014464408,0.1433532
coco500/000000005193.jpg,person,0.6864,0.1733,0.0,1,-0.0010607094,0.10868933
coco500/000000005193.jpg,person,0.6607,0.1946,0.0,1,-0.013301581,0.04382362
coco500/000000005193.jpg,bottle,0.6463,0.2354,0.0,1,0.004420191,0.18217584
coco500/000000005193.jpg,cell phone,0.5943,0.2084,0.0,0,-0.046134785,0.007922874
coco500/000000005193.jpg,person,0.5566,0.1631,0.0,1,0.0155406445,0.2276248
coco500/000000005503.jpg,person,0.5971,0.2001,1.0,0,-0.039707318,0.004803719
coco500/000000005503.jpg,toilet,0.4019,0.2485,0.0,1,0.029133365,0.88081187
coco500/000000005503.jpg,toilet,0.3871,0.246,0.0,1,0.029237688,0.8735761
coco500/000000005529.jpg,person,0.805,0.176,0.0,1,0.012115374,0.3599771
coco500/000000005586.jpg,person,0.8117,0.1808,0.0,1,-0.015345305,0.033105433
coco500/000000005586.jpg,person,0.7339,0.1742,0.0,1,-0.025453836,0.055941977
coco500/000000005586.jpg,person,0.6874,0.1844,0.0,1,-0.04854153,0.0036529705
coco500/000000005586.jpg,person,0.6661,0.1743,0.0,1,-0.02805844,0.021369303
coco500/000000005586.jpg,tv,0.3019,0.1787,0.0,0,-0.016991198,0.012114489
coco500/000000005600.jpg,bowl,0.6303,0.2023,0.0,1,-0.030963853,0.030323341
coco500/000000005600.jpg,bowl,0.606,0.2007,1.0,1,-0.0054244697,0.14784883
coco500/000000005600.jpg,spoon,0.512,0.2405,0.0,1,0.004161671,0.36370674
coco500/000000005600.jpg,dining table,0.487,0.1669,1.0,0,-0.010922179,0.0994157
coco500/000000005600.jpg,car,0.4437,0.1771,0.0,0,-0.08906326,6.662497e-05
coco500/000000005600.jpg,knife,0.344,0.2432,1.0,0,0.014392629,0.6120362
coco500/000000005600.jpg,dining table,0.3318,0.1838,1.0,0,-0.06995998,0.0006512296
coco500/000000005600.jpg,cup,0.3266,0.2318,1.0,0,0.009325728,0.22829019
coco500/000000005600.jpg,car,0.3131,0.1807,0.0,0,-0.087426215,0.00013295095
coco500/000000005600.jpg,knife,0.3007,0.1761,1.0,0,-0.019524887,0.017595138
coco500/000000006012.jpg,apple,0.5427,0.2598,0.0,0,0.0019677877,0.5308435
coco500/000000006012.jpg,banana,0.3993,0.2515,0.0,1,0.02521497,0.89346415
coco500/000000006012.jpg,banana,0.3838,0.2354,0.0,1,0.0158339,0.78563
coco500/000000006012.jpg,banana,0.3772,0.2407,0.0,1,0.019889832,0.8331671
coco500/000000006012.jpg,banana,0.3069,0.2499,0.0,1,0.0021763444,0.45835966
coco500/000000006040.jpg,person,0.7476,0.2144,0.0,1,0.0011702627,0.10583838
coco500/000000006040.jpg,person,0.7068,0.1997,0.0,1,-0.02463761,0.04289943
coco500/000000006040.jpg,person,0.6944,0.2084,0.0,1,-0.011440009,0.063518405
coco500/000000006040.jpg,car,0.5774,0.2107,1.0,1,-0.015334874,0.078949206
coco500/000000006040.jpg,person,0.5521,0.197,0.0,1,-0.0077422857,0.036546655
coco500/000000006040.jpg,truck,0.5477,0.2191,1.0,1,0.01998134,0.76198703
coco500/000000006040.jpg,person,0.527,0.1929,0.0,1,-0.005717665,0.044106763
coco500/000000006040.jpg,bus,0.4783,0.1973,0.0,0,0.022030696,0.7672069
coco500/000000006040.jpg,person,0.4724,0.2064,0.0,1,-0.0023769736,0.042601638
coco500/000000006040.jpg,person,0.4144,0.2051,0.0,1,-0.016243786,0.124076255
coco500/000000006040.jpg,person,0.3635,0.1777,0.0,1,-0.037752405,0.0053752135
coco500/000000006040.jpg,person,0.3548,0.2047,0.0,1,-0.030441433,0.02946991
coco500/000000006040.jpg,person,0.3542,0.1997,0.0,1,-0.014430553,0.030219074
coco500/000000006040.jpg,person,0.3403,0.2047,0.0,1,-0.002635941,0.04173544
coco500/000000006040.jpg,car,0.3383,0.2344,0.0,1,0.0045330673,0.45693216
coco500/000000006040.jpg,person,0.315,0.2054,0.0,1,-0.0040135086,0.035879683
coco500/000000006213.jpg,sink,0.502,0.2344,0.0,1,0.027887434,0.60232437
coco500/000000006213.jpg,sink,0.4143,0.1638,1.0,1,-0.02921836,0.0042806175
coco500/000000006460.jpg,person,0.7868,0.1804,0.0,1,-0.00625059,0.046849586
coco500/000000006471.jpg,person,0.843,0.1598,0.0,1,-0.022486955,0.066799246
coco500/000000006471.jpg,person,0.7883,0.1758,0.0,1,-0.030060172,0.030654473
coco500/000000006471.jpg,person,0.7858,0.1732,0.0,1,-0.031669974,0.03752171
coco500/000000006471.jpg,person,0.7713,0.1798,0.0,1,-0.008436233,0.09164755
coco500/000000006471.jpg,person,0.7419,0.2047,0.0,1,0.024512574,0.5162443
coco500/000000006471.jpg,person,0.7244,0.1855,0.0,1,-0.0018113256,0.07748768
coco500/000000006471.jpg,bottle,0.6431,0.2561,0.0,1,0.035369918,0.8606474
coco500/000000006471.jpg,bottle,0.6323,0.2411,0.0,1,0.026711792,0.6927889
coco500/000000006471.jpg,person,0.5673,0.1892,0.0,1,0.0068674088,0.17287354
coco500/000000006471.jpg,person,0.5325,0.1779,0.0,1,-7.4237585e-05,0.11231182
coco500/000000006471.jpg,person,0.4573,0.2026,1.0,1,0.01170212,0.22747931
coco500/000000006471.jpg,person,0.4131,0.1736,0.0,1,0.0036750138,0.12746501
coco500/000000006471.jpg,bench,0.399,0.2045,0.0,1,-0.012585178,0.042593382
coco500/000000006471.jpg,person,0.3805,0.1793,0.0,1,-0.009381175,0.1648639
coco500/000000006471.jpg,bottle,0.3683,0.2003,1.0,1,-0.00019325316,0.062193647
coco500/000000006471.jpg,bench,0.3371,0.1699,0.0,1,-0.01785402,0.0099078035
coco500/000000006471.jpg,person,0.325,0.1968,0.0,1,0.0066664964,0.18829411
coco500/000000006471.jpg,bench,0.3118,0.1699,1.0,1,-0.01785402,0.0099078035
coco500/000000006614.jpg,apple,0.4949,0.238,0.0,1,0.025459811,0.83245367
coco500/000000006614.jpg,apple,0.4823,0.2151,0.0,1,-0.053400546,0.004425074
coco500/000000006614.jpg,apple,0.4269,0.2159,0.0,1,-0.009171709,0.12461381
coco500/000000006614.jpg,donut,0.3144,0.1635,0.0,0,-0.035772666,0.0022772169
coco500/000000006723.jpg,car,0.7913,0.2275,0.0,1,0.015382826,0.48986095
coco500/000000006723.jpg,car,0.7432,0.2294,0.0,1,0.03263171,0.7633921
coco500/000000006723.jpg,car,0.6989,0.225,0.0,1,0.0317308,0.8688653
coco500/000000006723.jpg,person,0.6694,0.2201,0.0,0,0.009565249,0.34372416
coco500/000000006723.jpg,car,0.6258,0.2209,0.0,1,0.0043543875,0.13484333
coco500/000000006723.jpg,bus,0.5704,0.1863,0.0,1,-0.04422167,0.002881107
coco500/000000006723.jpg,person,0.451,0.2051,0.0,0,-0.0047985613,0.0739037
coco500/000000006723.jpg,person,0.4266,0.2053,0.0,0,-0.0079472065,0.051391207
coco500/000000006763.jpg,tie,0.8288,0.2258,0.0,1,0.008622363,0.2445492
coco500/000000006763.jpg,tv,0.7589,0.1901,0.0,1,-0.018293738,0.027284166
coco500/000000006763.jpg,person,0.7001,0.2096,1.0,1,0.007561356,0.13225748
coco500/000000006763.jpg,cell phone,0.5903,0.1641,0.0,1,-0.02868718,0.004785905
coco500/000000006763.jpg,dining table,0.4935,0.1924,1.0,1,-0.032305703,0.0027835725
coco500/000000006763.jpg,person,0.4461,0.1593,0.0,1,-0.014816001,0.10812871
coco500/000000006771.jpg,person,0.827,0.1991,1.0,1,-0.025654241,0.018711612
coco500/000000006771.jpg,person,0.8212,0.1576,0.0,1,0.0027301908,0.4170023
coco500/000000006771.jpg,person,0.7843,0.1882,1.0,1,0.0066826344,0.16084343
coco500/000000006771.jpg,person,0.7307,0.178,1.0,1,0.003720969,0.14790972
coco500/000000006771.jpg,cell phone,0.6641,0.2188,0.0,1,0.005122274,0.27097955
coco500/000000006771.jpg,person,0.5913,0.2092,0.0,1,-0.0010383874,0.053978827
coco500/000000006771.jpg,person,0.4212,0.2156,0.0,1,-0.011603057,0.11757749
coco500/000000006771.jpg,person,0.4096,0.1923,0.0,1,-0.00975655,0.07959404
coco500/000000006818.jpg,toilet,0.4887,0.1921,0.0,1,-0.035636306,0.0030664715
coco500/000000006894.jpg,person,0.634,0.1635,1.0,1,0.0057848096,0.26592636
coco500/000000006954.jpg,person,0.8584,0.1871,1.0,1,0.0070433468,0.3429162
coco500/000000006954.jpg,person,0.8521,0.1539,1.0,1,-0.05427511,0.004263264
coco500/000000006954.jpg,person,0.7749,0.1907,0.0,1,0.025723636,0.64499474
coco500/000000006954.jpg,person,0.7724,0.2002,0.0,1,0.03018856,0.6783899
coco500/000000006954.jpg,person,0.7392,0.165,0.0,1,-0.00699158,0.10463936
coco500/000000006954.jpg,sports ball,0.3806,0.2321,0.0,0,0.02607052,0.7744049
coco500/000000006954.jpg,teddy bear,0.3256,0.1669,0.0,0,-0.053097114,0.0018069242
coco500/000000006954.jpg,clock,0.3183,0.2164,0.0,0,0.0050699264,0.40941447
coco500/000000007088.jpg,person,0.9141,0.197,0.0,1,0.006951168,0.24481422
coco500/000000007088.jpg,truck,0.5913,0.2477,0.0,1,0.031896204,0.85321575
coco500/000000007088.jpg,umbrella,0.5011,0.2164,0.0,1,0.05839084,0.9811085
coco500/000000007088.jpg,car,0.3311,0.2212,0.0,1,0.00068311393,0.09124836
coco500/000000007278.jpg,person,0.8132,0.16,0.0,1,-0.01825492,0.029682208
coco500/000000007281.jpg,person,0.6928,0.2004,1.0,1,0.024554253,0.42898256
coco500/000000007281.jpg,person,0.6849,0.1899,0.0,1,0.014456168,0.28426632
coco500/000000007281.jpg,person,0.6162,0.1775,0.0,1,0.0015207827,0.15802202
coco500/000000007281.jpg,person,0.5923,0.1685,0.0,1,-0.020493224,0.019980995
coco500/000000007281.jpg,person,0.5783,0.1801,0.0,1,-0.018118232,0.018458383
coco500/000000007281.jpg,person,0.5746,0.1664,0.0,1,-0.017505005,0.022927636
coco500/000000007281.jpg,person,0.5551,0.1719,0.0,1,-0.019353569,0.020155618
coco500/000000007281.jpg,person,0.546,0.1736,0.0,1,-0.0020218492,0.121661685
coco500/000000007281.jpg,person,0.3875,0.1779,0.0,1,-0.027703956,0.01922314
coco500/000000007281.jpg,person,0.3672,0.1707,0.0,1,-0.0099352,0.030850766
coco500/000000007281.jpg,person,0.3115,0.2002,0.0,1,0.014524519,0.17575479
coco500/000000007386.jpg,dog,0.8391,0.2147,0.0,1,0.02704817,0.84260756
coco500/000000007386.jpg,motorcycle,0.596,0.2316,1.0,1,0.029201925,0.92094296
coco500/000000007386.jpg,bicycle,0.5229,0.2061,0.0,1,0.002767861,0.20954405
coco500/000000007386.jpg,bicycle,0.5124,0.2366,0.0,1,0.017988577,0.77842146
coco500/000000007386.jpg,car,0.4667,0.2123,0.0,0,-0.012373105,0.052283816
coco500/000000007511.jpg,person,0.905,0.1924,0.0,1,0.0010192692,0.12770757
coco500/000000007511.jpg,person,0.7761,0.1801,0.0,1,0.0060843825,0.17258108
coco500/000000007511.jpg,person,0.7645,0.1721,0.0,1,0.00041085482,0.098618075
coco500/000000007511.jpg,person,0.6285,0.1583,0.0,1,-0.03383085,0.0097226305
coco500/000000007511.jpg,person,0.4489,0.2037,0.0,1,0.005594209,0.12113246
coco500/000000007511.jpg,backpack,0.4047,0.2449,1.0,1,0.01844415,0.71524525
coco500/000000007511.jpg,person,0.4044,0.2174,0.0,1,-0.0112847835,0.032762185
coco500/000000007511.jpg,person,0.3751,0.1957,0.0,1,-0.0066884756,0.034022477
coco500/000000007511.jpg,person,0.3539,0.2141,0.0,1,-2.2351742e-05,0.05598471
coco500/000000007511.jpg,person,0.3418,0.2062,0.0,1,-0.0005850196,0.07162159
coco500/000000007511.jpg,person,0.3404,0.1996,0.0,1,-0.0057187527,0.041522127
coco500/000000007511.jpg,person,0.3324,0.2003,0.0,1,-0.00022545457,0.08047274
coco500/000000007511.jpg,person,0.331,0.1974,0.0,1,-0.019351438,0.034441803
coco500/000000007511.jpg,person,0.3282,0.1823,0.0,1,-0.0050522536,0.038876027
coco500/000000007511.jpg,chair,0.3241,0.1899,0.0,0,-0.015631557,0.029820431
coco500/000000007511.jpg,person,0.3241,0.1799,0.0,1,-0.010210916,0.02719931
coco500/000000007511.jpg,person,0.3221,0.2146,0.0,1,-0.025810063,0.01719122
coco500/000000007511.jpg,person,0.3189,0.188,0.0,1,-0.009378985,0.041152302
coco500/000000007511.jpg,person,0.3129,0.2161,0.0,1,-0.006235242,0.037099794
coco500/000000007511.jpg,person,0.3098,0.2092,0.0,1,0.005744368,0.20571524
coco500/000000007574.jpg,bottle,0.7529,0.2429,0.0,1,0.0289495,0.80337733
coco500/000000007574.jpg,refrigerator,0.7126,0.1438,1.0,1,-0.051101163,0.0007981567
coco500/000000007574.jpg,bottle,0.6812,0.2136,0.0,1,0.03634444,0.8706206
coco500/000000007574.jpg,sink,0.6754,0.2008,0.0,1,-0.01869823,0.02490216
coco500/000000007574.jpg,microwave,0.6006,0.2141,0.0,1,-0.011987269,0.084936686
coco500/000000007574.jpg,bottle,0.5703,0.2083,0.0,1,0.016580388,0.55693877
coco500/000000007574.jpg,cup,0.499,0.2157,0.0,0,-0.0028198808,0.11890754
coco500/000000007574.jpg,wine glass,0.4897,0.1827,0.0,1,-0.030196637,0.008047988
coco500/000000007574.jpg,wine glass,0.4745,0.1715,0.0,1,-0.029346287,0.009268736
coco500/000000007574.jpg,bowl,0.4167,0.2429,0.0,1,0.00817363,0.26961532
coco500/000000007574.jpg,bowl,0.3867,0.158,0.0,1,-0.055906683,0.0006125777
coco500/000000007574.jpg,bowl,0.3717,0.1842,0.0,1,-0.06004925,0.0005488416
coco500/000000007574.jpg,cup,0.365,0.2091,0.0,0,-0.003570944,0.04946949
coco500/000000007574.jpg,book,0.3447,0.1934,0.0,0,-0.050518677,0.0014949096
coco500/000000007574.jpg,bowl,0.344,0.2292,0.0,1,-0.008742034,0.07504097
coco500/000000007574.jpg,book,0.3391,0.2065,0.0,0,-0.014057264,0.059637707
coco500/000000007574.jpg,cup,0.3371,0.2166,0.0,0,0.020783082,0.5131529
coco500/000000007574.jpg,cup,0.3331,0.2006,0.0,0,-0.0460563,0.004430552
coco500/000000007574.jpg,cup,0.3276,0.168,0.0,0,-0.016390517,0.019508163
coco500/000000007574.jpg,oven,0.3207,0.1644,0.0,1,-0.04968247,0.0013644916
coco500/000000007795.jpg,bed,0.6456,0.2209,1.0,1,0.050679818,0.9857837
coco500/000000007795.jpg,bed,0.5416,0.2346,0.0,1,0.044528544,0.9659312
coco500/000000007795.jpg,clock,0.3911,0.1802,0.0,1,-0.04007514,0.011014139
coco500/000000007816.jpg,motorcycle,0.843,0.2296,0.0,1,0.05105698,0.9799641
coco500/000000007816.jpg,person,0.8418,0.1992,0.0,1,-0.026822433,0.0493578
coco500/000000007816.jpg,person,0.7781,0.1678,0.0,1,-0.05161324,0.0056202444
coco500/000000007816.jpg,person,0.727,0.212,0.0,1,0.0043631196,0.14147137
coco500/000000007816.jpg,person,0.7049,0.2103,0.0,1,-0.0044956654,0.07412357
coco500/000000007816.jpg,person,0.6585,0.2104,0.0,1,0.0049898922,0.16829121
coco500/000000007816.jpg,person,0.6333,0.2047,0.0,1,-0.0037108958,0.117379725
coco500/000000007816.jpg,person,0.5613,0.2141,0.0,1,-0.005665958,0.12116184
coco500/000000007816.jpg,person,0.488,0.2015,0.0,1,-0.016564071,0.043474764
coco500/000000007816.jpg,person,0.3969,0.2007,0.0,1,-0.014151171,0.031079901
coco500/000000007816.jpg,person,0.3687,0.1763,0.0,1,-0.0068229735,0.03601861
coco500/000000007818.jpg,vase,0.7377,0.2448,0.0,1,0.016175121,0.7858339
coco500/000000007818.jpg,wine glass,0.6591,0.2279,0.0,1,-0.0010835677,0.24449196
coco500/000000007818.jpg,wine glass,0.6447,0.2151,0.0,1,-0.018808007,0.037771985
coco500/000000007818.jpg,wine glass,0.6394,0.2131,0.0,1,-0.03737031,0.007137734
coco500/000000007818.jpg,chair,0.5894,0.2068,0.0,1,-0.008816138,0.035145827
coco500/000000007818.jpg,knife,0.5149,0.2108,1.0,1,0.004194647,0.16722104
coco500/000000007818.jpg,dining table,0.4213,0.1803,1.0,1,-0.052000374,0.0026411973
coco500/000000007818.jpg,potted plant,0.3813,0.1945,0.0,0,-0.037523538,0.022356857
coco500/000000007818.jpg,fork,0.3443,0.1998,0.0,1,-0.011680007,0.05737253
coco500/000000007818.jpg,chair,0.3032,0.2103,1.0,1,-0.0032983571,0.03566926
coco500/000000007888.jpg,clock,0.6949,0.2444,0.0,1,0.05790679,0.9743422
coco500/000000007888.jpg,clock,0.6467,0.2375,0.0,1,0.06471889,0.98488486
coco500/000000007888.jpg,clock,0.3129,0.2366,0.0,1,0.06702049,0.99073726
coco500/000000007977.jpg,person,0.78,0.1782,0.0,1,0.006114602,0.17250341
coco500/000000007977.jpg,person,0.3797,0.2032,0.0,1,-0.013635471,0.028594783
coco500/000000007977.jpg,car,0.3157,0.2156,0.0,0,-0.0021097064,0.14400862
coco500/000000007977.jpg,person,0.3056,0.1752,0.0,1,-0.015592098,0.019726198
coco500/000000007977.jpg,person,0.3025,0.2086,0.0,1,0.004302174,0.1705965
coco500/000000007991.jpg,knife,0.5491,0.2426,1.0,1,0.0027986616,0.25167856
coco500/000000007991.jpg,scissors,0.5068,0.2015,0.0,0,-0.021410346,0.023560384
coco500/000000007991.jpg,car,0.4578,0.1292,0.0,0,-0.116042376,8.786833e-06
coco500/000000007991.jpg,cup,0.3849,0.2639,1.0,0,0.019017518,0.66616327
coco500/000000007991.jpg,car,0.3492,0.1562,0.0,0,-0.11829841,6.4139763e-06
coco500/000000007991.jpg,car,0.3421,0.1741,0.0,0,-0.08381866,0.000190894
coco500/000000007991.jpg,car,0.3392,0.1653,0.0,0,-0.10882783,1.811646e-05
coco500/000000007991.jpg,car,0.3308,0.1698,0.0,0,-0.09609929,6.408594e-05
coco500/000000007991.jpg,oven,0.3198,0.1971,1.0,0,-0.06909929,0.0009053918
coco500/000000007991.jpg,dining table,0.3174,0.145,1.0,0,-0.12121709,5.352591e-06
coco500/000000007991.jpg,car,0.3114,0.1676,0.0,0,-0.09355241,7.848759e-05
coco500/000000007991.jpg,car,0.3058,0.1617,0.0,0,-0.11127882,1.2951598e-05
coco500/000000007991.jpg,car,0.3013,0.1674,0.0,0,-0.059185103,0.0006897228
coco500/000000008021.jpg,person,0.8593,0.1821,0.0,1,0.006856993,0.33058727
coco500/000000008021.jpg,tie,0.8551,0.2786,0.0,1,0.052753195,0.9657508
coco500/000000008021.jpg,person,0.8528,0.197,1.0,1,0.005497709,0.23894735
coco500/000000008021.jpg,person,0.8418,0.2245,1.0,1,0.023314282,0.48971877
coco500/000000008211.jpg,person,0.9287,0.1947,0.0,1,0.013455883,0.52901876
coco500/000000008211.jpg,person,0.9157,0.2225,0.0,1,0.016602173,0.66176224
coco500/000000008211.jpg,motorcycle,0.4668,0.2498,0.0,1,0.04817526,0.96914726
coco500/000000008211.jpg,handbag,0.4547,0.2045,0.0,0,-0.016296253,0.112603426
coco500/000000008211.jpg,motorcycle,0.4045,0.2551,0.0,1,0.042168155,0.96718353
coco500/000000008211.jpg,potted plant,0.374,0.1615,0.0,0,-0.032249674,0.004667491
coco500/000000008211.jpg,chair,0.3298,0.1851,0.0,1,-0.008552313,0.09858343
coco500/000000008211.jpg,chair,0.3189,0.203,0.0,1,-0.015306309,0.034084655
coco500/000000008277.jpg,fork,0.6196,0.2152,1.0,1,0.0069665015,0.2760082
coco500/000000008277.jpg,bowl,0.5595,0.1823,0.0,1,-0.05446118,0.004045887
coco500/000000008277.jpg,dining table,0.3525,0.1533,1.0,0,-0.047823012,0.004678961
coco500/000000008277.jpg,broccoli,0.3398,0.2438,0.0,1,0.017918885,0.7473471
coco500/000000008532.jpg,person,0.7944,0.1654,1.0,1,0.017698437,0.40425965
coco500/000000008532.jpg,tie,0.7402,0.2328,1.0,1,0.015426129,0.5027934
coco500/000000008629.jpg,pizza,0.6237,0.2676,0.0,1,0.043820113,0.9716914
coco500/000000008629.jpg,pizza,0.6178,0.2505,0.0,1,0.043816924,0.9762206
coco500/000000008629.jpg,fork,0.5906,0.244,0.0,1,0.019962743,0.54763186
coco500/000000008629.jpg,pizza,0.5777,0.2656,0.0,1,0.06292531,0.9906805
coco500/000000008629.jpg,pizza,0.5508,0.2612,0.0,1,0.052187026,0.9821905
coco500/000000008629.jpg,pizza,0.5439,0.2666,0.0,1,0.049271032,0.97705096
coco500/000000008629.jpg,pizza,0.4855,0.2581,0.0,1,0.037585944,0.95433635
coco500/000000008629.jpg,knife,0.4673,0.252,0.0,0,0.03195542,0.8405223
coco500/000000008690.jpg,person,0.7971,0.2076,0.0,1,-0.04259537,0.0044531906
coco500/000000008690.jpg,person,0.7902,0.168,0.0,1,-0.01232481,0.12335094
coco500/000000008690.jpg,dog,0.6626,0.1901,1.0,0,0.006721273,0.4458262
coco500/000000008690.jpg,person,0.5258,0.1354,0.0,1,-0.016732335,0.059281845
coco500/000000008690.jpg,dog,0.4121,0.1683,1.0,0,-0.0027277917,0.0870678
coco500/000000008762.jpg,car,0.5124,0.2344,1.0,1,0.015920237,0.5628504
coco500/000000008844.jpg,person,0.8502,0.1552,0.0,1,-0.044533566,0.011263036
coco500/000000008844.jpg,person,0.6479,0.2052,0.0,1,-0.00423038,0.030344194
coco500/000000008844.jpg,banana,0.6012,0.1924,1.0,1,-0.011858657,0.051850628
coco500/000000008844.jpg,banana,0.4289,0.2566,0.0,1,0.060467333,0.98877966
coco500/000000008844.jpg,banana,0.3085,0.2474,0.0,1,0.053567603,0.9812391
coco500/000000008844.jpg,person,0.3072,0.2153,0.0,1,0.011403546,0.18021354
coco500/000000008899.jpg,bicycle,0.4854,0.2443,0.0,1,0.016732186,0.4651954
coco500/000000009378.jpg,person,0.8544,0.1819,0.0,1,0.007408425,0.49404758
coco500/000000009378.jpg,person,0.6547,0.1895,0.0,1,0.004495859,0.09138938
coco500/000000009378.jpg,person,0.5199,0.2036,0.0,1,0.022985682,0.40394515
coco500/000000009378.jpg,person,0.5036,0.2148,0.0,1,0.020592049,0.3774359
coco500/000000009378.jpg,person,0.4717,0.1915,0.0,1,-0.012979314,0.017122878
coco500/000000009378.jpg,remote,0.4372,0.2144,0.0,0,-0.026131466,0.013929256
coco500/000000009378.jpg,person,0.3661,0.2256,0.0,1,0.014389083,0.18629523
coco500/000000009378.jpg,person,0.3402,0.1569,0.0,1,-0.042045414,0.004378348
coco500/000000009378.jpg,person,0.3289,0.2109,0.0,1,0.010834947,0.15576753
coco500/000000009400.jpg,person,0.7907,0.1987,0.0,1,0.015410408,0.44731352
coco500/000000009400.jpg,laptop,0.7832,0.2365,0.0,1,0.025343686,0.5430203
coco500/000000009400.jpg,cup,0.742,0.2169,0.0,1,-0.016831085,0.037787832
coco500/000000009400.jpg,laptop,0.7188,0.2546,1.0,1,0.019387633,0.76632875
coco500/000000009400.jpg,laptop,0.7031,0.2598,1.0,1,0.038903534,0.9319451
coco500/000000009400.jpg,keyboard,0.6655,0.1949,1.0,1,-0.009844631,0.032703333
coco500/000000009400.jpg,cup,0.6574,0.2354,1.0,1,0.029640093,0.8046394
coco500/000000009400.jpg,person,0.6334,0.1902,1.0,1,0.018099755,0.39655608
coco500/000000009400.jpg,bottle,0.6276,0.2441,0.0,0,0.040044293,0.8895222
coco500/000000009400.jpg,person,0.6085,0.1984,1.0,1,-0.018503755,0.02527717
coco500/000000009400.jpg,person,0.5931,0.189,0.0,1,0.005819097,0.34097433
coco500/000000009400.jpg,person,0.5876,0.2222,0.0,1,0.009193182,0.18448669
coco500/000000009400.jpg,cup,0.564,0.1676,0.0,1,-0.017056197,0.014137425
coco500/000000009400.jpg,laptop,0.5366,0.1991,1.0,1,-0.024989948,0.02501406
coco500/000000009400.jpg,bottle,0.5287,0.2532,0.0,0,0.031798124,0.8191663
coco500/000000009400.jpg,laptop,0.5162,0.2324,0.0,1,-0.000347659,0.13545826
coco500/000000009400.jpg,laptop,0.505,0.2106,1.0,1,-0.00941886,0.04403045
coco500/000000009400.jpg,mouse,0.5035,0.2253,0.0,1,0.026864082,0.84878933
coco500/000000009400.jpg,person,0.477,0.1931,0.0,1,-0.007954285,0.06451511
coco500/000000009400.jpg,cup,0.4614,0.2158,0.0,1,-0.006000623,0.062837675
coco500/000000009400.jpg,person,0.4131,0.1782,1.0,1,-0.020334885,0.019836007
coco500/000000009400.jpg,person,0.4067,0.1953,0.0,1,-0.004776418,0.036917288
coco500/000000009400.jpg,tv,0.3874,0.2255,0.0,0,0.002783835,0.19886757
coco500/000000009400.jpg,cup,0.3465,0.261,0.0,1,0.022498727,0.7520251
coco500/000000009400.jpg,cell phone,0.3381,0.1776,0.0,0,-0.040299892,0.0027924674
coco500/000000009400.jpg,person,0.3375,0.2015,0.0,1,0.016098917,0.23127386
coco500/000000009400.jpg,person,0.3319,0.2065,0.0,1,0.015909493,0.23458843
coco500/000000009400.jpg,person,0.3143,0.2147,1.0,1,-0.010196269,0.027097268
coco500/000000009448.jpg,person,0.9086,0.1646,0.0,1,-0.016233027,0.039952073
coco500/000000009448.jpg,umbrella,0.6291,0.1658,1.0,1,-0.018204108,0.05183537
coco500/000000009448.jpg,cake,0.3965,0.2019,0.0,0,-0.011036068,0.04767269
coco500/000000009448.jpg,tie,0.373,0.1757,0.0,0,-0.048830926,0.0045329775
coco500/000000009483.jpg,person,0.9302,0.2035,1.0,1,0.0010050386,0.3462984
coco500/000000009483.jpg,mouse,0.9233,0.2404,0.0,1,0.041274622,0.92240524
coco500/000000009483.jpg,keyboard,0.8814,0.2517,0.0,1,0.01140964,0.40260497
coco500/000000009483.jpg,tv,0.8545,0.2571,0.0,1,0.020823777,0.6944187
coco500/000000009483.jpg,tie,0.8106,0.2527,0.0,0,0.05709815,0.9874358
coco500/000000009483.jpg,person,0.6915,0.2195,0.0,1,0.022720918,0.44325536
coco500/000000009483.jpg,laptop,0.5596,0.199,0.0,0,-0.025724009,0.037854422
coco500/000000009483.jpg,chair,0.5544,0.2125,0.0,0,0.0012983233,0.13448183
coco500/000000009483.jpg,chair,0.5345,0.2729,0.0,0,0.047846496,0.96540123
coco500/000000009483.jpg,chair,0.4991,0.235,0.0,0,0.020913199,0.45797235
coco500/000000009483.jpg,chair,0.4318,0.2029,0.0,0,-0.015841156,0.02414965
coco500/000000009483.jpg,chair,0.3317,0.2529,0.0,0,0.021872923,0.6037837
coco500/000000009590.jpg,person,0.881,0.197,0.0,1,0.022113085,0.48746678
coco500/000000009590.jpg,person,0.8645,0.17,0.0,1,0.002319783,0.17354056
coco500/000000009590.jpg,person,0.8617,0.191,1.0,1,-0.027965844,0.034241956
coco500/000000009590.jpg,person,0.7887,0.1779,0.0,1,-0.013496846,0.12398226
coco500/000000009590.jpg,bottle,0.7788,0.2332,0.0,1,0.017492369,0.47545233
coco500/000000009590.jpg,bottle,0.7763,0.2261,0.0,1,0.025091603,0.53862756
coco500/000000009590.jpg,cup,0.7756,0.2432,0.0,1,0.037612006,0.86242574
coco500/000000009590.jpg,clock,0.7072,0.2406,0.0,1,0.0559756,0.97922784
coco500/000000009590.jpg,cup,0.673,0.219,0.0,1,-0.008558035,0.11518718
coco500/000000009590.jpg,bowl,0.612,0.2771,0.0,1,0.03539549,0.9211602
coco500/000000009590.jpg,bowl,0.5801,0.1995,0.0,1,-0.025930524,0.04012154
coco500/000000009590.jpg,cup,0.48,0.2063,0.0,1,-0.012417033,0.092099674
coco500/000000009590.jpg,person,0.4783,0.1792,1.0,1,0.00055478513,0.1597701
coco500/000000009590.jpg,dining table,0.4653,0.2278,0.0,1,0.0088367015,0.3352424
coco500/000000009590.jpg,bowl,0.438,0.1742,0.0,1,-0.013253927,0.013210929
coco500/000000009590.jpg,bowl,0.4309,0.1993,0.0,1,-0.0100967735,0.05725235
coco500/000000009590.jpg,cup,0.4181,0.2386,0.0,1,0.008450791,0.47491413
coco500/000000009590.jpg,bowl,0.415,0.1888,0.0,1,-0.018664896,0.02154156
coco500/000000009590.jpg,cup,0.4103,0.1954,0.0,1,0.02914244,0.6086202
coco500/000000009590.jpg,cup,0.4044,0.2052,0.0,1,-0.019923836,0.04583209
coco500/000000009590.jpg,knife,0.3893,0.1676,0.0,0,-0.014051348,0.020456862
coco500/000000009590.jpg,bowl,0.3794,0.1836,0.0,1,-0.0152596235,0.024550952
coco500/000000009590.jpg,remote,0.3683,0.1964,0.0,0,-0.063409984,0.0016477092
coco500/000000009590.jpg,cup,0.3657,0.2107,0.0,1,-0.00074210763,0.108961076
coco500/000000009590.jpg,bowl,0.3489,0.217,0.0,1,0.010038346,0.27993017
coco500/000000009590.jpg,cup,0.3442,0.199,0.0,1,-0.017090067,0.035213333
coco500/000000009590.jpg,bottle,0.3199,0.199,0.0,1,0.0027609617,0.07704566
coco500/000000009590.jpg,spoon,0.3156,0.1954,0.0,1,-0.0029118806,0.08302269
coco500/000000009590.jpg,bowl,0.3073,0.2097,0.0,1,-0.020099238,0.03336641
coco500/000000009590.jpg,bowl,0.3063,0.1982,0.0,1,-0.012582019,0.033026088
coco500/000000009590.jpg,fork,0.3056,0.2227,0.0,0,-0.012494832,0.12299592
coco500/000000009769.jpg,person,0.7307,0.2102,0.0,1,0.010044068,0.25253117
coco500/000000009769.jpg,truck,0.7172,0.2107,0.0,1,0.022781849,0.85845137
coco500/000000009769.jpg,car,0.3649,0.207,0.0,0,-0.016854867,0.0149382595
coco500/000000009772.jpg,person,0.7642,0.2118,0.0,1,0.0011657327,0.18547449
coco500/000000009772.jpg,tv,0.7605,0.2578,0.0,1,0.018962175,0.78470254
coco500/000000009772.jpg,sink,0.6129,0.1754,0.0,1,-0.025952145,0.00709153
coco500/000000009772.jpg,sink,0.6128,0.1833,0.0,1,-0.088191554,0.00013907984
coco500/000000009772.jpg,cell phone,0.4091,0.1544,0.0,0,-0.02821529,0.008229643
coco500/000000009891.jpg,person,0.9041,0.2085,0.0,1,-0.041505605,0.010762175
coco500/000000009891.jpg,person,0.8995,0.1993,0.0,1,0.012010053,0.30366448
coco500/000000009891.jpg,suitcase,0.6604,0.2494,0.0,1,-0.03464842,0.023299148
coco500/000000009891.jpg,suitcase,0.5658,0.2661,0.0,1,0.00036346912,0.3444328
coco500/000000009891.jpg,tie,0.5297,0.201,0.0,1,-0.0057674646,0.025857566
coco500/000000009891.jpg,car,0.5213,0.168,0.0,1,-0.034467906,0.0035407173
coco500/000000009891.jpg,car,0.4927,0.2317,1.0,1,0.038619578,0.9209971
coco500/000000009891.jpg,backpack,0.4877,0.2487,0.0,1,0.016655684,0.6958223
coco500/000000009891.jpg,person,0.458,0.1981,0.0,1,-0.024721786,0.0139897615
coco500/000000009891.jpg,backpack,0.4194,0.2324,0.0,1,-0.0043335706,0.20011795
coco500/000000009891.jpg,car,0.3904,0.187,0.0,1,-0.026364788,0.010612846
coco500/000000009891.jpg,car,0.385,0.1909,0.0,1,-0.017091006,0.025410593
coco500/000000009891.jpg,backpack,0.365,0.2277,0.0,1,0.011723757,0.34430754
coco500/000000009891.jpg,suitcase,0.3495,0.2152,0.0,1,-0.01240848,0.019336762
coco500/000000009891.jpg,car,0.3478,0.239,0.0,1,0.00065359473,0.23841576
coco500/000000009914.jpg,sandwich,0.6283,0.2369,0.0,1,0.023840696,0.7944418
coco500/000000009914.jpg,bowl,0.5755,0.2432,1.0,1,0.015719905,0.32320136
coco500/000000009914.jpg,bowl,0.5433,0.2159,1.0,1,-0.009999901,0.07336616
coco500/000000009914.jpg,sandwich,0.5301,0.2404,1.0,1,0.027146712,0.8215436
coco500/000000009914.jpg,knife,0.4376,0.2045,1.0,1,-0.02413565,0.01796473
coco500/000000009914.jpg,dining table,0.3607,0.1918,1.0,1,0.0018362552,0.43978077
coco500/000000009914.jpg,sandwich,0.3128,0.2117,0.0,1,-0.012970597,0.06313831
coco500/000000010092.jpg,dining table,0.5469,0.2419,1.0,1,-0.003687203,0.18241845
coco500/000000010092.jpg,bed,0.4011,0.252,0.0,1,0.048871845,0.98581725
coco500/000000010092.jpg,chair,0.3498,0.1996,1.0,1,-0.009515226,0.03410168
coco500/000000010363.jpg,cat,0.8736,0.2306,0.0,1,0.047410488,0.9194727
coco500/000000010363.jpg,car,0.74,0.1639,1.0,1,-0.07255462,0.00066728453
coco500/000000010363.jpg,bicycle,0.4986,0.1968,1.0,1,-0.009458303,0.022135073
coco500/000000010363.jpg,bottle,0.3918,0.1979,0.0,1,-0.026598692,0.015488305
coco500/000000010363.jpg,chair,0.3891,0.2308,0.0,0,-0.002309531,0.290463
coco500/000000010363.jpg,bottle,0.3634,0.2,0.0,1,-0.0057302713,0.03967895
coco500/000000010363.jpg,bottle,0.3371,0.2247,0.0,1,-0.008633554,0.08963207
coco500/000000010363.jpg,bottle,0.3252,0.2264,0.0,1,-0.0019317567,0.12311952
coco500/000000010363.jpg,bottle,0.3028,0.2101,0.0,1,-0.020801619,0.05602769
coco500/000000010583.jpg,knife,0.5456,0.2522,1.0,1,0.007373601,0.46016666
coco500/000000010583.jpg,dining table,0.4406,0.1443,1.0,1,-0.052427664,0.002139249
coco500/000000010583.jpg,sandwich,0.3667,0.1847,0.0,1,0.010359928,0.4501567
coco500/000000010707.jpg,person,0.8901,0.1993,1.0,1,0.008543402,0.14130813
coco500/000000010707.jpg,bottle,0.7863,0.2367,0.0,1,0.03411275,0.7999681
coco500/000000010707.jpg,remote,0.7631,0.2238,0.0,1,-0.002099365,0.16018806
coco500/000000010707.jpg,person,0.7385,0.1864,0.0,1,-0.0068112314,0.14780676
coco500/000000010707.jpg,laptop,0.7218,0.2639,0.0,1,0.027033836,0.8114754
coco500/000000010707.jpg,couch,0.6663,0.1799,1.0,1,-0.01813522,0.011709201
coco500/000000010707.jpg,cup,0.6532,0.2382,0.0,1,0.01330705,0.46785888
coco500/000000010707.jpg,person,0.6212,0.2083,0.0,1,0.014892653,0.26471332
coco500/000000010707.jpg,bottle,0.6187,0.2252,0.0,1,0.02414611,0.7066024
coco500/000000010707.jpg,dining table,0.4924,0.2489,1.0,1,0.036015093,0.94067323
coco500/000000010707.jpg,remote,0.4899,0.1984,0.0,1,-0.039905474,0.007388673
coco500/000000010707.jpg,bottle,0.4846,0.2018,0.0,1,0.007943511,0.35093358
coco500/000000010707.jpg,bottle,0.4791,0.2206,0.0,1,-0.0051291287,0.12099588
coco500/000000010707.jpg,knife,0.4743,0.2081,0.0,0,-0.0065998137,0.13361938
coco500/000000010707.jpg,bottle,0.4669,0.2051,0.0,1,-0.002635628,0.15369631
coco500/000000010707.jpg,car,0.4584,0.2069,1.0,0,-0.030995354,0.008387828
coco500/000000010707.jpg,bottle,0.4487,0.2053,0.0,1,0.014769882,0.48149192
coco500/000000010707.jpg,bottle,0.4285,0.2087,0.0,1,-0.004161507,0.16506325
coco500/000000010707.jpg,bottle,0.4205,0.1995,0.0,1,0.008228123,0.35140884
coco500/000000010707.jpg,backpack,0.3993,0.1758,0.0,1,-0.04704252,0.003180935
coco500/000000010707.jpg,cell phone,0.3919,0.1793,0.0,0,-0.050032333,0.002708554
coco500/000000010707.jpg,car,0.377,0.1738,1.0,0,-0.018161431,0.014160117
coco500/000000010707.jpg,bowl,0.371,0.1763,0.0,0,-0.04314007,0.005374705
coco500/000000010707.jpg,bottle,0.3347,0.2247,0.0,1,0.021346569,0.5808877
coco500/000000010707.jpg,couch,0.3144,0.2362,1.0,1,0.00076022744,0.23383309
coco500/000000010764.jpg,person,0.7798,0.1527,0.0,1,-0.018299595,0.10514232
coco500/000000010977.jpg,toilet,0.5639,0.2605,0.0,1,0.03782788,0.8865449
coco500/000000010977.jpg,sink,0.5599,0.2115,0.0,1,0.002004549,0.09633334
coco500/000000010977.jpg,bottle,0.5359,0.2072,0.0,0,-0.00648205,0.040127452
coco500/000000010977.jpg,bottle,0.3861,0.2163,0.0,0,0.0064885765,0.30081266
coco500/000000010995.jpg,bed,0.4346,0.2632,1.0,1,0.033652425,0.8922732
coco500/000000011051.jpg,tie,0.881,0.2166,0.0,1,0.00081542134,0.09005278
coco500/000000011051.jpg,person,0.8367,0.1716,1.0,1,-0.0058573484,0.20235445
coco500/000000011051.jpg,person,0.7933,0.1755,0.0,1,0.003918171,0.299416
coco500/000000011149.jpg,person,0.8858,0.2114,1.0,1,0.0065194517,0.11999708
coco500/000000011149.jpg,bicycle,0.8787,0.2551,0.0,1,0.03044033,0.9434227
coco500/000000011149.jpg,bicycle,0.8417,0.241,0.0,1,0.03489472,0.9503345
coco500/000000011149.jpg,motorcycle,0.759,0.2385,1.0,1,0.03218244,0.8890304
coco500/000000011149.jpg,person,0.3571,0.1995,1.0,1,-0.06777325,0.0011078159
coco500/000000011149.jpg,handbag,0.3322,0.226,0.0,0,0.017122298,0.7622311
coco500/000000011197.jpg,person,0.8972,0.2098,0.0,1,0.008854985,0.31066397
coco500/000000011197.jpg,person,0.8743,0.2128,0.0,1,-0.025164023,0.0691229
coco500/000000011197.jpg,person,0.8392,0.1776,0.0,1,-0.025348336,0.037027597
coco500/000000011197.jpg,car,0.7905,0.2312,0.0,1,0.043810964,0.9163615
coco500/000000011197.jpg,person,0.7222,0.2103,0.0,1,-0.00012917817,0.079157606
coco500/000000011197.jpg,bicycle,0.6973,0.2251,0.0,1,0.013677686,0.71845293
coco500/000000011197.jpg,car,0.6387,0.2356,0.0,1,0.017964125,0.36329222
coco500/000000011197.jpg,car,0.6043,0.165,0.0,1,-0.017112851,0.015016472
coco500/000000011197.jpg,backpack,0.438,0.1842,0.0,1,-0.011034131,0.02352613
coco500/000000011197.jpg,bench,0.3792,0.1752,0.0,0,-0.051525384,0.0033123593
coco500/000000011197.jpg,handbag,0.3375,0.2134,0.0,0,-0.03129044,0.038364194
coco500/000000011197.jpg,car,0.3284,0.2549,0.0,1,0.029477999,0.68860555
coco500/000000011197.jpg,car,0.3175,0.236,1.0,1,-0.0035357028,0.11823108
coco500/000000011511.jpg,person,0.8452,0.1873,0.0,1,-0.0036009848,0.18756443
coco500/000000011511.jpg,person,0.8249,0.2008,0.0,1,0.005658388,0.16810149
coco500/000000011511.jpg,person,0.8076,0.1876,0.0,1,0.00044065714,0.15059134
coco500/000000011511.jpg,person,0.7355,0.1962,0.0,1,-0.0039995015,0.16272576
coco500/000000011511.jpg,person,0.6697,0.2001,0.0,1,-0.004480064,0.12220295
coco500/000000011511.jpg,person,0.5205,0.1813,0.0,1,-0.0065517128,0.03067821
coco500/000000011511.jpg,bench,0.5046,0.1923,0.0,1,-0.037757397,0.019306466
coco500/000000011511.jpg,handbag,0.5033,0.2634,0.0,1,0.061918393,0.99590117
coco500/000000011511.jpg,motorcycle,0.3566,0.1898,0.0,1,-0.04147154,0.002725523
coco500/000000011699.jpg,person,0.8755,0.1925,0.0,1,0.004539624,0.43489
coco500/000000011699.jpg,person,0.8599,0.1873,1.0,1,0.013503313,0.41609707
coco500/000000011699.jpg,suitcase,0.7998,0.2749,1.0,1,0.034113705,0.9616588
coco500/000000011699.jpg,person,0.7544,0.1779,1.0,1,0.010895401,0.2601479
coco500/000000011699.jpg,handbag,0.554,0.2056,0.0,1,-0.008760542,0.17987034
coco500/000000011699.jpg,handbag,0.5054,0.2462,1.0,1,7.390976e-05,0.4787955
coco500/000000011699.jpg,cell phone,0.3431,0.1886,1.0,0,-0.020758301,0.012736856
coco500/000000011699.jpg,cell phone,0.3244,0.1654,0.0,0,-0.031497285,0.008822487
coco500/000000011699.jpg,handbag,0.3156,0.2172,0.0,1,-0.0052828044,0.08961625
coco500/000000011813.jpg,laptop,0.7631,0.2352,1.0,1,0.017673522,0.55057484
coco500/000000011813.jpg,chair,0.5207,0.2195,1.0,1,-0.018330008,0.096729934
coco500/000000011813.jpg,refrigerator,0.4201,0.2114,1.0,0,0.007050976,0.113881096
coco500/000000011813.jpg,refrigerator,0.3192,0.1665,1.0,0,-0.021319747,0.00700588
coco500/000000012062.jpg,sports ball,0.469,0.2267,1.0,1,0.019554898,0.40494072
coco500/000000012120.jpg,person,0.8375,0.1843,0.0,1,0.0010039508,0.24948284
coco500/000000012120.jpg,person,0.7748,0.1769,0.0,1,-0.0096229315,0.20098361
coco500/000000012120.jpg,sports ball,0.6963,0.1888,0.0,1,-0.01683104,0.026324255
coco500/000000012120.jpg,person,0.6796,0.1971,0.0,1,0.009658009,0.2785624
coco500/000000012120.jpg,person,0.6684,0.1914,0.0,1,-0.0037469417,0.271424
coco500/000000012120.jpg,person,0.591,0.1766,0.0,1,-0.033548772,0.021702144
coco500/000000012120.jpg,person,0.58,0.1929,0.0,1,-0.0139243305,0.070132785
coco500/000000012120.jpg,person,0.4506,0.1881,0.0,1,0.0046484917,0.17158677
coco500/000000012120.jpg,person,0.4425,0.1855,0.0,1,-0.0122651905,0.08243267
coco500/000000012120.jpg,chair,0.4115,0.2184,0.0,1,0.0029572397,0.21480459
coco500/000000012120.jpg,person,0.4052,0.1775,0.0,1,0.0020078123,0.15925927
coco500/000000012120.jpg,chair,0.3944,0.1943,0.0,1,7.303059e-05,0.17525552
coco500/000000012120.jpg,chair,0.3923,0.2057,0.0,1,0.0014679879,0.15897948
coco500/000000012120.jpg,person,0.3717,0.1987,0.0,1,0.0059795976,0.27275252
coco500/000000012120.jpg,chair,0.3615,0.1912,0.0,1,-0.004521176,0.11643401
coco500/000000012120.jpg,person,0.3611,0.1528,0.0,1,0.0003630072,0.087230384
coco500/000000012120.jpg,person,0.3564,0.1794,0.0,1,-0.010448813,0.093534864
coco500/000000012120.jpg,chair,0.344,0.1827,0.0,1,-0.0062660873,0.09759758
coco500/000000012120.jpg,chair,0.3394,0.1989,0.0,1,-0.0047673583,0.13403632
coco500/000000012120.jpg,chair,0.334,0.1892,0.0,1,-0.0055880994,0.11621349
coco500/000000012120.jpg,chair,0.3231,0.1865,0.0,1,-0.008535191,0.090202026
coco500/000000012120.jpg,chair,0.322,0.1897,0.0,1,-0.012523651,0.11668578
coco500/000000012120.jpg,person,0.3204,0.1669,0.0,1,-0.009416759,0.0473391
coco500/000000012120.jpg,chair,0.3148,0.2133,0.0,1,0.006476864,0.4400375
coco500/000000012120.jpg,person,0.3137,0.1935,0.0,1,0.012410894,0.39295512
coco500/000000012120.jpg,sports ball,0.3096,0.1831,0.0,1,-0.02052714,0.044692576
coco500/000000012120.jpg,person,0.3084,0.1678,0.0,1,-0.010824069,0.06495794
coco500/000000012120.jpg,chair,0.3079,0.1881,0.0,1,-0.0050708055,0.11545964
coco500/000000012120.jpg,chair,0.3067,0.1523,0.0,1,-0.026694521,0.007901916
coco500/000000012120.jpg,chair,0.3065,0.1965,0.0,1,-0.008204848,0.024374403
coco500/000000012120.jpg,chair,0.3054,0.262,0.0,1,0.030228496,0.83880854
coco500/000000012120.jpg,person,0.3039,0.1766,0.0,1,-0.018705934,0.027493801
coco500/000000012280.jpg,person,0.8832,0.2097,0.0,1,-0.027258873,0.041947197
coco500/000000012280.jpg,suitcase,0.6559,0.262,0.0,1,0.010888606,0.5680351
coco500/000000012280.jpg,tv,0.6385,0.2039,1.0,1,-0.005083844,0.19336326
coco500/000000012280.jpg,person,0.4181,0.2053,0.0,1,-0.023425698,0.012291508
coco500/000000012280.jpg,person,0.307,0.1876,0.0,1,-0.015273929,0.053374328
coco500/000000012576.jpg,cup,0.8578,0.2328,0.0,1,-0.0119472295,0.10588502
coco500/000000012576.jpg,cup,0.8404,0.2146,0.0,1,-0.029974774,0.0284901
coco500/000000012576.jpg,tv,0.8091,0.2524,1.0,1,0.029563606,0.8426453
coco500/000000012576.jpg,pizza,0.7717,0.2532,1.0,1,0.057207093,0.98942554
coco500/000000012576.jpg,cup,0.7337,0.2124,0.0,1,-0.014027685,0.05326357
coco500/000000012576.jpg,pizza,0.7268,0.1954,0.0,1,-0.05452937,0.0023859974
coco500/000000012576.jpg,fork,0.6831,0.2786,1.0,1,0.046273127,0.9852879
coco500/000000012576.jpg,cup,0.6344,0.231,0.0,1,-0.0059193373,0.08718249
coco500/000000012576.jpg,pizza,0.626,0.2069,1.0,1,-0.021416292,0.023461225
coco500/000000012576.jpg,knife,0.5628,0.244,1.0,1,-0.041007325,0.015366816
coco500/000000012576.jpg,cup,0.5283,0.2162,0.0,1,-0.003475055,0.06564177
coco500/000000012576.jpg,fork,0.4904,0.2003,1.0,1,-0.003983751,0.118464656
coco500/000000012576.jpg,dining table,0.3702,0.1866,1.0,1,-0.06980389,0.0008959192
coco500/000000012576.jpg,person,0.3599,0.2013,0.0,1,-0.0035773069,0.21251623
coco500/000000012576.jpg,vase,0.3459,0.2068,0.0,0,-0.0047341436,0.038678437
coco500/000000012576.jpg,chair,0.3099,0.1566,0.0,0,-0.0785335,0.00021929057
coco500/000000012576.jpg,knife,0.3067,0.2271,0.0,1,-0.0039153546,0.25802115
coco500/000000012576.jpg,potted plant,0.3031,0.2256,0.0,0,-0.033221394,0.02280643
coco500/000000012639.jpg,person,0.8487,0.2068,0.0,1,0.0056839585,0.23848118
coco500/000000012639.jpg,person,0.8366,0.2028,0.0,1,0.011018932,0.37731576
coco500/000000012639.jpg,person,0.7347,0.1627,0.0,1,-0.028077394,0.041384358
coco500/000000012639.jpg,person,0.5825,0.2106,0.0,1,0.0156793,0.3032889
coco500/000000012639.jpg,person,0.5752,0.1796,0.0,1,0.009573519,0.21774934
coco500/000000012639.jpg,person,0.4879,0.2009,0.0,1,0.020381853,0.35379928
coco500/000000012639.jpg,chair,0.4632,0.1892,0.0,0,-0.02800563,0.010571823
coco500/000000012639.jpg,person,0.4593,0.1613,0.0,1,0.0065965354,0.18695194
coco500/000000012639.jpg,person,0.4559,0.2153,0.0,1,0.0066946894,0.3872564
coco500/000000012639.jpg,person,0.4512,0.1829,0.0,1,-0.012475327,0.049579576
coco500/000000012639.jpg,bench,0.4425,0.1903,0.0,0,-0.009949446,0.025401795
coco500/000000012639.jpg,person,0.4382,0.2075,0.0,1,-0.0025055856,0.15643685
coco500/000000012639.jpg,sports ball,0.4324,0.218,0.0,0,0.008338362,0.17584479
coco500/000000012639.jpg,person,0.4242,0.1981,0.0,1,0.0026541352,0.07683795
coco500/000000012639.jpg,backpack,0.4095,0.2227,0.0,0,0.039455146,0.93800503
coco500/000000012639.jpg,person,0.4016,0.1919,0.0,1,0.002170071,0.076865315
coco500/000000012639.jpg,person,0.3833,0.1934,0.0,1,-0.003834024,0.08431095
coco500/000000012639.jpg,person,0.3702,0.2043,0.0,1,0.011049196,0.32822388
coco500/000000012639.jpg,person,0.3639,0.2065,0.0,1,0.0018963963,0.19669314
coco500/000000012639.jpg,person,0.3556,0.1785,0.0,1,-0.003864348,0.067359716
coco500/000000012639.jpg,bottle,0.3359,0.2487,0.0,0,0.018164635,0.4444114
coco500/000000012639.jpg,bottle,0.3316,0.2168,0.0,0,-0.00692074,0.05170111
coco500/000000012667.jpg,banana,0.6774,0.2844,0.0,1,0.05832781,0.9884586
coco500/000000012670.jpg,teddy bear,0.7768,0.2358,0.0,1,0.05584851,0.98361236
coco500/000000012670.jpg,person,0.5478,0.2068,1.0,1,-0.026410326,0.05291858
coco500/000000012670.jpg,person,0.536,0.214,1.0,1,0.0012128055,0.41562495
coco500/000000012670.jpg,person,0.5265,0.1813,1.0,1,-0.0065517128,0.03067821
coco500/000000012670.jpg,person,0.5247,0.2136,1.0,1,0.03936468,0.7924575
coco500/000000012670.jpg,person,0.5174,0.2006,0.0,1,0.00048932433,0.25609857
coco500/000000012670.jpg,backpack,0.517,0.2125,0.0,1,0.0027286857,0.19342355
coco500/000000012670.jpg,backpack,0.5108,0.2188,1.0,1,0.0071383864,0.27785525
coco500/000000012670.jpg,person,0.5086,0.1843,0.0,1,-0.01883027,0.03263814
coco500/000000012670.jpg,person,0.4964,0.2166,1.0,1,0.033492982,0.69403166
coco500/000000012670.jpg,person,0.4362,0.1986,1.0,1,0.003995955,0.08129197
coco500/000000012670.jpg,person,0.4321,0.2053,0.0,1,0.0019717813,0.08744239
coco500/000000012670.jpg,person,0.4162,0.1707,0.0,1,-0.05052772,0.006257
coco500/000000012670.jpg,person,0.4127,0.1984,0.0,1,2.399087e-05,0.08790482
coco500/000000012670.jpg,handbag,0.4116,0.1809,0.0,1,-0.036697924,0.009587843
coco500/000000012670.jpg,handbag,0.407,0.1835,0.0,1,-0.01199384,0.024713105
coco500/000000012670.jpg,person,0.3999,0.2041,0.0,1,0.0125911385,0.20659429
coco500/000000012670.jpg,person,0.3901,0.2144,0.0,1,0.0033601671,0.25466266
coco500/000000012670.jpg,person,0.378,0.212,1.0,1,0.011902019,0.40379778
coco500/000000012670.jpg,backpack,0.3683,0.1936,0.0,1,-0.0072878897,0.19362275
coco500/000000012670.jpg,person,0.3662,0.2035,0.0,1,-0.0077492893,0.07349241
coco500/000000012670.jpg,backpack,0.3613,0.21,1.0,1,-0.00540483,0.10257155
coco500/000000012670.jpg,handbag,0.3296,0.1591,0.0,1,-0.028733239,0.010105569
coco500/000000012670.jpg,person,0.3284,0.2115,1.0,1,0.0133354515,0.2543033
coco500/000000012670.jpg,handbag,0.3248,0.1934,0.0,1,-0.016582042,0.017566705
coco500/000000012670.jpg,person,0.3193,0.2126,0.0,1,-0.0055443496,0.18709448
coco500/000000012670.jpg,person,0.3095,0.1813,0.0,1,-0.0065517128,0.03067821
coco500/000000012670.jpg,person,0.3093,0.2141,1.0,1,-0.012862787,0.10615477
coco500/000000012670.jpg,person,0.3076,0.1846,0.0,1,0.003709823,0.2557836
coco500/000000012670.jpg,cell phone,0.3072,0.2094,0.0,1,-0.017221078,0.054484457
coco500/000000012670.jpg,person,0.3064,0.2107,0.0,1,0.011655733,0.2944724
coco500/000000012670.jpg,person,0.3049,0.2103,0.0,1,0.0051050335,0.15086903
coco500/000000012670.jpg,handbag,0.3025,0.1801,0.0,1,-0.03009826,0.009787763
coco500/000000012670.jpg,cell phone,0.3014,0.2238,0.0,1,0.014675334,0.5999405
coco500/000000012670.jpg,backpack,0.3005,0.1777,0.0,1,-0.019717649,0.009299507
coco500/000000012748.jpg,person,0.6809,0.1675,1.0,1,0.013000771,0.27675724
coco500/000000013004.jpg,banana,0.7246,0.2512,0.0,1,0.044173285,0.9460607
coco500/000000013004.jpg,dining table,0.5648,0.1793,1.0,1,-0.08344689,0.00022584591
coco500/000000013177.jpg,person,0.9199,0.1815,0.0,1,0.0129559785,0.37246117
coco500/000000013177.jpg,motorcycle,0.6548,0.2484,1.0,1,0.03594351,0.9501756
coco500/000000013177.jpg,bicycle,0.4507,0.1584,1.0,1,-0.040557966,0.0056700176
coco500/000000013177.jpg,motorcycle,0.3235,0.1791,1.0,1,-0.06737214,0.00080743263
coco500/000000013201.jpg,person,0.737,0.1785,0.0,1,0.009356707,0.3685863
coco500/000000013291.jpg,person,0.8351,0.1936,0.0,1,-0.021339104,0.0965723
coco500/000000013291.jpg,person,0.8182,0.1935,1.0,1,-0.022814557,0.046725027
coco500/000000013291.jpg,person,0.8115,0.1814,0.0,1,-0.013477147,0.13752687
coco500/000000013291.jpg,person,0.7226,0.1956,0.0,1,-0.01238656,0.19155212
coco500/000000013291.jpg,person,0.4045,0.2078,0.0,1,0.006210655,0.25401497
coco500/000000013348.jpg,person,0.6281,0.2209,0.0,1,-0.006329462,0.1205519
coco500/000000013348.jpg,person,0.6258,0.1881,0.0,1,-0.03144285,0.014898349
coco500/000000013348.jpg,person,0.5968,0.1853,0.0,1,-0.031107485,0.019586965
coco500/000000013348.jpg,truck,0.4151,0.2206,0.0,1,0.016866833,0.54536456
coco500/000000013348.jpg,car,0.3839,0.2172,0.0,0,-0.010311335,0.16328704
coco500/000000013348.jpg,person,0.357,0.1752,0.0,1,-0.007908821,0.0353554
coco500/000000013348.jpg,truck,0.3375,0.2305,0.0,1,0.022409037,0.7065191
coco500/000000013348.jpg,truck,0.3163,0.1564,0.0,1,-0.029892623,0.011207921
coco500/000000013546.jpg,person,0.8787,0.1691,0.0,1,0.007492915,0.15349598
coco500/000000013546.jpg,person,0.7712,0.2013,0.0,1,0.015923545,0.2342914
coco500/000000013546.jpg,bench,0.7687,0.1753,0.0,1,-0.035939783,0.0077151447
coco500/000000013546.jpg,bench,0.7145,0.2322,0.0,1,-0.00047561526,0.12507929
coco500/000000013546.jpg,bench,0.6754,0.1808,0.0,1,-0.008420885,0.03309237
coco500/000000013546.jpg,bench,0.6743,0.1914,0.0,1,-0.02951242,0.021137604
coco500/000000013546.jpg,car,0.5447,0.1434,0.0,0,-0.036842585,0.0040670997
coco500/000000013597.jpg,cake,0.795,0.2343,0.0,1,0.049055964,0.9704056
coco500/000000013659.jpg,person,0.9239,0.1941,0.0,1,0.008145332,0.30711335
coco500/000000013659.jpg,person,0.8716,0.2134,1.0,1,0.0024265647,0.14470176
coco500/000000013659.jpg,person,0.8423,0.2026,0.0,1,-0.023836076,0.05811149
coco500/000000013659.jpg,person,0.8383,0.2188,0.0,1,0.0081297755,0.3958503
coco500/000000013659.jpg,chair,0.7807,0.2756,0.0,1,0.043515205,0.9463189
coco500/000000013659.jpg,chair,0.7783,0.2742,0.0,1,0.052235648,0.979884
coco500/000000013659.jpg,laptop,0.7484,0.184,0.0,1,-0.007795334,0.08819313
coco500/000000013659.jpg,chair,0.7472,0.2196,0.0,1,-0.007830009,0.10364737
coco500/000000013659.jpg,laptop,0.7424,0.2424,0.0,1,0.021771014,0.865222
coco500/000000013659.jpg,cup,0.7326,0.2223,0.0,1,-0.0075641572,0.1658066
coco500/000000013659.jpg,tv,0.7284,0.2191,0.0,1,-0.006491065,0.19636932
coco500/000000013659.jpg,chair,0.7058,0.2294,0.0,1,0.0054247975,0.28555706
coco500/000000013659.jpg,chair,0.593,0.2347,0.0,1,0.021582589,0.4232634
coco500/000000013659.jpg,chair,0.5414,0.2181,1.0,1,-0.031375438,0.009599842
coco500/000000013659.jpg,keyboard,0.4584,0.205,0.0,0,-0.01729843,0.10156147
coco500/000000013659.jpg,backpack,0.4071,0.2133,0.0,0,-0.0037709177,0.055516973
coco500/000000013659.jpg,bottle,0.3972,0.2365,1.0,0,-0.0004966259,0.24000104
coco500/000000013659.jpg,tv,0.3871,0.208,0.0,1,-0.005833626,0.14655432
coco500/000000013659.jpg,cell phone,0.3766,0.1914,0.0,0,-0.042676747,0.0052820356
coco500/000000013659.jpg,dining table,0.3751,0.194,0.0,1,-0.040582865,0.0031532403
coco500/000000013659.jpg,chair,0.3566,0.1929,0.0,1,-0.019421265,0.016299736
coco500/000000013659.jpg,cup,0.336,0.1805,0.0,1,-0.017884985,0.020231348
coco500/000000013659.jpg,cup,0.3358,0.2123,0.0,1,-0.0054313987,0.0657007
coco500/000000013659.jpg,keyboard,0.3133,0.1885,0.0,0,-0.01560615,0.01203778
coco500/000000013729.jpg,person,0.8848,0.2004,0.0,1,0.013760507,0.26526356
coco500/000000013729.jpg,person,0.8331,0.2061,0.0,1,0.01331991,0.2865859
coco500/000000013729.jpg,person,0.8161,0.202,0.0,1,3.5390258e-05,0.21908335
coco500/000000013729.jpg,bottle,0.7825,0.2238,0.0,1,0.018363386,0.56811583
coco500/000000013729.jpg,bottle,0.7732,0.233,0.0,1,0.029730186,0.68912095
coco500/000000013729.jpg,remote,0.6947,0.165,0.0,1,-0.036665156,0.0041602664
coco500/000000013729.jpg,person,0.6241,0.2012,0.0,1,-0.0057877153,0.057626665
coco500/000000013729.jpg,couch,0.6171,0.1644,0.0,1,-0.028792992,0.011478246
coco500/000000013729.jpg,remote,0.5418,0.1512,0.0,1,-0.019198999,0.018371604
coco500/000000013729.jpg,backpack,0.4369,0.2025,1.0,0,-0.016673505,0.033967804
coco500/000000013729.jpg,dining table,0.4338,0.1658,1.0,1,-0.030123964,0.0030846947
coco500/000000013729.jpg,dining table,0.3613,0.2374,1.0,1,0.029882088,0.8231061
coco500/000000013729.jpg,person,0.3552,0.2091,0.0,1,0.009192109,0.15196668
coco500/000000013729.jpg,remote,0.328,0.1815,0.0,1,-0.007820442,0.02791261
coco500/000000013729.jpg,person,0.3019,0.2058,0.0,1,0.010025576,0.1273199
coco500/000000013774.jpg,person,0.8998,0.2058,0.0,1,-0.0018423498,0.25436804
coco500/000000013923.jpg,couch,0.8306,0.2539,0.0,1,0.03414032,0.9409502
coco500/000000013923.jpg,tv,0.8273,0.2563,0.0,1,0.025340825,0.8679983
coco500/000000013923.jpg,chair,0.7999,0.2712,1.0,1,0.0074092746,0.64224046
coco500/000000013923.jpg,chair,0.7608,0.2515,0.0,1,0.06437503,0.9920712
coco500/000000013923.jpg,chair,0.6694,0.1986,1.0,1,-0.031690106,0.010471828
coco500/000000013923.jpg,chair,0.6491,0.262,0.0,1,0.049485862,0.9779875
coco500/000000013923.jpg,vase,0.6469,0.2334,0.0,1,0.009042174,0.28890038
coco500/000000013923.jpg,dining table,0.6422,0.1855,0.0,1,-0.047749862,0.004161028
coco500/000000013923.jpg,potted plant,0.6256,0.2305,0.0,1,-0.022662371,0.090656124
coco500/000000013923.jpg,vase,0.5319,0.235,0.0,1,0.007981762,0.42579073
coco500/000000013923.jpg,potted plant,0.5178,0.1636,0.0,1,-0.020742953,0.007157863
coco500/000000013923.jpg,potted plant,0.4932,0.2573,0.0,1,0.028802246,0.8962543
coco500/000000013923.jpg,chair,0.4524,0.2285,0.0,1,-0.0065858066,0.094702825
coco500/000000013923.jpg,book,0.4273,0.2047,0.0,0,-0.0036029369,0.086233035
coco500/000000013923.jpg,clock,0.38,0.1914,0.0,0,-0.036906943,0.010751617
coco500/000000013923.jpg,potted plant,0.3461,0.2111,0.0,1,-0.0131879,0.08442401
coco500/000000013923.jpg,clock,0.3409,0.1832,0.0,0,-0.029687867,0.006516675
coco500/000000013923.jpg,bottle,0.3291,0.1951,0.0,1,-0.007095054,0.070124544
coco500/000000013923.jpg,potted plant,0.3121,0.2448,0.0,1,0.013330504,0.49001238
coco500/000000013923.jpg,potted plant,0.3061,0.2411,0.0,1,0.022723138,0.58365667
coco500/000000014007.jpg,cat,0.849,0.2089,0.0,1,0.048478395,0.92278117
coco500/000000014007.jpg,refrigerator,0.6021,0.2627,1.0,1,0.04377407,0.97187346
coco500/000000014007.jpg,oven,0.3132,0.2115,1.0,0,-0.02593866,0.04450637
coco500/000000014038.jpg,refrigerator,0.733,0.1665,1.0,1,-0.021319747,0.00700588
coco500/000000014038.jpg,cell phone,0.6275,0.1799,1.0,1,-0.025360659,0.009177411
coco500/000000014038.jpg,bottle,0.5361,0.2239,0.0,1,0.016117424,0.43919054
coco500/000000014038.jpg,bottle,0.5098,0.2117,0.0,1,0.0031395704,0.35410455
coco500/000000014038.jpg,bed,0.501,0.2211,0.0,1,-0.015353173,0.05072911
coco500/000000014038.jpg,microwave,0.484,0.2236,0.0,1,0.0044332743,0.19615363
coco500/000000014038.jpg,microwave,0.4376,0.2805,0.0,1,-0.0022121072,0.33425263
coco500/000000014038.jpg,potted plant,0.4194,0.2085,0.0,1,0.014286563,0.43094867
coco500/000000014038.jpg,bowl,0.4125,0.186,0.0,0,-0.013839945,0.010857026
coco500/000000014038.jpg,chair,0.3952,0.2126,0.0,1,-0.0052991062,0.03730407
coco500/000000014038.jpg,bottle,0.3552,0.2448,0.0,1,0.0030145943,0.18730944
coco500/000000014038.jpg,book,0.341,0.2152,0.0,1,0.027142063,0.5590213
coco500/000000014038.jpg,remote,0.34,0.1932,0.0,0,-0.0108053535,0.019677125
coco500/000000014038.jpg,book,0.3326,0.2098,0.0,1,0.0019934475,0.11641221
coco500/000000014038.jpg,book,0.3321,0.2275,0.0,1,0.02832584,0.8016069
coco500/000000014038.jpg,book,0.3264,0.2247,0.0,1,0.02939938,0.7672526
coco500/000000014038.jpg,book,0.3126,0.2554,0.0,1,0.032180995,0.8430587
coco500/000000014038.jpg,book,0.309,0.2004,0.0,1,-0.028341502,0.009831121
coco500/000000014038.jpg,book,0.3051,0.2294,0.0,1,0.01850146,0.3852209
coco500/000000014038.jpg,sports ball,0.3033,0.2057,0.0,0,-0.003409028,0.24565946
coco500/000000014038.jpg,potted plant,0.3023,0.2281,0.0,1,0.016121387,0.4281407
coco500/000000014038.jpg,book,0.3005,0.2214,0.0,1,0.025287464,0.65379494
coco500/000000014226.jpg,laptop,0.8515,0.2654,0.0,1,0.03957753,0.96607256
coco500/000000014226.jpg,person,0.7601,0.1681,0.0,1,-0.024539053,0.065681264
coco500/000000014226.jpg,chair,0.5937,0.1475,0.0,1,-0.03492348,0.008550802
coco500/000000014226.jpg,chair,0.5069,0.2137,1.0,1,-0.022877306,0.022048732
coco500/000000014226.jpg,chair,0.397,0.2118,1.0,1,-0.004526973,0.07020397
coco500/000000014226.jpg,tie,0.351,0.2072,0.0,0,-0.00080017745,0.05239018
coco500/000000014226.jpg,dining table,0.3438,0.1763,1.0,1,-0.06991124,0.0008102159
coco500/000000014380.jpg,car,0.6012,0.2157,0.0,1,0.03713438,0.88376945
coco500/000000014439.jpg,person,0.8513,0.196,0.0,1,0.0006470084,0.26160127
coco500/000000014439.jpg,person,0.7928,0.1981,0.0,1,0.011597589,0.28696507
coco500/000000014439.jpg,person,0.7463,0.1826,0.0,1,-0.0073187053,0.11805259
coco500/000000014439.jpg,person,0.7179,0.2122,0.0,1,-0.0049604475,0.12794414
coco500/000000014439.jpg,person,0.6883,0.213,0.0,1,0.019689232,0.4252187
coco500/000000014439.jpg,person,0.6701,0.1821,0.0,1,-0.0024624914,0.18839826
coco500/000000014439.jpg,person,0.6654,0.1733,0.0,1,-0.023075089,0.038146436
coco500/000000014439.jpg,person,0.642,0.1659,0.0,1,-0.008862585,0.10046404
coco500/000000014439.jpg,person,0.6277,0.1886,0.0,1,-0.025127038,0.045012787
coco500/000000014439.jpg,person,0.6252,0.215,0.0,1,0.007662177,0.18436728
coco500/000000014439.jpg,chair,0.5865,0.1801,0.0,1,-0.021088123,0.039633308
coco500/000000014439.jpg,person,0.5779,0.1678,0.0,1,-0.026651084,0.007286696
coco500/000000014439.jpg,chair,0.5441,0.1932,0.0,1,-0.010828286,0.018298825
coco500/000000014439.jpg,person,0.5423,0.1732,0.0,1,0.0033347756,0.079927236
coco500/000000014439.jpg,person,0.5271,0.2089,0.0,1,-0.0041351765,0.15690981
coco500/000000014439.jpg,person,0.5132,0.2084,0.0,1,-0.001899004,0.052333303
coco500/000000014439.jpg,backpack,0.4465,0.1694,0.0,1,-0.027429461,0.008094228
coco500/000000014439.jpg,person,0.4106,0.1866,0.0,1,-0.005692184,0.049543306
coco500/000000014439.jpg,backpack,0.4063,0.1714,0.0,1,-0.028276443,0.011730163
coco500/000000014439.jpg,backpack,0.3939,0.1743,0.0,1,-0.01830636,0.0128107155
coco500/000000014439.jpg,backpack,0.3749,0.2118,0.0,1,-0.0038273185,0.057669226
coco500/000000014439.jpg,backpack,0.3332,0.2234,0.0,1,0.009290725,0.21097182
coco500/000000014439.jpg,person,0.3208,0.1986,0.0,1,-0.0058320463,0.03035136
coco500/000000014439.jpg,person,0.3173,0.1982,0.0,1,0.0025786757,0.079199
coco500/000000014439.jpg,person,0.3164,0.1981,0.0,1,-0.0015134662,0.040602297
coco500/000000014439.jpg,person,0.3121,0.2054,0.0,1,0.0071471334,0.111500025
coco500/000000014439.jpg,backpack,0.3102,0.1735,0.0,1,-0.015950322,0.01056755
coco500/000000014473.jpg,person,0.7803,0.1907,0.0,1,-0.015714139,0.09573581
coco500/000000014473.jpg,person,0.7788,0.1831,0.0,1,-0.04351008,0.006848664
coco500/000000014473.jpg,person,0.7668,0.2076,0.0,1,-0.002463162,0.3321078
coco500/000000014473.jpg,person,0.7651,0.1769,0.0,1,-0.008592889,0.11261744
coco500/000000014473.jpg,person,0.764,0.1819,0.0,1,-0.00579381,0.1620683
coco500/000000014473.jpg,person,0.7573,0.1967,0.0,1,0.0019503385,0.34048027
coco500/000000014473.jpg,person,0.7372,0.1951,0.0,1,-0.006511688,0.24710624
coco500/000000014831.jpg,cat,0.7544,0.2338,1.0,1,0.0318332,0.8044806
coco500/000000014831.jpg,bed,0.349,0.1917,1.0,1,-0.04153222,0.0065744766
coco500/000000015079.jpg,knife,0.657,0.25,0.0,1,-0.015809715,0.090978056
coco500/000000015079.jpg,sandwich,0.5534,0.2352,0.0,1,0.058132112,0.9909452
coco500/000000015079.jpg,sandwich,0.5292,0.2505,0.0,1,0.051290333,0.9804521
coco500/000000015079.jpg,dining table,0.3178,0.1675,1.0,0,-0.08634651,0.00017617826
coco500/000000015254.jpg,bowl,0.6179,0.1724,0.0,1,-0.0011293143,0.18289724
coco500/000000015254.jpg,bowl,0.5937,0.1975,1.0,1,-0.00065654516,0.29054615
coco500/000000015254.jpg,bowl,0.5719,0.1958,0.0,1,-0.012714505,0.06460898
coco500/000000015254.jpg,bowl,0.5331,0.1705,0.0,1,-0.124423265,3.8361623e-06
coco500/000000015254.jpg,spoon,0.4573,0.2095,0.0,1,-0.014845863,0.038029306
coco500/000000015254.jpg,car,0.4267,0.1836,0.0,0,-0.102995604,3.3268912e-05
coco500/000000015254.jpg,dining table,0.4108,0.1559,1.0,0,-0.012964204,0.09721967
coco500/000000015254.jpg,car,0.4096,0.1974,0.0,0,-0.09018785,0.000104318875
coco500/000000015254.jpg,car,0.378,0.1993,0.0,0,-0.081467286,0.00021596203
coco500/000000015254.jpg,car,0.345,0.1862,0.0,0,-0.094564185,7.7034914e-05
coco500/000000015254.jpg,car,0.3433,0.1858,0.0,0,-0.043275222,0.0032760513
coco500/000000015254.jpg,spoon,0.3127,0.2054,0.0,1,-0.005189568,0.03893596
coco500/000000015278.jpg,broccoli,0.4479,0.2457,0.0,1,0.06413868,0.9900153
coco500/000000015278.jpg,sandwich,0.4372,0.1937,1.0,0,-0.022770137,0.03197849
coco500/000000015278.jpg,broccoli,0.4117,0.2673,1.0,1,0.061672553,0.97989136
coco500/000000015278.jpg,broccoli,0.3946,0.2598,0.0,1,0.07575464,0.9967739
coco500/000000015278.jpg,broccoli,0.3682,0.2585,1.0,1,0.06647465,0.9894036
coco500/000000015278.jpg,broccoli,0.3681,0.2433,1.0,1,0.070495114,0.99700063
coco500/000000015278.jpg,broccoli,0.359,0.2441,0.0,1,0.062009662,0.98945343
coco500/000000015278.jpg,broccoli,0.3367,0.2285,0.0,1,0.037866175,0.9342495
coco500/000000015278.jpg,broccoli,0.3359,0.2336,0.0,1,0.048875853,0.9553106
coco500/000000015278.jpg,broccoli,0.3252,0.2258,0.0,1,0.022909388,0.59290165
coco500/000000015335.jpg,person,0.837,0.1846,1.0,1,-0.00640212,0.041336257
coco500/000000015335.jpg,person,0.7064,0.1937,0.0,1,-0.012709409,0.028003229
coco500/000000015335.jpg,person,0.6899,0.1923,0.0,1,-0.012323946,0.026789615
coco500/000000015335.jpg,cup,0.5386,0.2103,1.0,1,-0.0027181357,0.056334157
coco500/000000015335.jpg,person,0.4925,0.1819,0.0,1,-0.002982393,0.07616171
coco500/000000015335.jpg,person,0.4915,0.2128,0.0,1,0.0142992735,0.31782305
coco500/000000015335.jpg,person,0.4818,0.2085,0.0,1,-0.018183053,0.021142056
coco500/000000015335.jpg,person,0.4379,0.2229,0.0,1,0.014193594,0.42073303
coco500/000000015335.jpg,person,0.4144,0.2081,1.0,1,0.025974736,0.61132896
coco500/000000015335.jpg,person,0.4087,0.2122,0.0,1,-0.0039213896,0.08295333
coco500/000000015335.jpg,dining table,0.317,0.1895,1.0,0,-0.031148732,0.0039032248
coco500/000000015338.jpg,bus,0.8719,0.2615,0.0,1,0.05787167,0.99036014
coco500/000000015338.jpg,bus,0.8624,0.2549,0.0,1,0.06220348,0.99252456
coco500/000000015338.jpg,car,0.6867,0.2422,0.0,1,0.027299404,0.70555913
coco500/000000015338.jpg,truck,0.5182,0.2025,0.0,1,-0.011354327,0.058719497
coco500/000000015338.jpg,truck,0.4405,0.2223,1.0,1,-0.0036217868,0.22983564
coco500/000000015440.jpg,bus,0.6759,0.1794,0.0,1,-0.037274644,0.0046718013
coco500/000000015440.jpg,car,0.4241,0.1912,0.0,0,-0.008305922,0.028389221
coco500/000000015440.jpg,person,0.325,0.2087,0.0,0,0.002090603,0.08811627
coco500/000000015497.jpg,mouse,0.8556,0.2585,0.0,1,-0.008304805,0.27826485
coco500/000000015497.jpg,cat,0.8374,0.2195,0.0,1,0.028413609,0.8583125
coco500/000000015517.jpg,bus,0.8015,0.245,0.0,1,0.048098326,0.9645574
coco500/000000015517.jpg,bus,0.798,0.2568,1.0,1,0.05626984,0.97811913
coco500/000000015517.jpg,bus,0.6741,0.2413,0.0,1,0.05157426,0.9759158
coco500/000000015517.jpg,bus,0.662,0.2598,0.0,1,0.062092543,0.9894643
coco500/000000015517.jpg,bus,0.6383,0.2306,0.0,1,0.027634338,0.884368
coco500/000000015517.jpg,bus,0.608,0.2455,0.0,1,0.052132025,0.9748556
coco500/000000015517.jpg,bus,0.5869,0.1599,0.0,1,-0.023974776,0.005948797
coco500/000000015517.jpg,bus,0.5587,0.2113,0.0,1,-0.003130272,0.07094658
coco500/000000015517.jpg,bus,0.4915,0.2054,0.0,1,-0.025161669,0.02244404
coco500/000000015517.jpg,bus,0.4776,0.2476,0.0,1,0.04556024,0.94494814
coco500/000000015517.jpg,bus,0.4648,0.1731,0.0,1,-0.03915824,0.0037930072
coco500/000000015517.jpg,bus,0.4024,0.2307,0.0,1,0.039425135,0.90439427
coco500/000000015517.jpg,bus,0.3986,0.2018,0.0,1,-0.0030036569,0.0492899
coco500/000000015517.jpg,bus,0.3857,0.1807,0.0,1,-0.008455873,0.03133718
coco500/000000015517.jpg,bus,0.3335,0.2001,0.0,1,0.0029402971,0.10271243
coco500/000000015517.jpg,bus,0.3334,0.2469,0.0,1,0.025464147,0.6803359
coco500/000000015517.jpg,person,0.3272,0.2035,0.0,0,-0.03329274,0.017588641
coco500/000000015597.jpg,person,0.8143,0.1605,0.0,1,-0.022923082,0.060557004
coco500/000000015597.jpg,bicycle,0.4998,0.1912,0.0,1,-0.042738438,0.0035489623
coco500/000000015660.jpg,person,0.7454,0.1912,0.0,1,0.007831231,0.19334367
coco500/000000015751.jpg,bird,0.6001,0.2046,0.0,1,-0.018587738,0.01498988
coco500/000000015751.jpg,bird,0.5199,0.1718,0.0,1,-0.014731288,0.051554177
coco500/000000015751.jpg,bird,0.4934,0.2107,0.0,1,-0.023189574,0.029156066
coco500/000000015751.jpg,bird,0.4733,0.2262,1.0,1,-0.0014807582,0.25536188
coco500/000000015751.jpg,bench,0.3154,0.1807,1.0,0,-0.05824469,0.0013750466
coco500/000000015956.jpg,person,0.7926,0.2057,0.0,1,0.015319347,0.31931683
coco500/000000015956.jpg,clock,0.5304,0.2048,0.0,1,-0.003405124,0.16964176
coco500/000000015956.jpg,clock,0.4081,0.2029,0.0,1,-0.026797056,0.031012936
coco500/000000015956.jpg,chair,0.3815,0.2651,0.0,0,0.03637199,0.93737966
coco500/000000015956.jpg,bottle,0.35,0.2349,0.0,0,0.01214987,0.2359609
coco500/000000015956.jpg,vase,0.3329,0.2412,0.0,0,0.003547579,0.39930826
coco500/000000015956.jpg,chair,0.3068,0.233,0.0,0,0.014568299,0.3154339
coco500/000000016228.jpg,person,0.7526,0.1882,0.0,1,-0.021042466,0.053711448
coco500/000000016228.jpg,bench,0.7044,0.2783,0.0,1,0.042850256,0.9804022
coco500/000000016228.jpg,umbrella,0.5391,0.2196,0.0,1,0.018499926,0.3192712
coco500/000000016228.jpg,person,0.534,0.2129,0.0,1,0.021414325,0.34051442
coco500/000000016228.jpg,person,0.5131,0.2003,0.0,1,-0.0157841,0.033337574
coco500/000000016228.jpg,person,0.4944,0.207,0.0,1,0.0005464703,0.07313392
coco500/000000016228.jpg,person,0.4868,0.1813,0.0,1,-0.0065517128,0.03067821
coco500/000000016228.jpg,person,0.4855,0.1926,0.0,1,0.016127095,0.26179564
coco500/000000016228.jpg,person,0.484,0.1896,0.0,1,0.01587163,0.31692576
coco500/000000016228.jpg,person,0.4797,0.1936,0.0,1,0.006273523,0.14085075
coco500/000000016228.jpg,bench,0.4739,0.219,0.0,1,0.0026979148,0.0916973
coco500/000000016228.jpg,umbrella,0.4403,0.1904,0.0,1,-0.01533398,0.028512161
coco500/000000016228.jpg,person,0.4375,0.2019,0.0,1,0.00682655,0.1195077
coco500/000000016228.jpg,tie,0.427,0.2152,0.0,1,0.01873207,0.48277563
coco500/000000016228.jpg,umbrella,0.4096,0.2086,0.0,1,-0.032055616,0.009148739
coco500/000000016228.jpg,person,0.4088,0.1681,0.0,1,-0.029397294,0.012958116
coco500/000000016228.jpg,umbrella,0.4085,0.1984,0.0,1,-0.008647293,0.05107881
coco500/000000016228.jpg,person,0.4017,0.205,0.0,1,0.0076340735,0.16872643
coco500/000000016228.jpg,person,0.4006,0.2028,0.0,1,-0.0055649877,0.06783129
coco500/000000016228.jpg,umbrella,0.3918,0.1924,0.0,1,-0.010585338,0.036411706
coco500/000000016228.jpg,person,0.3908,0.1969,0.0,1,-0.019631222,0.023632634
coco500/000000016228.jpg,truck,0.386,0.1578,0.0,0,-0.024285272,0.0518471
coco500/000000016228.jpg,person,0.3837,0.188,0.0,1,0.0073993504,0.17502384
coco500/000000016228.jpg,person,0.3771,0.198,0.0,1,-0.02110143,0.055464093
coco500/000000016228.jpg,person,0.3755,0.1895,0.0,1,-0.005329162,0.05398159
coco500/000000016228.jpg,person,0.3602,0.1918,0.0,1,0.005199969,0.18253267
coco500/000000016228.jpg,person,0.3587,0.1813,0.0,1,-0.0065517128,0.030678213
coco500/000000016228.jpg,person,0.3492,0.1968,0.0,1,0.00076021254,0.06866484
coco500/000000016228.jpg,bench,0.3424,0.2368,0.0,1,0.010303348,0.35041815
coco500/000000016228.jpg,person,0.3368,0.1968,0.0,1,0.0025255382,0.11335815
coco500/000000016228.jpg,umbrella,0.3367,0.1714,0.0,1,-0.035786897,0.0061022993
coco500/000000016228.jpg,tie,0.3144,0.1932,0.0,1,-0.025049552,0.013326164
coco500/000000016228.jpg,person,0.3128,0.2103,0.0,1,0.007923409,0.09865072
coco500/000000016249.jpg,person,0.9067,0.1809,0.0,1,-0.015326709,0.096342444
coco500/000000016249.jpg,person,0.881,0.2085,0.0,1,0.012619525,0.50531834
coco500/000000016249.jpg,person,0.871,0.1838,0.0,1,-0.058206767,0.0029103535
coco500/000000016249.jpg,person,0.8289,0.2168,1.0,1,0.0077486485,0.2726178
coco500/000000016249.jpg,person,0.6118,0.2,1.0,1,-0.0040576756,0.08645583
coco500/000000016249.jpg,bench,0.492,0.2382,0.0,1,-0.006939158,0.25719935
coco500/000000016249.jpg,handbag,0.4399,0.1852,0.0,0,-0.036582038,0.004612917
coco500/000000016249.jpg,chair,0.4394,0.2262,0.0,1,0.0282128,0.695884
coco500/000000016249.jpg,chair,0.3874,0.2031,0.0,1,-0.0020890534,0.08700922
coco500/000000016249.jpg,bench,0.3781,0.2123,0.0,1,-0.021174997,0.0632239
coco500/000000016249.jpg,bench,0.3612,0.1686,0.0,1,-0.031043217,0.005511751
coco500/000000016249.jpg,chair,0.3461,0.2529,0.0,1,0.011843339,0.46842024
coco500/000000016249.jpg,bench,0.3015,0.1743,0.0,1,-0.025223017,0.01694235
coco500/000000016439.jpg,laptop,0.8157,0.2688,0.0,1,0.060794264,0.9923821
coco500/000000016439.jpg,wine glass,0.6366,0.2563,0.0,1,-0.0031029284,0.39234683
coco500/000000016439.jpg,cell phone,0.4121,0.2086,0.0,0,-0.030811176,0.015727872
coco500/000000016439.jpg,keyboard,0.4048,0.2629,0.0,0,0.015439108,0.7364874
coco500/000000016451.jpg,person,0.6664,0.1798,0.0,1,-0.0032025576,0.0746771
coco500/000000016451.jpg,chair,0.6383,0.1809,0.0,1,-0.01725185,0.01748416
coco500/000000016451.jpg,umbrella,0.6146,0.2607,0.0,1,0.038851127,0.92371136
coco500/000000016451.jpg,chair,0.6095,0.2455,0.0,1,0.008648306,0.5691082
coco500/000000016451.jpg,chair,0.5504,0.2192,0.0,1,0.0030335933,0.13969266
coco500/000000016451.jpg,handbag,0.3684,0.2357,1.0,1,0.0061617494,0.46116027
coco500/000000016451.jpg,handbag,0.3408,0.2554,0.0,1,0.0007366538,0.502321
coco500/000000016598.jpg,person,0.8842,0.1631,1.0,1,-0.039884403,0.017762193
coco500/000000016598.jpg,cell phone,0.778,0.2465,0.0,1,0.026393607,0.6983129
coco500/000000016598.jpg,tie,0.5483,0.2222,0.0,1,0.0089755505,0.18009496
coco500/000000016958.jpg,chair,0.7979,0.2489,1.0,1,0.035240546,0.90920925
coco500/000000016958.jpg,chair,0.7858,0.2734,0.0,1,0.053528503,0.97633684
coco500/000000016958.jpg,chair,0.7435,0.2812,0.0,1,0.046577096,0.9757154
coco500/000000016958.jpg,vase,0.593,0.2666,0.0,1,0.035885602,0.93193614
coco500/000000016958.jpg,book,0.5627,0.2396,0.0,1,0.032592505,0.8584058
coco500/000000016958.jpg,vase,0.5374,0.2576,0.0,1,0.030920804,0.87260675
coco500/000000016958.jpg,dining table,0.437,0.2441,1.0,0,0.01734659,0.7319166
coco500/000000016958.jpg,book,0.43,0.2391,0.0,1,0.023447976,0.67419434
coco500/000000016958.jpg,vase,0.4227,0.2097,0.0,1,-0.021319702,0.029578011
coco500/000000016958.jpg,person,0.3429,0.2057,0.0,0,0.009350821,0.4028752
coco500/000000017029.jpg,dog,0.8966,0.2196,0.0,1,0.030973867,0.89790785
coco500/000000017029.jpg,car,0.5607,0.1488,0.0,1,-0.069633394,0.0006771058
coco500/000000017029.jpg,car,0.3622,0.2072,1.0,1,-0.010300487,0.025271159
coco500/000000017029.jpg,car,0.3047,0.2118,0.0,1,0.023813471,0.61887807
coco500/000000017178.jpg,car,0.6017,0.24,1.0,1,0.0408732,0.9332565
coco500/000000017182.jpg,chair,0.596,0.2183,0.0,1,0.015262559,0.32634145
coco500/000000017182.jpg,apple,0.5649,0.2456,0.0,1,0.027277485,0.90988535
coco500/000000017182.jpg,book,0.5254,0.2391,0.0,1,0.03655766,0.7828544
coco500/000000017182.jpg,book,0.5049,0.2435,0.0,1,0.03556627,0.7513769
coco500/000000017182.jpg,chair,0.4927,0.2311,1.0,1,0.006615445,0.2195217
coco500/000000017182.jpg,book,0.4917,0.2249,0.0,1,0.038065925,0.88799554
coco500/000000017182.jpg,book,0.4803,0.2239,0.0,1,0.032948345,0.77821666
coco500/000000017182.jpg,book,0.4734,0.2258,0.0,1,0.039395005,0.8457962
coco500/000000017182.jpg,book,0.447,0.2351,0.0,1,0.04363005,0.8863817
coco500/000000017182.jpg,book,0.325,0.2327,0.0,1,0.03606093,0.8883772
coco500/000000017207.jpg,person,0.832,0.1973,1.0,1,-0.021801978,0.049671754
coco500/000000017207.jpg,bus,0.7876,0.2269,1.0,1,0.038021848,0.966205
coco500/000000017207.jpg,car,0.7191,0.1796,0.0,1,-0.022959352,0.0068276874
coco500/000000017207.jpg,motorcycle,0.6548,0.1848,1.0,1,-0.015113622,0.011772745
coco500/000000017207.jpg,truck,0.4196,0.2167,1.0,0,-0.018193454,0.10409716
coco500/000000017207.jpg,bus,0.3056,0.208,1.0,1,-0.009573311,0.025136996
coco500/000000017379.jpg,tv,0.8199,0.2196,0.0,1,0.03217545,0.9402598
coco500/000000017379.jpg,sink,0.6866,0.2157,1.0,1,-0.045467064,0.005806573
coco500/000000017379.jpg,sink,0.6326,0.2222,1.0,1,-0.027520508,0.020707563
coco500/000000017379.jpg,person,0.4415,0.1932,0.0,1,-0.038489923,0.020349907
coco500/000000017379.jpg,person,0.3772,0.1732,0.0,1,-0.0191409,0.060053907
coco500/000000017379.jpg,toilet,0.3217,0.1772,0.0,0,-0.04646805,0.005069945
coco500/000000017436.jpg,person,0.888,0.2036,0.0,1,0.00911735,0.48256224
coco500/000000017436.jpg,bench,0.7596,0.1798,0.0,1,-0.032054946,0.017027842
coco500/000000017436.jpg,bench,0.4797,0.2328,0.0,1,0.0075582564,0.41431314
coco500/000000017627.jpg,car,0.826,0.231,0.0,1,0.027354047,0.8867886
coco500/000000017627.jpg,car,0.8235,0.2181,0.0,1,0.037317097,0.8899967
coco500/000000017627.jpg,car,0.8233,0.2334,0.0,1,0.04958707,0.95073706
coco500/000000017627.jpg,car,0.7835,0.2362,1.0,1,0.040291756,0.85370135
coco500/000000017627.jpg,person,0.7701,0.1801,0.0,1,0.0059673786,0.16567853
coco500/000000017627.jpg,car,0.7691,0.2269,0.0,1,0.03436598,0.8187236
coco500/000000017627.jpg,car,0.7454,0.2556,0.0,1,0.041107982,0.9364651
coco500/000000017627.jpg,person,0.7437,0.1958,0.0,1,-0.00820899,0.07219578
coco500/000000017627.jpg,car,0.739,0.2278,0.0,1,0.039452866,0.8884647
coco500/000000017627.jpg,person,0.6391,0.2065,0.0,1,-0.016966641,0.018037446
coco500/000000017627.jpg,car,0.5332,0.2181,0.0,1,0.01651229,0.6178856
coco500/000000017627.jpg,car,0.4489,0.2384,0.0,1,0.018728584,0.7311297
coco500/000000017627.jpg,bus,0.4426,0.1869,1.0,1,-0.022131845,0.010857124
coco500/000000017627.jpg,car,0.3958,0.2278,0.0,1,0.024494052,0.80723464
coco500/000000017627.jpg,car,0.3842,0.226,0.0,1,0.020933181,0.667717
coco500/000000017627.jpg,person,0.3064,0.1855,0.0,1,-0.017051563,0.019279217
coco500/000000017627.jpg,handbag,0.3033,0.1818,0.0,0,-0.030802816,0.005424101
coco500/000000017714.jpg,cup,0.807,0.2341,0.0,1,0.037893474,0.9307573
coco500/000000017714.jpg,spoon,0.7556,0.2542,0.0,1,0.023179054,0.8024993
coco500/000000017714.jpg,knife,0.7407,0.2386,0.0,1,-0.019058123,0.110068984
coco500/000000017714.jpg,cup,0.7326,0.2134,0.0,1,-0.037063733,0.01878119
coco500/000000017714.jpg,fork,0.6974,0.2479,0.0,1,-0.006365657,0.17865153
coco500/000000017714.jpg,dining table,0.6626,0.1987,0.0,1,0.003840357,0.32249507
coco500/000000017714.jpg,fork,0.5866,0.2742,0.0,1,0.032038078,0.92162716
coco500/000000017714.jpg,pizza,0.4878,0.2264,0.0,1,-0.012895599,0.17907757
coco500/000000017714.jpg,banana,0.3462,0.2482,0.0,1,0.032185048,0.85947675
coco500/000000017899.jpg,person,0.9189,0.1807,1.0,1,-0.019541636,0.06638226
coco500/000000017899.jpg,cup,0.7732,0.2527,1.0,1,-0.001996994,0.3148912
coco500/000000017899.jpg,dining table,0.742,0.1853,1.0,1,-0.025153711,0.043301005
coco500/000000017899.jpg,couch,0.7216,0.2213,1.0,1,-0.0077854097,0.0698491
coco500/000000017899.jpg,cup,0.6937,0.2406,1.0,1,0.012537345,0.5064669
coco500/000000017899.jpg,pizza,0.542,0.2094,0.0,0,-0.039516985,0.014878628
coco500/000000017899.jpg,bottle,0.5201,0.2397,1.0,0,-9.6946955e-05,0.2988778
coco500/000000017899.jpg,chair,0.5115,0.1874,1.0,1,-0.022810996,0.02553174
coco500/000000017899.jpg,bowl,0.4919,0.1871,0.0,0,-0.051875502,0.0048389756
coco500/000000017899.jpg,cup,0.4583,0.2273,0.0,1,0.0114557445,0.31537074
coco500/000000017899.jpg,chair,0.3888,0.1857,0.0,1,-0.024058998,0.010736721
coco500/000000017899.jpg,chair,0.3658,0.181,0.0,1,-0.02310875,0.01026315
coco500/000000017899.jpg,book,0.3339,0.1936,1.0,0,-0.0022104383,0.103957415
coco500/000000017899.jpg,chair,0.3206,0.1699,1.0,1,-0.033200562,0.015149145
coco500/000000017899.jpg,chair,0.3003,0.201,0.0,1,-0.043941304,0.0075612757
coco500/000000017905.jpg,person,0.7592,0.212,0.0,1,0.02248083,0.5365664
coco500/000000017959.jpg,person,0.73,0.1897,0.0,1,-0.02636768,0.027733035
coco500/000000017959.jpg,person,0.6722,0.1912,0.0,1,-0.0010817349,0.049883544
coco500/000000017959.jpg,person,0.3402,0.1985,0.0,1,-0.0077400804,0.0638358
coco500/000000017959.jpg,person,0.3319,0.1913,0.0,1,-0.013605729,0.03208086
coco500/000000017959.jpg,person,0.3122,0.1901,0.0,1,-0.006088853,0.061474815
coco500/000000017959.jpg,person,0.3093,0.213,0.0,1,-0.0025125593,0.095653
coco500/000000017959.jpg,person,0.3086,0.204,0.0,1,-0.008763462,0.04437714
coco500/000000018150.jpg,person,0.8964,0.1781,1.0,1,-0.04417333,0.0115391845
coco500/000000018150.jpg,person,0.8751,0.167,1.0,1,-0.041561455,0.013583679
coco500/000000018150.jpg,pizza,0.7624,0.2546,0.0,1,0.05673361,0.986046
coco500/000000018150.jpg,bottle,0.7139,0.2374,0.0,1,0.035291955,0.9030795
coco500/000000018150.jpg,pizza,0.5123,0.2183,1.0,1,0.003127277,0.14025049
coco500/000000018150.jpg,bed,0.3343,0.2231,0.0,0,0.0042761713,0.22966707
coco500/000000018193.jpg,person,0.9062,0.1798,0.0,1,-0.022110254,0.02874512
coco500/000000018193.jpg,sandwich,0.4325,0.2167,0.0,0,-0.009432882,0.1413352
coco500/000000018193.jpg,chair,0.3352,0.2349,0.0,1,0.0032228231,0.17512858
coco500/000000018193.jpg,car,0.3098,0.1609,0.0,0,-0.07563558,0.00043444874
coco500/000000018491.jpg,person,0.6479,0.152,0.0,1,-0.043110266,0.009985282
coco500/000000018491.jpg,person,0.6314,0.2136,0.0,1,0.025295138,0.5235538
coco500/000000018491.jpg,person,0.628,0.1851,0.0,1,0.00666447,0.4514139
coco500/000000018491.jpg,person,0.6256,0.1691,0.0,1,-0.04237011,0.013064793
coco500/000000018491.jpg,person,0.606,0.1912,0.0,1,-0.0078983605,0.23322283
coco500/000000018491.jpg,person,0.5568,0.1904,0.0,1,-0.005479783,0.03329862
coco500/000000018491.jpg,person,0.5466,0.1813,0.0,1,-0.0065517128,0.03067821
coco500/000000018491.jpg,person,0.518,0.2012,0.0,1,0.0043628216,0.08651377
coco500/000000018491.jpg,person,0.4918,0.205,1.0,1,-0.00462386,0.060693737
coco500/000000018491.jpg,person,0.4716,0.1949,0.0,1,0.00028957427,0.17535985
coco500/000000018491.jpg,bench,0.3586,0.1792,1.0,1,-0.037770957,0.014305906
coco500/000000018519.jpg,person,0.8158,0.1838,0.0,1,-0.0054357946,0.15120451
coco500/000000018575.jpg,dining table,0.6116,0.2008,1.0,1,0.0028395057,0.4910317
coco500/000000018575.jpg,orange,0.5748,0.2281,0.0,0,0.0026080012,0.26737478
coco500/000000018575.jpg,bowl,0.5731,0.1915,0.0,1,-0.04310809,0.0067672296
coco500/000000018575.jpg,bottle,0.5596,0.238,0.0,1,0.0077699423,0.5563275
coco500/000000018575.jpg,bottle,0.558,0.2522,1.0,1,0.017373055,0.7361861
coco500/000000018575.jpg,sandwich,0.5313,0.2443,0.0,1,0.018238008,0.63686436
coco500/000000018575.jpg,bottle,0.5279,0.1494,0.0,1,-0.032368526,0.0046621063
coco500/000000018575.jpg,knife,0.5239,0.2333,1.0,1,0.0036140382,0.16455287
coco500/000000018575.jpg,bowl,0.4678,0.2025,0.0,1,-0.009312004,0.057993263
coco500/000000018575.jpg,cup,0.4473,0.2644,1.0,0,-0.016522914,0.15398684
coco500/000000018575.jpg,sandwich,0.4372,0.2175,1.0,1,-0.023331806,0.049250253
coco500/000000018737.jpg,motorcycle,0.8674,0.249,0.0,1,0.046621293,0.98755556
coco500/000000018770.jpg,person,0.8522,0.183,1.0,1,-0.004397437,0.25952026
coco500/000000018770.jpg,tie,0.6607,0.2876,0.0,1,0.062003314,0.9892424
coco500/000000018833.jpg,cat,0.6773,0.22,0.0,1,0.0458941,0.9539934
coco500/000000018837.jpg,person,0.8732,0.1935,0.0,1,-0.0071600527,0.13442089
coco500/000000018837.jpg,person,0.7958,0.2141,0.0,1,0.005756736,0.36642414
coco500/000000018837.jpg,person,0.7524,0.2032,1.0,1,-0.017917976,0.062861845
coco500/000000018837.jpg,truck,0.7145,0.2262,0.0,1,0.050482452,0.9819303
coco500/000000018837.jpg,car,0.5817,0.2096,0.0,1,-0.0034006536,0.14463706
coco500/000000018837.jpg,person,0.5359,0.1852,0.0,1,-0.0054584295,0.03665277
coco500/000000018837.jpg,person,0.467,0.2048,0.0,1,-0.023935929,0.06792945
coco500/000000018837.jpg,bus,0.4205,0.2261,1.0,0,-0.019551128,0.111359
coco500/000000018837.jpg,person,0.3691,0.2024,0.0,1,-0.04460551,0.0032033708
coco500/000000018837.jpg,bus,0.3588,0.2206,1.0,0,-0.015231356,0.036447875
coco500/000000019042.jpg,bird,0.7487,0.2286,0.0,1,0.029302746,0.74178517
coco500/000000019042.jpg,car,0.39,0.1912,0.0,1,-0.026404887,0.013625518
coco500/000000019042.jpg,bench,0.3891,0.1698,0.0,0,-0.028364182,0.010254239
coco500/000000019109.jpg,person,0.7732,0.213,0.0,1,0.012744844,0.31722885
coco500/000000019109.jpg,person,0.7694,0.1715,0.0,1,-0.013458654,0.02370641
coco500/000000019109.jpg,person,0.7124,0.1876,0.0,1,-0.00871779,0.038616996
coco500/000000019109.jpg,motorcycle,0.7065,0.2323,0.0,1,0.03125727,0.91874653
coco500/000000019109.jpg,motorcycle,0.6815,0.2566,0.0,1,0.043582186,0.9681961
coco500/000000019109.jpg,motorcycle,0.6791,0.2371,0.0,1,0.014882177,0.6350345
coco500/000000019109.jpg,person,0.6649,0.2081,0.0,1,-0.009239271,0.041971087
coco500/000000019109.jpg,person,0.6527,0.1609,0.0,1,-0.02231142,0.017562842
coco500/000000019109.jpg,car,0.6508,0.2371,0.0,0,0.041842073,0.927569
coco500/000000019109.jpg,motorcycle,0.6118,0.2479,0.0,1,0.03855683,0.89586866
coco500/000000019109.jpg,motorcycle,0.6041,0.2467,0.0,1,0.029992372,0.7913301
coco500/000000019109.jpg,motorcycle,0.5977,0.2334,0.0,1,0.023256779,0.71389663
coco500/000000019109.jpg,person,0.5846,0.2139,1.0,1,-0.00374645,0.06873266
coco500/000000019109.jpg,motorcycle,0.579,0.2576,0.0,1,0.045586362,0.96575814
coco500/000000019109.jpg,motorcycle,0.5476,0.2434,0.0,1,0.039913297,0.8751121
coco500/000000019109.jpg,person,0.5313,0.1897,0.0,1,-0.0025627762,0.052239865
coco500/000000019109.jpg,motorcycle,0.4972,0.2542,0.0,1,0.035953566,0.9192686
coco500/000000019109.jpg,motorcycle,0.4824,0.2421,0.0,1,0.028960064,0.80566335
coco500/000000019109.jpg,person,0.4649,0.2037,0.0,1,0.00013804436,0.13897619
coco500/000000019109.jpg,motorcycle,0.4588,0.2413,0.0,1,0.043901056,0.9439755
coco500/000000019109.jpg,person,0.4494,0.1703,0.0,1,-0.023607522,0.012607876
coco500/000000019109.jpg,person,0.4373,0.1965,0.0,1,-0.00029487908,0.16550265
coco500/000000019109.jpg,motorcycle,0.4282,0.2122,0.0,1,-0.03657542,0.016848652
coco500/000000019109.jpg,motorcycle,0.3805,0.2489,0.0,1,0.033333108,0.90290767
coco500/000000019109.jpg,handbag,0.3723,0.1757,1.0,1,-0.012085229,0.017640552
coco500/000000019109.jpg,motorcycle,0.3635,0.2295,1.0,1,0.021514028,0.6574447
coco500/000000019109.jpg,person,0.3396,0.2024,0.0,1,0.0067156106,0.16182414
coco500/000000019109.jpg,person,0.3096,0.175,0.0,1,-0.0097672045,0.04829165
coco500/000000019221.jpg,broccoli,0.7373,0.2605,0.0,1,0.06883538,0.99790263
coco500/000000019221.jpg,person,0.3902,0.1813,1.0,1,-0.0065517128,0.03067821
coco500/000000019402.jpg,person,0.6146,0.2069,1.0,1,0.015520871,0.44498944
coco500/000000019402.jpg,person,0.556,0.1781,1.0,1,-0.011171982,0.15102027
coco500/000000019432.jpg,person,0.9081,0.1637,0.0,1,-0.01184909,0.17443086
coco500/000000019432.jpg,sports ball,0.8781,0.2051,0.0,1,-0.012471169,0.09755879
coco500/000000019432.jpg,chair,0.6368,0.2549,0.0,1,0.038355842,0.9024903
coco500/000000019432.jpg,chair,0.6298,0.2695,0.0,1,0.041076615,0.9541239
coco500/000000019432.jpg,chair,0.6244,0.2627,0.0,1,0.043342352,0.9464138
coco500/000000019432.jpg,chair,0.6157,0.2705,0.0,1,0.040652484,0.94530165
coco500/000000019432.jpg,chair,0.5925,0.2671,0.0,1,0.04282397,0.9437931
coco500/000000019432.jpg,chair,0.5279,0.2754,0.0,1,0.05503553,0.9766218
coco500/000000019432.jpg,chair,0.5097,0.2654,1.0,1,0.027762666,0.8576404
coco500/000000019432.jpg,chair,0.4837,0.1907,0.0,1,-0.020568132,0.015645616
coco500/000000019432.jpg,chair,0.4817,0.281,0.0,1,0.049527586,0.97267747
coco500/000000019432.jpg,chair,0.4399,0.2019,1.0,1,-0.006833732,0.08589138
coco500/000000019432.jpg,chair,0.4272,0.2883,0.0,1,0.053173244,0.9876431
coco500/000000019432.jpg,chair,0.4246,0.2432,0.0,1,0.019875273,0.4265945
coco500/000000019432.jpg,chair,0.4172,0.1829,0.0,1,-0.021180347,0.013801473
coco500/000000019432.jpg,chair,0.4069,0.1901,0.0,1,-0.01747574,0.01705206
coco500/000000019432.jpg,chair,0.3612,0.1857,1.0,1,-0.019752309,0.022312036
coco500/000000019432.jpg,chair,0.3175,0.2345,0.0,1,0.011537746,0.25533566
coco500/000000019432.jpg,chair,0.3093,0.1697,0.0,1,-0.028659657,0.01755237
coco500/000000019742.jpg,vase,0.5527,0.2517,0.0,1,-0.004731089,0.33928803
coco500/000000019742.jpg,dining table,0.4066,0.2352,1.0,0,-0.02203998,0.074412435
coco500/000000019786.jpg,person,0.8466,0.2091,1.0,1,0.0056610554,0.31187433
coco500/000000019786.jpg,person,0.832,0.1991,1.0,1,0.005516261,0.17632575
coco500/000000019786.jpg,laptop,0.6131,0.2103,0.0,1,-0.04339263,0.010311815
coco500/000000019786.jpg,remote,0.579,0.1967,0.0,1,-0.018321663,0.024565374
coco500/000000019786.jpg,suitcase,0.4927,0.2654,1.0,0,0.019164383,0.651811
coco500/000000019786.jpg,chair,0.4708,0.1964,1.0,0,-0.0042576194,0.029879726
coco500/000000019786.jpg,chair,0.3683,0.2156,1.0,0,-0.009410948,0.022973973
coco500/000000019786.jpg,couch,0.3538,0.1685,0.0,1,-0.02041912,0.020061705
coco500/000000019924.jpg,person,0.7251,0.1711,0.0,1,0.013617814,0.58749956
coco500/000000019924.jpg,tie,0.5038,0.2539,1.0,1,0.06905435,0.996073
coco500/000000019924.jpg,toothbrush,0.439,0.2157,0.0,0,-0.008131772,0.07007103
coco500/000000020333.jpg,person,0.8986,0.1622,0.0,1,-0.018143624,0.04963309
coco500/000000020333.jpg,tie,0.778,0.2158,0.0,1,0.00019131601,0.10870938
coco500/000000020333.jpg,bowl,0.6093,0.2175,1.0,1,0.008778468,0.46984854
coco500/000000020553.jpg,bottle,0.7527,0.23,0.0,1,0.035195053,0.78885925
coco500/000000020553.jpg,bottle,0.7019,0.2177,0.0,1,0.0260403,0.60558015
coco500/000000020553.jpg,bottle,0.5265,0.2576,0.0,1,0.018229842,0.80451846
coco500/000000020553.jpg,dining table,0.4416,0.2151,0.0,1,-0.011802644,0.079468206
coco500/000000020553.jpg,bird,0.4226,0.1937,0.0,0,-0.028407305,0.02356451
coco500/000000020553.jpg,bottle,0.3856,0.2178,0.0,1,0.0074981004,0.28649005
coco500/000000020553.jpg,cup,0.3841,0.1907,0.0,1,-0.019662589,0.075001076
coco500/000000020553.jpg,teddy bear,0.3819,0.2284,0.0,1,0.047321483,0.95785165
coco500/000000020553.jpg,bottle,0.3658,0.2357,0.0,1,0.022940084,0.62006295
coco500/000000020553.jpg,cup,0.3579,0.2013,0.0,1,-0.04436791,0.008876036
coco500/000000020553.jpg,bottle,0.3253,0.2134,0.0,1,0.0112451315,0.34044525
coco500/000000020553.jpg,bird,0.3157,0.2144,0.0,0,-0.0087480545,0.06823742
coco500/000000020553.jpg,chair,0.3081,0.1672,0.0,1,-0.044620916,0.0060159937
coco500/000000020571.jpg,person,0.5579,0.2081,0.0,1,0.014598638,0.31487465
coco500/000000020571.jpg,person,0.5389,0.1863,0.0,1,-0.008586675,0.03994357
coco500/000000020992.jpg,person,0.6904,0.1791,1.0,1,-0.046390906,0.008516404
coco500/000000020992.jpg,dog,0.4422,0.2131,1.0,0,-0.03156209,0.011478864
coco500/000000021167.jpg,person,0.8844,0.1791,1.0,1,-0.00977765,0.13086177
coco500/000000021167.jpg,wine glass,0.8471,0.2177,0.0,1,0.03279388,0.83246315
coco500/000000021167.jpg,person,0.7765,0.2014,0.0,1,0.022300035,0.5128189
coco500/000000021167.jpg,tie,0.4249,0.2472,0.0,1,0.031064868,0.8021105
coco500/000000021167.jpg,tie,0.3708,0.2417,0.0,1,0.029199332,0.6731042
coco500/000000021465.jpg,chair,0.6816,0.2856,1.0,1,0.040333375,0.91823226
coco500/000000021465.jpg,cup,0.4431,0.2179,0.0,0,-0.0059495717,0.09240304
coco500/000000021465.jpg,cup,0.437,0.2117,0.0,0,0.012699261,0.39966112
coco500/000000021465.jpg,vase,0.4007,0.236,0.0,1,-0.004248619,0.31230155
coco500/000000021465.jpg,cup,0.3938,0.2224,0.0,0,0.004962191,0.20787857
coco500/000000021465.jpg,cup,0.3834,0.1982,0.0,0,0.0050401837,0.21546893
coco500/000000021465.jpg,cup,0.3733,0.1787,0.0,0,-0.0210817,0.02323385
coco500/000000021465.jpg,bowl,0.3722,0.1864,1.0,0,-0.08909613,0.00012793063
coco500/000000021465.jpg,clock,0.3629,0.2031,1.0,0,-0.025318906,0.021676365
coco500/000000021465.jpg,spoon,0.3256,0.1868,0.0,0,-0.0010009408,0.08475812
coco500/000000021465.jpg,dining table,0.3189,0.241,1.0,0,0.023521766,0.5832858
coco500/000000021465.jpg,book,0.3168,0.1537,0.0,0,-0.025564551,0.012501843
coco500/000000021465.jpg,dining table,0.3068,0.1885,0.0,0,0.009021446,0.3156125
coco500/000000021465.jpg,chair,0.3066,0.2406,1.0,1,0.015088797,0.5216847
coco500/000000021503.jpg,pizza,0.583,0.2179,1.0,0,-0.009146199,0.15402627
coco500/000000021503.jpg,keyboard,0.579,0.1937,1.0,1,-0.012685701,0.016599538
coco500/000000021503.jpg,pizza,0.5636,0.2124,0.0,0,-0.016407683,0.043320276
coco500/000000021503.jpg,pizza,0.5537,0.2399,0.0,0,-0.017471075,0.09849753
coco500/000000021503.jpg,pizza,0.5374,0.2345,1.0,0,0.0074837953,0.33920184
coco500/000000021503.jpg,pizza,0.5131,0.236,1.0,0,-0.011432424,0.084801905
coco500/000000021503.jpg,mouse,0.4109,0.2168,1.0,1,-0.019614518,0.018260766
coco500/000000021503.jpg,cell phone,0.3742,0.2153,0.0,0,-0.041463494,0.0047928705
coco500/000000021503.jpg,cup,0.3699,0.2239,1.0,0,-0.007251665,0.054524753
coco500/000000021503.jpg,cup,0.3532,0.2095,1.0,0,-0.012275785,0.034250006
coco500/000000021604.jpg,person,0.8648,0.1627,0.0,1,-0.06655061,0.0012758921
coco500/000000021604.jpg,tie,0.8222,0.2273,0.0,1,0.033138603,0.75722206
coco500/000000021839.jpg,person,0.9021,0.2125,0.0,1,0.007423565,0.24501872
coco500/000000021839.jpg,person,0.7929,0.1963,0.0,1,0.008162841,0.2717517
coco500/000000021839.jpg,person,0.7802,0.1903,0.0,1,-0.017462552,0.023893105
coco500/000000021839.jpg,person,0.7066,0.2162,0.0,1,0.01411964,0.33757547
coco500/000000021839.jpg,person,0.6311,0.2064,0.0,1,0.023423478,0.5306589
coco500/000000021839.jpg,person,0.6207,0.1981,1.0,1,0.008592203,0.103189595
coco500/000000021839.jpg,car,0.564,0.1871,1.0,1,-0.023653671,0.0066232546
coco500/000000021839.jpg,chair,0.5176,0.1737,0.0,0,-0.033780918,0.009785308
coco500/000000021839.jpg,person,0.5056,0.1814,0.0,1,-0.030469343,0.009000094
coco500/000000021839.jpg,chair,0.4648,0.222,0.0,0,-0.0068592727,0.09208076
coco500/000000021839.jpg,backpack,0.3593,0.1786,0.0,0,-0.044286847,0.0047565843
coco500/000000021839.jpg,handbag,0.3548,0.1593,0.0,1,-0.05366595,0.0022147372
coco500/000000021839.jpg,person,0.3503,0.2217,0.0,1,0.0040607303,0.11598215
coco500/000000021839.jpg,handbag,0.3476,0.1921,0.0,1,-0.03075999,0.016745826
coco500/000000021879.jpg,person,0.7659,0.1793,0.0,1,0.017111555,0.31013152
coco500/000000021879.jpg,person,0.7599,0.1697,0.0,1,0.0010691285,0.12592569
coco500/000000021879.jpg,person,0.6736,0.1799,0.0,1,-0.034727126,0.017877972
coco500/000000021879.jpg,person,0.5861,0.1882,0.0,1,0.011595905,0.23624411
coco500/000000021903.jpg,person,0.6528,0.1797,1.0,1,-0.0015240461,0.13537687
coco500/000000021903.jpg,person,0.4182,0.2031,1.0,1,0.0021650791,0.0834162
coco500/000000021903.jpg,person,0.3057,0.204,1.0,1,0.01577653,0.2006382
coco500/000000022192.jpg,dog,0.8874,0.2214,0.0,1,0.031097323,0.8796689
coco500/000000022192.jpg,backpack,0.5657,0.2666,0.0,0,0.003272891,0.4772586
coco500/000000022192.jpg,bed,0.4882,0.179,1.0,1,-0.008778438,0.024554156
coco500/000000022192.jpg,chair,0.3633,0.1968,1.0,0,-0.014554173,0.02111284
coco500/000000022371.jpg,person,0.8961,0.1543,0.0,1,0.007996917,0.21095698
coco500/000000022371.jpg,tie,0.8668,0.2808,0.0,1,0.06781915,0.9874905
coco500/000000022371.jpg,laptop,0.8344,0.2281,1.0,1,0.0516378,0.97367734
coco500/000000022371.jpg,book,0.447,0.2294,1.0,1,0.011431441,0.501944
coco500/000000022479.jpg,person,0.3948,0.176,1.0,1,0.0045000613,0.19571385
coco500/000000022479.jpg,bench,0.3824,0.2041,0.0,1,0.0011691004,0.047230527
coco500/000000022479.jpg,bench,0.3307,0.1848,0.0,1,-0.004522234,0.033709094
coco500/000000022623.jpg,remote,0.5717,0.1968,1.0,0,-0.004160881,0.3732817
coco500/000000022705.jpg,person,0.8132,0.189,0.0,1,-0.01473856,0.061905168
coco500/000000022705.jpg,bottle,0.7071,0.2401,0.0,1,-0.0092191845,0.27871233
coco500/000000022705.jpg,wine glass,0.6478,0.2401,0.0,1,0.002840966,0.31735116
coco500/000000022705.jpg,bowl,0.5558,0.1875,0.0,1,-0.011643305,0.029905139
coco500/000000022705.jpg,oven,0.4638,0.2086,1.0,0,-0.035576597,0.00877763
coco500/000000022705.jpg,bottle,0.4517,0.2273,0.0,1,0.008024156,0.19256543
coco500/000000022705.jpg,bottle,0.3421,0.2109,0.0,1,-0.0031936467,0.042665865
coco500/000000022755.jpg,car,0.6331,0.1995,0.0,1,-0.0014947057,0.07278562
coco500/000000022755.jpg,car,0.5898,0.2227,0.0,1,-0.039938882,0.017037444
coco500/000000022755.jpg,car,0.42,0.2438,0.0,1,0.0077364296,0.5264222
coco500/000000022755.jpg,car,0.4052,0.2206,0.0,1,0.006560594,0.22741221
coco500/000000022755.jpg,car,0.3349,0.2079,0.0,1,-0.006120965,0.031227762
coco500/000000022892.jpg,dog,0.9028,0.248,0.0,1,0.029826969,0.9333589
coco500/000000022892.jpg,cat,0.8317,0.2275,1.0,1,0.04730998,0.94384515
coco500/000000022892.jpg,potted plant,0.4103,0.2477,1.0,1,0.04778929,0.98071885
coco500/000000022892.jpg,potted plant,0.3073,0.2681,1.0,1,0.05857268,0.994024
coco500/000000022935.jpg,person,0.87,0.1461,0.0,1,-0.017157152,0.13908528
coco500/000000022935.jpg,person,0.8348,0.189,0.0,1,-0.019041508,0.022016158
coco500/000000022935.jpg,sports ball,0.7905,0.2668,0.0,1,0.067015246,0.9969645
coco500/000000023023.jpg,suitcase,0.7437,0.2927,0.0,1,0.025012016,0.91073096
coco500/000000023023.jpg,backpack,0.4145,0.2634,0.0,0,-0.009318292,0.2444228
coco500/000000023023.jpg,handbag,0.3687,0.202,0.0,1,-0.016862467,0.0301974
coco500/000000023023.jpg,book,0.3057,0.1691,1.0,0,-0.03398016,0.0051978356
coco500/000000023034.jpg,person,0.698,0.1642,0.0,1,0.008826628,0.2738355
coco500/000000023034.jpg,person,0.6637,0.2001,1.0,1,-0.052681267,0.005021535
coco500/000000023034.jpg,backpack,0.3175,0.2257,1.0,1,0.0039083064,0.2981523
coco500/000000023126.jpg,person,0.8164,0.1904,0.0,1,0.0008139312,0.19521855
coco500/000000023230.jpg,bird,0.7598,0.2057,0.0,1,0.024960384,0.679237
coco500/000000023230.jpg,bird,0.7542,0.2163,0.0,1,0.034712672,0.8096984
coco500/000000023230.jpg,bird,0.7054,0.214,0.0,1,0.03500563,0.78861874
coco500/000000023230.jpg,bird,0.5858,0.214,1.0,1,0.0031342208,0.2940877
coco500/000000023272.jpg,cat,0.763,0.2131,0.0,1,0.026604533,0.8699029
coco500/000000023272.jpg,car,0.5017,0.1746,1.0,1,-0.07130818,0.0007131225
coco500/000000023272.jpg,cat,0.4784,0.2198,0.0,1,0.01879017,0.3654179
coco500/000000023359.jpg,person,0.7068,0.1884,0.0,1,-0.0037411451,0.23550548
coco500/000000023666.jpg,toilet,0.7474,0.2551,0.0,1,0.02748236,0.8642189
coco500/000000023781.jpg,car,0.5654,0.1638,1.0,0,-0.11867471,6.9774815e-06
coco500/000000023781.jpg,car,0.5553,0.1517,0.0,0,-0.11162634,1.3919638e-05
coco500/000000023781.jpg,car,0.545,0.1716,1.0,0,-0.0661889,0.0008779552
coco500/000000023781.jpg,car,0.5362,0.1655,0.0,0,-0.104887635,2.740958e-05
coco500/000000023781.jpg,broccoli,0.4742,0.2107,0.0,1,0.01240173,0.3894767
coco500/000000023781.jpg,car,0.4216,0.1543,1.0,0,-0.034594104,0.0027428658
coco500/000000023781.jpg,car,0.3599,0.1685,0.0,0,-0.056425586,0.0023441561
coco500/000000023781.jpg,car,0.3595,0.1984,0.0,0,-0.042727306,0.0039189626
coco500/000000023781.jpg,bowl,0.3581,0.1854,1.0,0,-0.022278056,0.023102706
coco500/000000023781.jpg,bowl,0.3183,0.1757,1.0,0,-0.0003875196,0.07951882
coco500/000000023899.jpg,person,0.7225,0.2047,1.0,1,-0.008913115,0.036043316
coco500/000000023899.jpg,remote,0.5472,0.1898,0.0,1,-0.023885101,0.023764433
coco500/000000023899.jpg,remote,0.5053,0.1958,0.0,1,-0.00836952,0.041805163
coco500/000000023899.jpg,person,0.4286,0.1758,1.0,1,-0.004582539,0.08990135
coco500/000000023899.jpg,remote,0.4019,0.2134,0.0,1,-0.004474357,0.10587475
coco500/000000023899.jpg,person,0.3926,0.1614,0.0,1,-0.015907899,0.046193093
coco500/000000023899.jpg,couch,0.3862,0.1935,0.0,1,0.0104852915,0.20915364
coco500/000000023899.jpg,remote,0.3519,0.1788,0.0,1,-0.011905342,0.040208865
coco500/000000023899.jpg,remote,0.3515,0.1868,0.0,1,-0.02372478,0.010164955
coco500/000000023899.jpg,remote,0.3479,0.1652,0.0,1,-0.03257531,0.006753377
coco500/000000023899.jpg,person,0.3197,0.1575,0.0,1,-0.019789025,0.058469746
coco500/000000024027.jpg,person,0.6646,0.2107,1.0,1,-0.004474774,0.07110883
coco500/000000024027.jpg,person,0.6621,0.2114,1.0,1,0.0030050278,0.1581518
coco500/000000024027.jpg,car,0.5938,0.2166,0.0,0,-0.010534704,0.04099522
coco500/000000024027.jpg,car,0.4851,0.1919,1.0,0,-0.0234752,0.011260214
coco500/000000024027.jpg,car,0.3964,0.2522,0.0,0,0.013006598,0.44857955
coco500/000000024027.jpg,car,0.365,0.2101,0.0,0,-0.007980213,0.044408225
coco500/000000024027.jpg,car,0.3648,0.2026,0.0,0,-0.007955074,0.04779706
coco500/000000024027.jpg,bird,0.3542,0.1847,0.0,0,-0.012582138,0.019421468
coco500/000000024027.jpg,car,0.3079,0.1946,1.0,0,-0.014928281,0.026834618
coco500/000000024144.jpg,pizza,0.7874,0.2798,0.0,1,0.06198287,0.99178195
coco500/000000024243.jpg,person,0.9272,0.2017,0.0,1,-0.0034075081,0.24748057
coco500/000000024243.jpg,person,0.8073,0.2,0.0,1,-0.0087412745,0.18101643
coco500/000000024243.jpg,cup,0.7326,0.1932,0.0,1,0.0033709556,0.37644926
coco500/000000024243.jpg,person,0.7077,0.218,1.0,1,0.009278551,0.14096715
coco500/000000024243.jpg,refrigerator,0.693,0.1552,1.0,1,-0.053474456,0.0020430556
coco500/000000024243.jpg,cup,0.6106,0.1941,0.0,1,-0.0073358417,0.20769665
coco500/000000024243.jpg,cup,0.5949,0.2507,1.0,1,0.024909422,0.6789331
coco500/000000024243.jpg,cup,0.5542,0.2469,1.0,1,0.044560432,0.91996187
coco500/000000024243.jpg,person,0.4772,0.2032,0.0,1,0.0023012757,0.17536059
coco500/000000024243.jpg,person,0.4457,0.2072,0.0,1,-0.004186988,0.120409586
coco500/000000024243.jpg,person,0.4373,0.2144,0.0,1,-0.0018972307,0.16243479
coco500/000000024243.jpg,person,0.42,0.2084,0.0,1,0.0014350116,0.084124684
coco500/000000024243.jpg,person,0.3864,0.1926,0.0,1,0.0045153946,0.13207027
coco500/000000024243.jpg,person,0.3214,0.2202,0.0,1,0.009919211,0.31335887
coco500/000000024243.jpg,person,0.3138,0.2084,0.0,1,0.0018127412,0.07397205
coco500/000000024243.jpg,knife,0.3104,0.1797,0.0,0,-0.006481454,0.06073419
coco500/000000024567.jpg,dog,0.7094,0.1947,0.0,0,-0.063302755,0.0017685242
coco500/000000024567.jpg,dog,0.7088,0.2147,0.0,0,-0.063997746,0.0016524392
coco500/000000024567.jpg,dog,0.6941,0.1946,0.0,0,-0.06932688,0.00096754776
coco500/000000024567.jpg,dog,0.6827,0.2039,0.0,0,-0.06093423,0.002242365
coco500/000000024567.jpg,person,0.661,0.1517,1.0,1,-0.05502665,0.0032066242
coco500/000000024567.jpg,dog,0.6476,0.196,0.0,0,-0.051760927,0.004634904
coco500/000000024567.jpg,chair,0.5745,0.1925,1.0,1,0.0053465664,0.10649374
coco500/000000024567.jpg,dog,0.5466,0.1934,0.0,0,-0.057412177,0.0028744685
coco500/000000024567.jpg,chair,0.5381,0.2079,1.0,1,-0.0011747628,0.08532807
coco500/000000024567.jpg,dog,0.5112,0.184,1.0,0,-0.043098986,0.0033689775
coco500/000000024567.jpg,dining table,0.337,0.1582,1.0,0,-0.09177807,0.00010275721
coco500/000000024567.jpg,dog,0.3039,0.2032,1.0,0,-0.062889144,0.0018381084
coco500/000000024610.jpg,laptop,0.8463,0.2084,0.0,1,0.00051027536,0.06139068
coco500/000000024610.jpg,chair,0.836,0.2729,0.0,1,0.023569092,0.89119637
coco500/000000024610.jpg,bottle,0.6373,0.2378,0.0,1,0.035781384,0.81951356
coco500/000000024610.jpg,backpack,0.5733,0.2839,0.0,1,0.0059663057,0.6270031
coco500/000000024610.jpg,couch,0.5019,0.2091,1.0,1,-0.022981137,0.052665945
coco500/000000024610.jpg,dining table,0.4817,0.2494,1.0,0,-0.028843433,0.04993134
coco500/000000024610.jpg,book,0.3907,0.2362,1.0,1,0.026715428,0.5240594
coco500/000000024610.jpg,book,0.3791,0.1938,0.0,1,-0.016885072,0.015702827
coco500/000000024610.jpg,book,0.3731,0.1553,0.0,1,-0.05246906,0.0016596013
coco500/000000024610.jpg,book,0.3711,0.2262,0.0,1,0.038719475,0.7783168
coco500/000000024610.jpg,book,0.362,0.2383,0.0,1,0.024202555,0.57643956
coco500/000000024610.jpg,book,0.3616,0.2468,0.0,1,0.0290346,0.74211067
coco500/000000024610.jpg,book,0.3473,0.1742,0.0,1,-0.0482291,0.0014292949
coco500/000000024610.jpg,clock,0.3457,0.1963,0.0,0,-0.01730737,0.023092529
coco500/000000024610.jpg,book,0.3451,0.2395,0.0,1,0.041575164,0.8029277
coco500/000000024610.jpg,book,0.3428,0.2069,0.0,1,-0.02180776,0.015532064
coco500/000000024610.jpg,book,0.3408,0.2113,0.0,1,-0.007953525,0.026730463
coco500/000000024610.jpg,book,0.3384,0.2278,0.0,1,0.013357893,0.22083385
coco500/000000024610.jpg,book,0.3377,0.183,0.0,1,-0.025148898,0.008506046
coco500/000000024610.jpg,book,0.3375,0.2109,0.0,1,0.008626416,0.112092
coco500/000000024610.jpg,book,0.3354,0.2238,0.0,1,0.01679504,0.3145459
coco500/000000024610.jpg,book,0.3336,0.1709,0.0,1,-0.029411495,0.008918112
coco500/000000024610.jpg,book,0.3332,0.2361,0.0,1,0.034434184,0.6780014
coco500/000000024610.jpg,book,0.3317,0.231,0.0,1,0.021591157,0.5403839
coco500/000000024610.jpg,book,0.3287,0.2419,0.0,1,0.025837585,0.599326
coco500/000000024610.jpg,book,0.327,0.2249,0.0,1,0.012209684,0.25904647
coco500/000000024610.jpg,book,0.3254,0.2057,0.0,1,0.019257978,0.35569364
coco500/000000024610.jpg,book,0.3253,0.2189,0.0,1,0.01297915,0.24076815
coco500/000000024610.jpg,book,0.322,0.218,0.0,1,0.0122798085,0.1744226
coco500/000000024610.jpg,book,0.32,0.1946,0.0,1,-0.009801999,0.027752863
coco500/000000024610.jpg,book,0.3161,0.2183,0.0,1,0.021428049,0.32865423
coco500/000000024610.jpg,book,0.3151,0.2239,0.0,1,-0.0030695498,0.072073326
coco500/000000024610.jpg,book,0.3132,0.2113,0.0,1,0.0043659955,0.11126668
coco500/000000024610.jpg,book,0.3129,0.2239,0.0,1,0.02618745,0.6306169
coco500/000000024610.jpg,book,0.3117,0.2207,0.0,1,0.019988298,0.34954846
coco500/000000024610.jpg,book,0.3055,0.1816,0.0,1,-0.037123084,0.006001685
coco500/000000024610.jpg,book,0.3047,0.2192,0.0,1,0.0020001829,0.16081382
coco500/000000025057.jpg,person,0.7544,0.2061,0.0,1,0.026988551,0.6394888
coco500/000000025057.jpg,bottle,0.5217,0.2007,0.0,1,-0.019202441,0.04223393
coco500/000000025057.jpg,person,0.393,0.2008,0.0,1,0.0182935,0.53933597
coco500/000000025096.jpg,knife,0.7015,0.24,0.0,1,0.03079614,0.8582335
coco500/000000025096.jpg,cake,0.6795,0.2175,0.0,0,0.010235533,0.38099068
coco500/000000025096.jpg,dining table,0.5686,0.1864,1.0,1,-0.01603669,0.040645946
coco500/000000025096.jpg,chair,0.4648,0.2664,1.0,1,0.024216875,0.5974182
coco500/000000025096.jpg,person,0.4436,0.161,1.0,1,-0.0061885267,0.1692959
coco500/000000025096.jpg,person,0.3471,0.1863,1.0,1,-0.020740792,0.010401027
coco500/000000025181.jpg,person,0.784,0.181,0.0,1,0.0069096535,0.16979778
coco500/000000025181.jpg,person,0.6373,0.1763,0.0,1,-0.008507699,0.033524748
coco500/000000025181.jpg,bench,0.4958,0.1592,0.0,1,-0.024752602,0.0061912774
coco500/000000025181.jpg,bench,0.3068,0.2083,0.0,1,0.006624773,0.12550648
coco500/000000025228.jpg,person,0.8124,0.2141,0.0,1,0.030288815,0.6455056
coco500/000000025386.jpg,person,0.8899,0.182,1.0,1,-0.002830267,0.1588833
coco500/000000025386.jpg,person,0.8774,0.1969,0.0,1,0.023065984,0.5505455
coco500/000000025386.jpg,chair,0.5022,0.1631,1.0,1,-0.088232085,0.0001033278
coco500/000000025386.jpg,dog,0.4808,0.1561,0.0,0,-0.034934923,0.003381757
coco500/000000025386.jpg,dog,0.4414,0.1493,0.0,0,-0.042329893,0.0021653282
coco500/000000025386.jpg,chair,0.4098,0.1984,1.0,1,-0.009541422,0.027215494
coco500/000000025386.jpg,dining table,0.4062,0.1984,0.0,0,0.0005402416,0.06950343
coco500/000000025386.jpg,dining table,0.3694,0.2037,0.0,0,0.0102608055,0.2694522
coco500/000000025386.jpg,sandwich,0.3512,0.1766,0.0,1,-0.02832216,0.016792329
coco500/000000025386.jpg,chair,0.3422,0.1904,0.0,1,-0.01807876,0.022736661
coco500/000000025386.jpg,chair,0.3153,0.2374,0.0,1,-0.0050383657,0.14350605
coco500/000000025393.jpg,person,0.9294,0.1896,1.0,1,-0.01767072,0.090980336
coco500/000000025393.jpg,person,0.9219,0.2046,0.0,1,-0.008006975,0.19061452
coco500/000000025393.jpg,tie,0.8561,0.2747,0.0,1,0.063568905,0.98894554
coco500/000000025393.jpg,tie,0.8407,0.2396,0.0,1,0.022313192,0.66977435
coco500/000000025393.jpg,car,0.6562,0.2328,1.0,1,0.030391827,0.7282597
coco500/000000025393.jpg,person,0.4242,0.2008,0.0,1,0.018644556,0.23087056
coco500/000000025393.jpg,person,0.3816,0.207,0.0,1,0.013559192,0.22204886
coco500/000000025393.jpg,car,0.3004,0.1617,0.0,1,-0.02460523,0.009789556
coco500/000000025424.jpg,person,0.8445,0.1938,0.0,1,-0.01287353,0.046361465
coco500/000000025424.jpg,sports ball,0.7619,0.1949,0.0,1,-0.010441631,0.08327968
coco500/000000025560.jpg,cat,0.8465,0.2406,0.0,1,0.045442894,0.94598746
coco500/000000025560.jpg,tv,0.7114,0.1653,1.0,1,-0.068105325,0.0009836977
coco500/000000025560.jpg,cup,0.688,0.2722,1.0,1,0.054539457,0.9745456
coco500/000000025560.jpg,person,0.4789,0.17,0.0,1,-0.032369226,0.018509662
coco500/000000025560.jpg,tie,0.3248,0.208,0.0,0,0.006481558,0.121416464
coco500/000000025560.jpg,tie,0.3161,0.1945,0.0,0,-0.011249691,0.019708
coco500/000000025603.jpg,person,0.8364,0.1753,1.0,1,0.00954175,0.33426404
coco500/000000025603.jpg,cup,0.8015,0.2344,1.0,1,-0.04740587,0.008383702
coco500/000000025603.jpg,chair,0.7195,0.1782,0.0,1,-0.021664321,0.008273791
coco500/000000025603.jpg,chair,0.7117,0.2137,0.0,1,-0.013381243,0.040025957
coco500/000000025603.jpg,cup,0.6496,0.2395,1.0,1,0.01178804,0.40651262
coco500/000000025603.jpg,person,0.6213,0.1912,1.0,1,-0.021955043,0.016011497
coco500/000000025603.jpg,chair,0.5959,0.2004,0.0,1,-0.0151004195,0.028907303
coco500/000000025603.jpg,chair,0.579,0.2205,0.0,1,-0.006258294,0.058679115
coco500/000000025603.jpg,pizza,0.5221,0.2522,0.0,1,0.014759898,0.5398013
coco500/000000025603.jpg,chair,0.5214,0.2338,0.0,1,0.011600539,0.16250817
coco500/000000025603.jpg,dining table,0.5129,0.2034,1.0,1,-0.06428668,0.0013913463
coco500/000000025603.jpg,chair,0.4815,0.1912,0.0,1,-0.011820629,0.012806039
coco500/000000025603.jpg,chair,0.4787,0.2644,0.0,1,0.016462535,0.6788941
coco500/000000025603.jpg,pizza,0.4743,0.2426,0.0,1,0.00073732436,0.24362406
coco500/000000025603.jpg,bottle,0.4682,0.2101,1.0,0,-0.014964476,0.042275563
coco500/000000025603.jpg,person,0.4677,0.183,0.0,1,-0.018362358,0.020451225
coco500/000000025603.jpg,bottle,0.4649,0.2169,1.0,0,-0.014145374,0.036079258
coco500/000000025603.jpg,book,0.4211,0.2512,1.0,1,0.035158157,0.79057544
coco500/000000025603.jpg,dining table,0.3948,0.1947,0.0,1,-0.069447204,0.0007467948
coco500/000000025603.jpg,person,0.3789,0.1985,0.0,1,0.017412677,0.4414611
coco500/000000025603.jpg,chair,0.3397,0.1685,0.0,1,-0.03197846,0.008018829
coco500/000000025603.jpg,chair,0.3317,0.1614,0.0,1,-0.0240224,0.008429759
coco500/000000025603.jpg,chair,0.3294,0.2123,0.0,1,-0.0050081015,0.031833224
coco500/000000025603.jpg,person,0.3184,0.2103,0.0,1,0.0071878284,0.1552197
coco500/000000025986.jpg,cup,0.8305,0.2476,0.0,1,0.011023253,0.6600177
coco500/000000025986.jpg,spoon,0.6968,0.2362,0.0,1,0.02595605,0.78543097
coco500/000000025986.jpg,bowl,0.6596,0.2554,1.0,1,0.021640986,0.8104714
coco500/000000025986.jpg,bowl,0.5858,0.2217,0.0,1,-0.027447537,0.058723416
coco500/000000025986.jpg,donut,0.4922,0.2634,0.0,1,0.05947277,0.98182374
coco500/000000025986.jpg,donut,0.4895,0.225,0.0,1,0.023511142,0.51608425
coco500/000000025986.jpg,donut,0.4781,0.2096,0.0,1,-0.0013799667,0.28779677
coco500/000000025986.jpg,donut,0.4667,0.2092,0.0,1,-0.00041219592,0.067014955
coco500/000000025986.jpg,donut,0.4599,0.2268,0.0,1,0.017056301,0.37690353
coco500/000000025986.jpg,broccoli,0.4593,0.2585,0.0,1,0.024017662,0.7913171
coco500/000000025986.jpg,donut,0.4535,0.2344,0.0,1,0.024597213,0.7037492
coco500/000000025986.jpg,donut,0.439,0.2229,0.0,1,0.012407616,0.2108818
coco500/000000025986.jpg,dining table,0.3799,0.1575,1.0,0,-0.013355121,0.089182824
coco500/000000025986.jpg,spoon,0.3155,0.2219,1.0,1,-0.007224515,0.08653998
coco500/000000025986.jpg,bowl,0.3067,0.226,0.0,1,-0.0011563599,0.22267297
coco500/000000026204.jpg,bus,0.8874,0.2346,0.0,1,0.04897271,0.97892
coco500/000000026204.jpg,car,0.8658,0.2284,0.0,1,0.05393468,0.95294815
coco500/000000026204.jpg,car,0.8212,0.2161,0.0,1,0.0028224438,0.5392802
coco500/000000026204.jpg,person,0.7949,0.2061,0.0,1,0.015711829,0.2865046
coco500/000000026204.jpg,person,0.7917,0.1935,0.0,1,-4.3079257e-05,0.12770598
coco500/000000026204.jpg,car,0.7658,0.2291,0.0,1,0.048091754,0.94283515
coco500/000000026204.jpg,truck,0.5837,0.2084,0.0,1,0.009104371,0.5208571
coco500/000000026204.jpg,car,0.4403,0.2479,0.0,1,0.047447562,0.9340855
coco500/000000026204.jpg,car,0.4195,0.2078,1.0,1,-0.004065454,0.3779059
coco500/000000026204.jpg,car,0.3725,0.2286,0.0,1,0.02305238,0.6024595
coco500/000000026204.jpg,car,0.3232,0.2114,0.0,1,0.02163437,0.8294194
coco500/000000026204.jpg,person,0.3131,0.1832,0.0,1,-0.019152552,0.0114227
coco500/000000026204.jpg,car,0.3106,0.21,0.0,1,0.02266404,0.5450589
coco500/000000026465.jpg,laptop,0.8449,0.2515,1.0,1,0.0628085,0.9911045
coco500/000000026465.jpg,cell phone,0.7879,0.2445,0.0,1,0.044299334,0.936488
coco500/000000026465.jpg,person,0.6331,0.1887,1.0,1,-0.04425201,0.0025574279
coco500/000000026465.jpg,cell phone,0.6275,0.2072,0.0,1,-0.013977796,0.0978648
coco500/000000026465.jpg,keyboard,0.4707,0.2959,0.0,1,0.030093491,0.94647044
coco500/000000026465.jpg,dining table,0.341,0.1624,1.0,0,-0.08041707,0.00031102364
coco500/000000026465.jpg,bottle,0.3312,0.2169,0.0,0,-0.039647013,0.012294231
coco500/000000026564.jpg,mouse,0.884,0.1952,0.0,1,-0.038213745,0.005734967
coco500/000000026564.jpg,laptop,0.8659,0.2512,0.0,1,0.033447504,0.8791413
coco500/000000026564.jpg,mouse,0.7511,0.2062,0.0,1,-0.017476901,0.023199625
coco500/000000026564.jpg,bottle,0.5697,0.2406,0.0,1,0.0010820627,0.26631176
coco500/000000026564.jpg,keyboard,0.5369,0.2839,0.0,1,0.05368486,0.9896757
coco500/000000026564.jpg,keyboard,0.5367,0.2729,0.0,1,0.05224827,0.9881649
coco500/000000026564.jpg,book,0.5331,0.2128,0.0,1,-0.015309036,0.055883776
coco500/000000026564.jpg,tv,0.4725,0.2152,0.0,1,0.010189176,0.34655777
coco500/000000026564.jpg,book,0.4036,0.1685,0.0,1,-0.028620735,0.0065817297
coco500/000000026564.jpg,book,0.3966,0.2003,0.0,1,-0.012425005,0.023452029
coco500/000000026564.jpg,book,0.3951,0.2094,0.0,1,-0.02590023,0.018225253
coco500/000000026564.jpg,book,0.3698,0.2322,0.0,1,0.044687197,0.88681966
coco500/000000026564.jpg,book,0.3616,0.2343,0.0,1,0.047930703,0.91485727
coco500/000000026564.jpg,book,0.3591,0.2244,0.0,1,0.036034733,0.68010294
coco500/000000026564.jpg,book,0.3544,0.2123,0.0,1,-0.01223357,0.03902173
coco500/000000026564.jpg,book,0.332,0.1985,0.0,1,-0.030128807,0.007213167
coco500/000000026564.jpg,book,0.3055,0.1675,0.0,1,-0.020246208,0.007799838
coco500/000000026564.jpg,book,0.3033,0.2323,0.0,1,0.022804782,0.62214863
coco500/000000026690.jpg,person,0.8278,0.1633,0.0,1,0.00682047,0.2682619
coco500/000000026690.jpg,person,0.7487,0.1962,0.0,1,-0.028271943,0.013776863
coco500/000000026690.jpg,person,0.7482,0.1757,0.0,1,0.01378265,0.36393622
coco500/000000026690.jpg,person,0.6931,0.2036,1.0,1,0.022606209,0.51703024
coco500/000000026690.jpg,person,0.6767,0.2024,0.0,1,-0.01715812,0.07327791
coco500/000000026690.jpg,person,0.6332,0.2041,0.0,1,0.0094961375,0.15918976
coco500/000000026690.jpg,person,0.6,0.1711,1.0,1,0.009411588,0.1989313
coco500/000000026690.jpg,person,0.5703,0.1809,0.0,1,0.010426104,0.14929733
coco500/000000026690.jpg,person,0.5645,0.1926,0.0,1,0.004275173,0.1134182
coco500/000000026690.jpg,person,0.5479,0.1708,0.0,1,0.000519976,0.06768438
coco500/000000026690.jpg,person,0.4985,0.2032,0.0,1,-0.0006454587,0.14832145
coco500/000000026690.jpg,person,0.4292,0.1804,0.0,1,-0.0041561723,0.1033308
coco500/000000026690.jpg,person,0.4064,0.1859,0.0,1,0.0012871921,0.08124354
coco500/000000026690.jpg,person,0.4032,0.2106,1.0,1,0.0058663785,0.11247545
coco500/000000026926.jpg,car,0.7202,0.2341,0.0,1,0.016251668,0.5271167
coco500/000000026926.jpg,car,0.5958,0.2137,0.0,1,-0.01882121,0.026534172
coco500/000000026941.jpg,suitcase,0.6446,0.2544,0.0,1,0.043566346,0.97446615
coco500/000000026941.jpg,suitcase,0.6388,0.2683,0.0,1,0.031131431,0.923572
coco500/000000026941.jpg,suitcase,0.6253,0.2561,0.0,1,0.019659445,0.8018828
coco500/000000026941.jpg,suitcase,0.6056,0.2654,0.0,1,0.037383363,0.96483886
coco500/000000026941.jpg,suitcase,0.5527,0.2661,0.0,1,0.03954132,0.95948154
coco500/000000026941.jpg,suitcase,0.5518,0.262,0.0,1,0.043981537,0.9743234
coco500/000000026941.jpg,suitcase,0.5274,0.2388,0.0,1,0.00605461,0.3488916
coco500/000000026941.jpg,person,0.4087,0.1899,0.0,1,-0.0004746765,0.06861565
coco500/000000026941.jpg,suitcase,0.3872,0.2578,0.0,1,0.014583662,0.6181152
coco500/000000026941.jpg,person,0.3529,0.1995,1.0,1,0.010344401,0.34270495
coco500/000000027186.jpg,person,0.9113,0.1592,0.0,1,-0.0003723055,0.12565519
coco500/000000027186.jpg,couch,0.6794,0.1213,1.0,1,-0.054469295,0.00079169456
coco500/000000027186.jpg,remote,0.4254,0.2047,0.0,1,-0.014698938,0.036236256
coco500/000000027186.jpg,remote,0.3269,0.2091,0.0,1,-0.022543013,0.018394556
coco500/000000027186.jpg,remote,0.3108,0.2217,0.0,1,-0.010225281,0.07050054
coco500/000000027620.jpg,laptop,0.8336,0.2703,0.0,1,0.046258837,0.9730365
coco500/000000027620.jpg,chair,0.8275,0.269,0.0,1,0.0732913,0.99762505
coco500/000000027620.jpg,keyboard,0.8084,0.2866,0.0,1,0.03580767,0.9283116
coco500/000000027620.jpg,mouse,0.7092,0.1819,0.0,1,-0.035599425,0.0105837425
coco500/000000027620.jpg,keyboard,0.6974,0.2834,0.0,1,0.04152277,0.96527416
coco500/000000027620.jpg,bottle,0.5484,0.2561,0.0,1,0.016851336,0.73820657
coco500/000000027620.jpg,tv,0.4656,0.2018,1.0,0,-0.034350455,0.008158219
coco500/000000027696.jpg,pizza,0.7802,0.2443,0.0,1,0.052597493,0.97455776
coco500/000000027696.jpg,fork,0.537,0.1827,0.0,1,-0.0065723807,0.03154127
coco500/000000027696.jpg,knife,0.3481,0.2225,0.0,1,-0.025659457,0.06029757
coco500/000000027696.jpg,dining table,0.344,0.1869,1.0,0,-0.059383154,0.0016917391
coco500/000000027696.jpg,person,0.301,0.207,1.0,1,-0.02229707,0.019212453
coco500/000000027768.jpg,bus,0.8502,0.2213,1.0,1,0.050777838,0.97300965
coco500/000000027768.jpg,person,0.785,0.2039,0.0,1,0.014597654,0.33496067
coco500/000000027768.jpg,person,0.6382,0.2047,0.0,1,0.02428031,0.45596233
coco500/000000027768.jpg,person,0.605,0.2017,0.0,1,-0.0020246655,0.10516513
coco500/000000027768.jpg,car,0.5599,0.1945,1.0,1,-0.013011977,0.021519708
coco500/000000027768.jpg,person,0.4032,0.2112,0.0,1,0.01806797,0.24179716
coco500/000000027768.jpg,person,0.388,0.2054,0.0,1,-0.0014932454,0.1126883
coco500/000000027768.jpg,person,0.3684,0.199,0.0,1,0.003952801,0.09915137
coco500/000000027972.jpg,person,0.7654,0.1912,0.0,1,-0.0048764795,0.08660243
coco500/000000027982.jpg,toilet,0.8385,0.2544,0.0,1,0.029358447,0.9100742
coco500/000000027982.jpg,sink,0.712,0.1951,0.0,1,-0.060575277,0.0017981317
coco500/000000027982.jpg,cup,0.3033,0.1722,0.0,0,-0.029019669,0.0113354605
coco500/000000028285.jpg,clock,0.7758,0.2322,0.0,1,0.059531733,0.9782034
coco500/000000028452.jpg,refrigerator,0.7748,0.2654,1.0,1,0.054202914,0.9916142
coco500/000000028452.jpg,bottle,0.6192,0.2578,0.0,1,0.03943333,0.89519525
coco500/000000028809.jpg,banana,0.5074,0.248,1.0,1,0.055406883,0.9824377
coco500/000000028809.jpg,banana,0.5015,0.2021,1.0,1,-0.00588879,0.039515562
coco500/000000028809.jpg,banana,0.4469,0.2673,1.0,1,0.07555412,0.995812
coco500/000000028809.jpg,banana,0.4469,0.1859,1.0,1,-0.000739038,0.047503047
coco500/000000028809.jpg,banana,0.4209,0.1964,1.0,1,-0.00036418438,0.12577212
coco500/000000028809.jpg,banana,0.4147,0.2166,1.0,1,0.0047652125,0.17546237
coco500/000000028809.jpg,banana,0.3911,0.2693,1.0,1,0.058691278,0.9852363
coco500/000000028809.jpg,sink,0.3332,0.1555,1.0,0,-0.107428625,2.1366735e-05
coco500/000000028993.jpg,person,0.6502,0.2009,0.0,1,0.013120949,0.23695356
coco500/000000028993.jpg,person,0.571,0.2058,0.0,1,0.011324555,0.19616202
coco500/000000028993.jpg,person,0.555,0.1899,0.0,1,-0.004897654,0.057592377
coco500/000000028993.jpg,person,0.4946,0.2012,0.0,1,0.0042162836,0.09604813
coco500/000000028993.jpg,person,0.3444,0.2098,0.0,1,-0.015548378,0.070861936
coco500/000000029187.jpg,person,0.4819,0.1694,0.0,1,-0.009522229,0.081094444
coco500/000000029393.jpg,dog,0.9329,0.2295,0.0,1,0.029238999,0.93688583
coco500/000000029393.jpg,bench,0.5376,0.1532,1.0,0,-0.07084359,0.0007392147
coco500/000000029393.jpg,orange,0.5152,0.2139,0.0,1,0.013467625,0.60633445
coco500/000000029393.jpg,orange,0.3858,0.208,0.0,1,-0.006956622,0.035427343
coco500/000000029393.jpg,orange,0.3081,0.2365,0.0,1,-0.008741349,0.17979226
coco500/000000029397.jpg,person,0.7808,0.1918,1.0,1,-0.0063678026,0.12025459
coco500/000000029397.jpg,bench,0.7366,0.2454,0.0,1,0.008392721,0.67531186
coco500/000000029596.jpg,couch,0.8331,0.2788,1.0,1,0.058318794,0.99098915
coco500/000000029596.jpg,chair,0.8046,0.2856,0.0,1,0.06322749,0.9887
coco500/000000029596.jpg,chair,0.8007,0.2712,0.0,1,0.032832086,0.8752228
coco500/000000029596.jpg,tv,0.7328,0.2129,1.0,1,-0.0017795116,0.0364713
coco500/000000029596.jpg,dining table,0.6325,0.2551,0.0,1,0.05053623,0.9690726
coco500/000000029596.jpg,book,0.5399,0.1837,0.0,1,-0.05865991,0.001152663
coco500/000000029596.jpg,cup,0.5195,0.1671,0.0,1,-0.01955843,0.010205369
coco500/000000029596.jpg,cup,0.5101,0.2095,0.0,1,-0.013693675,0.08988545
coco500/000000029596.jpg,book,0.4935,0.1884,0.0,1,-0.043525904,0.003674057
coco500/000000029596.jpg,vase,0.461,0.2064,0.0,1,-0.011306912,0.11070111
coco500/000000029596.jpg,potted plant,0.4558,0.2422,0.0,1,-0.020422146,0.111546785
coco500/000000029596.jpg,potted plant,0.4007,0.2012,0.0,1,-0.014924526,0.09927414
coco500/000000029596.jpg,potted plant,0.3495,0.1852,0.0,1,-0.014696404,0.023906903
coco500/000000029596.jpg,vase,0.3433,0.2314,0.0,1,0.0109437555,0.5726389
coco500/000000029596.jpg,vase,0.3336,0.1823,0.0,1,-0.009772092,0.04370896
coco500/000000029596.jpg,bowl,0.3165,0.2371,0.0,0,0.003097713,0.12526274
coco500/000000029596.jpg,cup,0.3049,0.2134,0.0,1,-0.0061524957,0.038703386
coco500/000000029640.jpg,bowl,0.614,0.1785,1.0,0,-0.041527063,0.014906105
coco500/000000029640.jpg,broccoli,0.5534,0.2281,0.0,1,0.03423132,0.86022544
coco500/000000029640.jpg,broccoli,0.5142,0.2791,0.0,1,0.07652965,0.9981299
coco500/000000029640.jpg,car,0.4965,0.1604,0.0,0,-0.070993826,0.00037225394
coco500/000000029640.jpg,broccoli,0.4937,0.2668,0.0,1,0.050584838,0.9801301
coco500/000000029640.jpg,car,0.4935,0.1543,0.0,0,-0.0690054,0.00054202386
coco500/000000029640.jpg,broccoli,0.4603,0.2705,0.0,1,0.095422775,0.9997063
coco500/000000029640.jpg,car,0.4407,0.1796,0.0,0,-0.0415702,0.004349594
coco500/000000029640.jpg,broccoli,0.4309,0.2808,0.0,1,0.06636086,0.99235547
coco500/000000029640.jpg,car,0.4276,0.1694,0.0,0,-0.068216205,0.00071143993
coco500/000000029640.jpg,car,0.4272,0.1731,0.0,0,-0.07868107,0.0003231377
coco500/000000029640.jpg,car,0.4255,0.1544,0.0,0,-0.065195516,0.0005997669
coco500/000000029640.jpg,broccoli,0.425,0.2578,0.0,1,0.056744188,0.9791047
coco500/000000029640.jpg,car,0.4223,0.144,0.0,0,-0.06001301,0.0011595587
coco500/000000029640.jpg,broccoli,0.4034,0.2456,0.0,1,0.039879277,0.9270488
coco500/000000029640.jpg,car,0.4027,0.1732,0.0,0,-0.04891099,0.002066684
coco500/000000029640.jpg,car,0.3951,0.1757,0.0,0,-0.046512008,0.0023900452
coco500/000000029640.jpg,car,0.389,0.1669,0.0,0,-0.111195415,1.4692688e-05
coco500/000000029640.jpg,broccoli,0.3872,0.2698,1.0,1,0.064111635,0.9906991
coco500/000000029640.jpg,car,0.3828,0.1438,0.0,0,-0.09782861,5.2605927e-05
coco500/000000029640.jpg,car,0.3784,0.1674,0.0,0,-0.063415274,0.000514566
coco500/000000029640.jpg,broccoli,0.3778,0.2349,0.0,1,-0.0040736347,0.2800838
coco500/000000029640.jpg,broccoli,0.3776,0.259,0.0,1,0.047525913,0.96697617
coco500/000000029640.jpg,broccoli,0.3748,0.2422,0.0,1,0.05399087,0.9684996
coco500/000000029640.jpg,broccoli,0.3713,0.2007,0.0,1,0.027362376,0.66328436
coco500/000000029640.jpg,broccoli,0.3665,0.2751,0.0,1,0.08220413,0.99779934
coco500/000000029640.jpg,car,0.3568,0.1765,0.0,0,-0.063258514,0.0009834266
coco500/000000029640.jpg,broccoli,0.3552,0.2732,0.0,1,0.082383126,0.9981774
coco500/000000029640.jpg,car,0.3529,0.1558,0.0,0,-0.07223487,0.00062277715
coco500/000000029640.jpg,broccoli,0.3486,0.2729,0.0,1,0.09053381,0.99915123
coco500/000000029640.jpg,broccoli,0.3351,0.2532,0.0,1,0.05226785,0.96785194
coco500/000000029640.jpg,knife,0.3348,0.2405,1.0,0,-0.017785817,0.07551527
coco500/000000029640.jpg,broccoli,0.3297,0.2717,0.0,1,0.06554218,0.9898811
coco500/000000029640.jpg,car,0.3251,0.1859,0.0,0,-0.051902696,0.0023712192
coco500/000000029640.jpg,broccoli,0.3227,0.2793,0.0,1,0.075585246,0.9988005
coco500/000000029640.jpg,broccoli,0.3088,0.2517,0.0,1,0.046198025,0.9479759
coco500/000000029640.jpg,broccoli,0.3046,0.226,0.0,1,-0.0007266253,0.20773958
coco500/000000029675.jpg,dog,0.7368,0.1996,1.0,0,-0.048465982,0.007693408
coco500/000000029675.jpg,dog,0.6967,0.1866,0.0,0,-0.0603635,0.0023733904
coco500/000000029675.jpg,dog,0.6915,0.1924,0.0,0,-0.051098555,0.005818799
coco500/000000029675.jpg,dining table,0.4038,0.1746,1.0,1,-0.07843062,0.0003769681
coco500/000000029675.jpg,book,0.3462,0.2102,1.0,0,0.008831054,0.19824797
coco500/000000029984.jpg,person,0.916,0.1985,0.0,1,0.013535306,0.32552454
coco500/000000029984.jpg,person,0.904,0.1746,0.0,1,-6.559491e-05,0.1571858
coco500/000000029984.jpg,person,0.9016,0.1748,0.0,1,-0.005717501,0.0676676
coco500/000000029984.jpg,person,0.8684,0.1766,0.0,1,0.011466771,0.24683702
coco500/000000029984.jpg,chair,0.6897,0.2549,0.0,1,0.037488207,0.85079044
coco500/000000029984.jpg,chair,0.6604,0.2549,0.0,1,0.042135283,0.944024
coco500/000000029984.jpg,umbrella,0.5589,0.2324,0.0,1,0.024056062,0.9050837
coco500/000000029984.jpg,bird,0.4291,0.2251,0.0,0,0.0007954538,0.06800255
coco500/000000030213.jpg,chair,0.7658,0.2751,1.0,1,0.029474586,0.8688323
coco500/000000030213.jpg,refrigerator,0.6911,0.2455,0.0,1,0.012568772,0.6634862
coco500/000000030213.jpg,bowl,0.6739,0.2457,0.0,1,0.01917398,0.7741419
coco500/000000030213.jpg,microwave,0.5726,0.224,0.0,0,-0.010883361,0.17431056
coco500/000000030213.jpg,bottle,0.5486,0.2141,0.0,1,-0.027296156,0.024104234
coco500/000000030213.jpg,sink,0.5185,0.2473,0.0,1,0.04282634,0.9412575
coco500/000000030213.jpg,dining table,0.506,0.2429,1.0,1,0.043654114,0.9417258
coco500/000000030213.jpg,apple,0.4098,0.2209,0.0,1,0.029455274,0.74916905
coco500/000000030213.jpg,apple,0.3951,0.2314,0.0,1,0.03275065,0.8503165
coco500/000000030213.jpg,apple,0.3585,0.2297,0.0,1,0.03011167,0.7840324
coco500/000000030213.jpg,oven,0.3551,0.1907,1.0,1,-0.0015837103,0.12232056
coco500/000000030213.jpg,apple,0.3539,0.2375,0.0,1,0.042544216,0.9006576
coco500/000000030213.jpg,bottle,0.352,0.2321,0.0,1,-0.009400353,0.12737064
coco500/000000030213.jpg,bottle,0.3483,0.23,0.0,1,0.018539503,0.48784834
coco500/000000030213.jpg,apple,0.3398,0.2085,0.0,1,-0.0022663772,0.17693263
coco500/000000030213.jpg,book,0.3246,0.1931,0.0,0,-0.029855877,0.006871764
coco500/000000030213.jpg,bowl,0.3241,0.2062,0.0,1,-0.02027902,0.07112466
coco500/000000030213.jpg,book,0.3194,0.1853,0.0,0,-0.043027103,0.0033629397
coco500/000000030494.jpg,dog,0.8995,0.2249,0.0,1,0.02560088,0.9004124
coco500/000000030504.jpg,person,0.7715,0.2039,0.0,1,-0.0134129375,0.14953603
coco500/000000030504.jpg,backpack,0.4221,0.2817,0.0,1,0.038217813,0.9580467
coco500/000000030785.jpg,bowl,0.5994,0.2129,0.0,1,-0.025423795,0.07167467
coco500/000000030785.jpg,dining table,0.52,0.1608,1.0,1,-0.036639392,0.013247771
coco500/000000030785.jpg,cake,0.4715,0.2173,0.0,0,0.011398345,0.28150892
coco500/000000030785.jpg,cake,0.4214,0.1829,0.0,0,-0.030542448,0.02108315
coco500/000000030785.jpg,broccoli,0.3416,0.2224,0.0,1,0.004741773,0.2368464
coco500/000000030785.jpg,broccoli,0.3227,0.2573,0.0,1,0.04683657,0.95481527
coco500/000000030785.jpg,broccoli,0.3178,0.2454,0.0,1,0.027173907,0.7677812
coco500/000000030785.jpg,broccoli,0.3165,0.2386,0.0,1,0.01578319,0.7458411
coco500/000000030828.jpg,bench,0.7398,0.1552,0.0,1,-0.078382045,0.0002358054
coco500/000000030828.jpg,backpack,0.4564,0.2346,0.0,1,0.012121543,0.56949544
coco500/000000030828.jpg,car,0.374,0.1738,1.0,1,-0.014051229,0.014492052
coco500/000000030828.jpg,person,0.3037,0.2074,0.0,1,-0.04815142,0.0046194457
coco500/000000031050.jpg,vase,0.6841,0.2166,1.0,1,-0.033099487,0.02196478
coco500/000000031050.jpg,vase,0.5815,0.2266,1.0,1,-0.027527869,0.024756482
coco500/000000031050.jpg,vase,0.5384,0.2047,0.0,1,-0.030064091,0.023076069
coco500/000000031050.jpg,potted plant,0.4407,0.2125,1.0,0,-0.024588108,0.07740919
coco500/000000031093.jpg,person,0.84,0.1835,0.0,1,0.0019647032,0.29888505
coco500/000000031093.jpg,person,0.6994,0.2007,1.0,1,0.013407052,0.22293043
coco500/000000031093.jpg,person,0.6467,0.1937,0.0,1,0.00391528,0.13043049
coco500/000000031093.jpg,car,0.3343,0.17,0.0,0,-0.031346202,0.0066361986
coco500/000000031118.jpg,clock,0.8511,0.2318,0.0,1,0.067236766,0.9905815
coco500/000000031118.jpg,clock,0.85,0.2255,0.0,1,0.0559389,0.9757829
coco500/000000031118.jpg,person,0.803,0.1869,0.0,1,-0.0106242895,0.060102392
coco500/000000031118.jpg,person,0.7761,0.1926,0.0,1,-0.03181328,0.009128049
coco500/000000031118.jpg,car,0.6962,0.2125,0.0,1,9.009242e-05,0.13215226
coco500/000000031118.jpg,person,0.6908,0.2268,0.0,1,0.016396493,0.35103846
coco500/000000031118.jpg,person,0.6662,0.215,0.0,1,0.0069648474,0.25268617
coco500/000000031118.jpg,person,0.6608,0.2197,0.0,1,0.01618883,0.33424556
coco500/000000031118.jpg,person,0.6364,0.2086,0.0,1,0.019913495,0.41161025
coco500/000000031118.jpg,person,0.6272,0.1925,0.0,1,-0.006341994,0.087320805
coco500/000000031118.jpg,person,0.5489,0.2155,1.0,1,0.0022533536,0.07505368
coco500/000000031118.jpg,car,0.5487,0.233,0.0,1,0.0209544,0.57429785
coco500/000000031118.jpg,handbag,0.5135,0.1899,0.0,0,-0.0131466985,0.09570811
coco500/000000031118.jpg,person,0.4731,0.205,0.0,1,-0.0024256408,0.1283703
coco500/000000031118.jpg,person,0.4631,0.1814,0.0,1,-0.0032294244,0.044151705
coco500/000000031118.jpg,person,0.4072,0.2241,0.0,1,0.018969461,0.33553955
coco500/000000031118.jpg,handbag,0.3935,0.1692,0.0,0,-0.034527376,0.011660032
coco500/000000031217.jpg,person,0.8926,0.1854,0.0,1,-0.027059972,0.053938635
coco500/000000031217.jpg,sports ball,0.8167,0.1932,0.0,1,-0.018468559,0.07285269
coco500/000000031248.jpg,chair,0.535,0.2744,1.0,1,0.009759933,0.71779513
coco500/000000031248.jpg,chair,0.4269,0.2346,1.0,1,-0.01887545,0.06946202
coco500/000000031248.jpg,chair,0.4175,0.2578,1.0,1,-0.0064050853,0.274091
coco500/000000031248.jpg,potted plant,0.4128,0.2717,0.0,1,0.03403896,0.91870457
coco500/000000031248.jpg,potted plant,0.4074,0.2212,1.0,1,0.011568025,0.4143126
coco500/000000031248.jpg,potted plant,0.4017,0.2263,1.0,1,0.00021025538,0.18123399
coco500/000000031248.jpg,book,0.3338,0.2313,0.0,1,0.027696311,0.6960007
coco500/000000031248.jpg,book,0.3144,0.2445,0.0,1,0.041048437,0.836554
coco500/000000031248.jpg,book,0.3139,0.2201,0.0,1,0.02772814,0.747487
coco500/000000031248.jpg,book,0.31,0.1874,0.0,1,-0.011529297,0.017651606
coco500/000000031248.jpg,book,0.3088,0.1665,0.0,1,-0.017577603,0.0094404165
coco500/000000031248.jpg,book,0.3058,0.2202,0.0,1,0.033034414,0.64500374
coco500/000000031322.jpg,bird,0.748,0.204,0.0,1,0.023335397,0.6961539
coco500/000000031322.jpg,bird,0.7181,0.2051,0.0,1,0.038656667,0.82262754
coco500/000000031322.jpg,bird,0.6988,0.1934,0.0,1,0.003944695,0.21669683
coco500/000000031322.jpg,bird,0.6808,0.1995,0.0,1,0.034431666,0.69351166
coco500/000000031322.jpg,bird,0.6799,0.1927,0.0,1,-0.019805893,0.028957589
coco500/000000031322.jpg,bird,0.6749,0.193,0.0,1,0.027958274,0.58759874
coco500/000000031322.jpg,bird,0.6747,0.203,0.0,1,0.030413494,0.64310753
coco500/000000031322.jpg,bird,0.6706,0.2042,0.0,1,0.016010627,0.5328092
coco500/000000031322.jpg,bird,0.6345,0.1815,0.0,1,-0.019368276,0.015736407
coco500/000000031322.jpg,bird,0.6187,0.1992,0.0,1,0.029487774,0.5615659
coco500/000000031322.jpg,bird,0.6095,0.1774,0.0,1,0.0076178014,0.3071769
coco500/000000031322.jpg,bird,0.6044,0.2086,0.0,1,0.026403204,0.49426517
coco500/000000031322.jpg,bird,0.6001,0.1747,0.0,1,-0.027206302,0.011869909
coco500/000000031322.jpg,bird,0.5815,0.1943,0.0,1,6.912649e-05,0.08743446
coco500/000000031322.jpg,bird,0.5809,0.2017,0.0,1,0.02099967,0.45008782
coco500/000000031322.jpg,bird,0.5514,0.1836,0.0,1,-0.0058787763,0.038374383
coco500/000000031322.jpg,bird,0.5037,0.2062,0.0,1,0.01829271,0.35857373
coco500/000000031322.jpg,bird,0.4885,0.1775,0.0,1,0.011740997,0.33385396
coco500/000000031322.jpg,bird,0.4682,0.2114,0.0,1,0.019625247,0.51927274
coco500/000000031322.jpg,person,0.3439,0.1704,0.0,1,-0.027038917,0.014125052
coco500/000000031322.jpg,person,0.339,0.2107,0.0,1,-0.0058804005,0.05974433
coco500/000000031620.jpg,person,0.8133,0.1698,0.0,1,-0.0028282553,0.16580743
coco500/000000031620.jpg,person,0.8126,0.2032,0.0,1,0.009562537,0.1784137
coco500/000000031620.jpg,chair,0.5761,0.2178,1.0,1,-0.033613846,0.013245755
coco500/000000031620.jpg,cup,0.5336,0.219,0.0,1,0.0029186308,0.17903163
coco500/000000031620.jpg,chair,0.5327,0.1809,1.0,1,-0.006966293,0.029432358
coco500/000000031620.jpg,dining table,0.4711,0.2061,0.0,0,0.002340898,0.14757007
coco500/000000031620.jpg,tie,0.4583,0.1902,0.0,1,-0.008758694,0.04978751
coco500/000000031620.jpg,person,0.4399,0.1531,0.0,1,-0.0024220794,0.109684326
coco500/000000031620.jpg,dining table,0.4296,0.1846,0.0,0,-0.035281166,0.0016476572
coco500/000000031620.jpg,cake,0.3968,0.1548,0.0,1,-0.02633065,0.0061773495
coco500/000000031620.jpg,person,0.3744,0.214,1.0,1,0.007268816,0.1339109
coco500/000000031620.jpg,dining table,0.3602,0.252,0.0,0,0.031055853,0.73338205
coco500/000000031620.jpg,cake,0.3185,0.2279,0.0,1,-0.0135311335,0.059280504
coco500/000000031735.jpg,couch,0.7506,0.2737,1.0,1,0.04046017,0.9760985
coco500/000000031735.jpg,potted plant,0.7339,0.2098,0.0,1,-0.016240299,0.13604003
coco500/000000031735.jpg,potted plant,0.7042,0.2078,0.0,1,-0.040319383,0.009757252
coco500/000000031735.jpg,book,0.4535,0.1675,1.0,1,-0.020246208,0.007799839
coco500/000000031735.jpg,book,0.3964,0.2339,0.0,1,0.03155099,0.58598506
coco500/000000031735.jpg,dining table,0.3225,0.223,1.0,0,-0.007328227,0.047955003
coco500/000000031735.jpg,couch,0.3161,0.2126,1.0,1,-0.023405656,0.034260098
coco500/000000031735.jpg,dining table,0.3004,0.2029,0.0,0,-0.042659715,0.009678468
coco500/000000031749.jpg,clock,0.389,0.2408,0.0,1,0.067176014,0.9946972
coco500/000000031817.jpg,person,0.7765,0.1843,1.0,1,-0.010487184,0.027930573
coco500/000000031817.jpg,person,0.7058,0.1816,0.0,1,-0.019104049,0.049660183
coco500/000000031817.jpg,motorcycle,0.5001,0.207,0.0,1,-0.01238656,0.074700005
coco500/000000031817.jpg,person,0.4079,0.1956,1.0,1,-0.0066422075,0.1390688
coco500/000000031817.jpg,car,0.377,0.1846,1.0,0,-0.03905785,0.010411987
coco500/000000031817.jpg,person,0.3317,0.2008,1.0,1,-0.00468719,0.03247262
coco500/000000032038.jpg,pizza,0.7918,0.2573,1.0,1,0.059041232,0.9856134
coco500/000000032038.jpg,person,0.7803,0.1938,1.0,1,-0.009337321,0.06518016
coco500/000000032038.jpg,bottle,0.3816,0.2101,0.0,1,-0.012270927,0.15261197
coco500/000000032038.jpg,bowl,0.3509,0.1704,0.0,0,-0.017423153,0.010344012
coco500/000000032038.jpg,bowl,0.3038,0.205,0.0,0,-0.015412569,0.014293378
coco500/000000032081.jpg,person,0.844,0.1698,0.0,1,-0.014182076,0.16146302
coco500/000000032285.jpg,toilet,0.7666,0.2578,0.0,1,0.025596067,0.89376193
coco500/000000032334.jpg,person,0.9007,0.1473,0.0,1,-0.037620455,0.022257322
coco500/000000032334.jpg,wine glass,0.8652,0.2532,0.0,1,0.037376836,0.95994467
coco500/000000032334.jpg,person,0.8456,0.1317,1.0,1,-0.046012685,0.009586913
coco500/000000032334.jpg,wine glass,0.8103,0.2563,0.0,1,0.04465437,0.98400277
coco500/000000032334.jpg,wine glass,0.7585,0.1942,1.0,1,-0.015646428,0.014009401
coco500/000000032334.jpg,person,0.7272,0.1766,0.0,1,0.015516341,0.2613663
coco500/000000032334.jpg,person,0.7207,0.178,1.0,1,-0.0005123764,0.07048114
coco500/000000032334.jpg,cup,0.5497,0.2546,1.0,0,0.010841653,0.41579267
coco500/000000032334.jpg,dining table,0.5481,0.1605,1.0,0,-0.040106013,0.0011609615
coco500/000000032334.jpg,chair,0.5199,0.1962,0.0,1,-0.018090576,0.01124849
coco500/000000032334.jpg,person,0.4515,0.1862,0.0,1,-0.0068657696,0.07341915
coco500/000000032570.jpg,person,0.7392,0.1676,0.0,1,-0.0017115921,0.11668176
coco500/000000032570.jpg,person,0.4456,0.1957,0.0,1,-0.025824875,0.010706157
coco500/000000032570.jpg,person,0.439,0.1918,0.0,1,-0.024584725,0.012399115
coco500/000000032570.jpg,person,0.4326,0.1903,0.0,1,-0.036085725,0.0064582857
coco500/000000032570.jpg,person,0.3884,0.2018,0.0,1,-0.006667316,0.027955525
coco500/000000032610.jpg,laptop,0.7556,0.2329,0.0,1,-0.022121966,0.09621682
coco500/000000032610.jpg,laptop,0.7439,0.2646,0.0,1,0.04260218,0.96802866
coco500/000000032610.jpg,laptop,0.7039,0.2466,0.0,1,0.038250342,0.9395953
coco500/000000032610.jpg,laptop,0.6468,0.2279,0.0,1,-0.025997162,0.044265132
coco500/000000032610.jpg,backpack,0.5207,0.2803,1.0,1,0.0472226,0.9893527
coco500/000000032610.jpg,laptop,0.4841,0.2319,0.0,1,0.029867232,0.8182927
coco500/000000032610.jpg,keyboard,0.4271,0.2192,0.0,0,-0.04029998,0.011474865
coco500/000000032610.jpg,keyboard,0.3904,0.2629,0.0,0,0.021720871,0.82704145
coco500/000000032610.jpg,keyboard,0.3814,0.1725,0.0,0,-0.033272862,0.00492799
coco500/000000032610.jpg,laptop,0.3784,0.2136,0.0,1,0.011091396,0.18119726
coco500/000000032610.jpg,keyboard,0.3705,0.1715,0.0,0,-0.011033863,0.015303622
coco500/000000032610.jpg,keyboard,0.3458,0.2598,0.0,0,-0.0066981018,0.3249231
coco500/000000032735.jpg,person,0.7381,0.1648,0.0,1,-0.0033339262,0.14360027
coco500/000000032735.jpg,person,0.4444,0.2081,1.0,1,-0.00681448,0.051306043
coco500/000000032811.jpg,bird,0.8995,0.2532,0.0,1,0.06702942,0.9877045
coco500/000000032817.jpg,person,0.8294,0.2003,0.0,1,0.005400911,0.15841411
coco500/000000032817.jpg,person,0.7121,0.2069,1.0,1,0.005768433,0.11470923
coco500/000000032817.jpg,bottle,0.4649,0.2207,1.0,0,0.0048386604,0.20876016
coco500/000000032817.jpg,toilet,0.434,0.2581,0.0,1,0.023990333,0.8039111
coco500/000000032817.jpg,bottle,0.4279,0.2134,0.0,0,-0.006051719,0.08016564
coco500/000000032817.jpg,bottle,0.3714,0.2303,1.0,0,0.011902824,0.28486893
coco500/000000032817.jpg,cup,0.3662,0.2043,0.0,0,-0.0065785646,0.071853474
coco500/000000032817.jpg,bowl,0.3519,0.2393,1.0,0,-0.011844933,0.1376169
coco500/000000032817.jpg,cup,0.3332,0.2277,0.0,0,0.0023106784,0.13445494
coco500/000000032817.jpg,bottle,0.328,0.2144,0.0,0,-0.0034746379,0.05728398
coco500/000000032817.jpg,bottle,0.3203,0.2114,0.0,0,-0.00887467,0.051966254
coco500/000000032861.jpg,person,0.9065,0.1814,0.0,1,-0.021155775,0.07174207
coco500/000000032861.jpg,umbrella,0.8568,0.2406,0.0,1,0.0655773,0.99454135
coco500/000000032887.jpg,person,0.8187,0.1958,0.0,1,-0.026125923,0.06471424
coco500/000000032887.jpg,person,0.7564,0.2054,0.0,1,-0.0006762147,0.106551446
coco500/000000032887.jpg,backpack,0.6302,0.2251,0.0,1,0.014415234,0.65415156
coco500/000000032901.jpg,tie,0.8736,0.2134,0.0,1,-0.0077794045,0.07763967
coco500/000000032901.jpg,person,0.8087,0.1311,1.0,1,-0.007993296,0.10289571
coco500/000000032901.jpg,person,0.7848,0.202,1.0,1,0.00521937,0.17580637
coco500/000000032901.jpg,chair,0.7734,0.2827,1.0,1,0.05777052,0.9865406
coco500/000000032901.jpg,chair,0.7585,0.2266,1.0,1,-0.01116395,0.084154636
coco500/000000032901.jpg,cup,0.6434,0.1921,0.0,1,-0.039177224,0.0062461332
coco500/000000032901.jpg,bottle,0.6015,0.2275,0.0,1,0.007857665,0.57213706
coco500/000000032901.jpg,bottle,0.5985,0.214,0.0,1,0.009829864,0.29358447
coco500/000000032901.jpg,bottle,0.5926,0.2168,0.0,1,0.017104417,0.31563026
coco500/000000032901.jpg,cup,0.5908,0.196,0.0,1,-0.03374426,0.008350233
coco500/000000032901.jpg,bottle,0.5898,0.2361,0.0,1,0.0043470114,0.36888832
coco500/000000032901.jpg,dining table,0.578,0.1686,1.0,1,-0.056873783,0.0005414471
coco500/000000032901.jpg,bottle,0.5771,0.2014,0.0,1,0.010144427,0.16231298
coco500/000000032901.jpg,person,0.5725,0.1997,1.0,1,-0.034576416,0.029551564
coco500/000000032901.jpg,chair,0.5297,0.1882,0.0,1,-0.03459142,0.007943476
coco500/000000032901.jpg,person,0.5145,0.2091,1.0,1,-0.018151388,0.021781737
coco500/000000032901.jpg,chair,0.5054,0.1876,1.0,1,-0.013036907,0.017037507
coco500/000000032901.jpg,dining table,0.4788,0.1783,1.0,1,-0.031039774,0.005786536
coco500/000000032901.jpg,bottle,0.4246,0.1957,1.0,1,-0.00030459464,0.052038103
coco500/000000032901.jpg,dining table,0.4173,0.1707,1.0,1,-0.027279362,0.003749925
coco500/000000032901.jpg,wine glass,0.4081,0.2269,0.0,1,0.0077695847,0.39254302
coco500/000000032901.jpg,person,0.404,0.2091,1.0,1,-0.008653387,0.03176706
coco500/000000032901.jpg,person,0.3959,0.1826,0.0,1,0.016031295,0.3454157
coco500/000000032901.jpg,chair,0.382,0.2084,0.0,1,-0.010031715,0.028602984
coco500/000000032901.jpg,chair,0.3706,0.2083,1.0,1,-0.013065681,0.036263306
coco500/000000032901.jpg,person,0.3568,0.1962,0.0,1,-0.008756354,0.06081763
coco500/000000032901.jpg,bottle,0.3237,0.1909,0.0,1,-0.03931719,0.0064545614
coco500/000000032901.jpg,person,0.3095,0.1996,0.0,1,0.0022111684,0.15760598
coco500/000000032941.jpg,car,0.8013,0.2284,0.0,1,0.03255026,0.86843485
coco500/000000032941.jpg,car,0.7912,0.2323,0.0,1,0.046253994,0.9170686
coco500/000000032941.jpg,person,0.72,0.1866,0.0,1,-0.029292375,0.016641585
coco500/000000032941.jpg,person,0.7035,0.2131,0.0,1,0.012512103,0.34045392
coco500/000000032941.jpg,person,0.6809,0.2203,0.0,1,0.0043530166,0.23699223
coco500/000000032941.jpg,person,0.6264,0.2032,0.0,1,-0.021258324,0.022535957
coco500/000000032941.jpg,bus,0.569,0.212,0.0,1,0.00079765916,0.2125543
coco500/000000032941.jpg,car,0.5107,0.2048,0.0,1,-0.0037744641,0.30020487
coco500/000000032941.jpg,truck,0.4733,0.175,0.0,1,-0.019119829,0.010547012
coco500/000000032941.jpg,person,0.4497,0.214,0.0,1,-0.0038948208,0.13752048
coco500/000000032941.jpg,truck,0.42,0.2297,0.0,1,0.013174534,0.73517007
coco500/000000032941.jpg,car,0.3765,0.2212,0.0,1,-0.0013181269,0.07439881
coco500/000000032941.jpg,person,0.3632,0.2074,0.0,1,0.006894052,0.12719254
coco500/000000032941.jpg,person,0.322,0.2122,0.0,1,-0.02911526,0.016954694
coco500/000000033005.jpg,person,0.9075,0.1896,0.0,1,-0.02473931,0.06671226
coco500/000000033005.jpg,bench,0.4348,0.2067,1.0,0,-0.025613204,0.02564246
coco500/000000033104.jpg,person,0.7886,0.2004,0.0,1,0.014166504,0.32913062
coco500/000000033104.jpg,person,0.7652,0.1893,0.0,1,0.0138335675,0.36005718
coco500/000000033104.jpg,person,0.7515,0.2058,0.0,1,-0.017091855,0.05312855
coco500/000000033104.jpg,person,0.4213,0.2012,1.0,1,-0.018790841,0.025685975
coco500/000000033104.jpg,person,0.4143,0.1727,1.0,1,-0.03136082,0.017764552
coco500/000000033104.jpg,person,0.3807,0.1841,1.0,1,-0.007545337,0.040949665
coco500/000000033104.jpg,person,0.3364,0.2081,1.0,1,-0.013734028,0.11362699
coco500/000000033109.jpg,car,0.8236,0.219,0.0,1,0.021364644,0.80986816
coco500/000000033109.jpg,car,0.823,0.2269,0.0,1,0.028661817,0.8453118
coco500/000000033109.jpg,truck,0.7103,0.2333,0.0,1,0.06457029,0.9931821
coco500/000000033109.jpg,person,0.6752,0.2035,0.0,0,-0.054717734,0.00409368
coco500/000000033109.jpg,car,0.6347,0.2368,0.0,1,0.014987275,0.506356
coco500/000000033109.jpg,car,0.5543,0.2267,0.0,1,0.014171287,0.20330353
coco500/000000033109.jpg,truck,0.5518,0.1914,0.0,1,-0.050034076,0.0064609605
coco500/000000033109.jpg,car,0.4445,0.1715,0.0,1,-0.02418314,0.006762452
coco500/000000033109.jpg,truck,0.3919,0.1582,0.0,1,-0.045421734,0.00305291
coco500/000000033109.jpg,car,0.389,0.2175,0.0,1,0.022038355,0.67936736
coco500/000000033109.jpg,truck,0.3271,0.1882,0.0,1,-0.0323433,0.009990222
coco500/000000033221.jpg,person,0.8735,0.2185,0.0,1,0.022975564,0.46640554
coco500/000000033221.jpg,person,0.8684,0.2069,0.0,1,-0.030637875,0.038973924
coco500/000000033221.jpg,person,0.863,0.1847,1.0,1,0.0014587343,0.2716268
coco500/000000033221.jpg,person,0.8477,0.2217,0.0,1,0.010655016,0.2809564
coco500/000000033221.jpg,person,0.8452,0.2194,0.0,1,0.00018753111,0.2816551
coco500/000000033221.jpg,person,0.825,0.1973,1.0,1,-0.0049945116,0.20639944
coco500/000000033221.jpg,person,0.6228,0.2036,0.0,1,-0.013866171,0.047736067
coco500/000000033221.jpg,person,0.6074,0.2012,0.0,1,0.0046320558,0.1299137
coco500/000000033221.jpg,car,0.5889,0.2284,1.0,1,0.021104738,0.4148418
coco500/000000033221.jpg,person,0.5842,0.2106,0.0,1,-0.0029065162,0.17897125
coco500/000000033221.jpg,person,0.5353,0.2163,0.0,1,-0.023900345,0.04407722
coco500/000000033221.jpg,teddy bear,0.3944,0.1846,0.0,0,-0.030115187,0.011307592
coco500/000000033221.jpg,backpack,0.3786,0.2208,0.0,0,0.0053296834,0.3037625
coco500/000000033221.jpg,car,0.3762,0.2109,0.0,1,0.004081592,0.47290158
coco500/000000033221.jpg,car,0.3604,0.2009,0.0,1,-0.01757072,0.018864427
coco500/000000033221.jpg,person,0.3594,0.2051,0.0,1,-0.022844747,0.030799
coco500/000000033221.jpg,handbag,0.354,0.2034,0.0,1,-0.016540289,0.049620636
coco500/000000033221.jpg,bicycle,0.3476,0.1608,1.0,0,-0.030198008,0.010070805
coco500/000000033221.jpg,person,0.3193,0.2126,0.0,1,-0.007410586,0.10539763
coco500/000000033221.jpg,handbag,0.3171,0.1973,0.0,1,-0.0078010857,0.020552276
coco500/000000033221.jpg,handbag,0.3158,0.2008,0.0,1,-0.014715552,0.032078326
coco500/000000033221.jpg,truck,0.3104,0.2091,0.0,1,-0.021978155,0.022692936
coco500/000000033221.jpg,truck,0.3103,0.1388,0.0,1,-0.01967816,0.009447692
coco500/000000033368.jpg,person,0.8126,0.1757,0.0,1,-0.012479261,0.12089518
coco500/000000033368.jpg,sports ball,0.6655,0.2461,0.0,1,0.04041387,0.9526547
coco500/000000033638.jpg,person,0.8682,0.2002,0.0,1,0.0038986653,0.16753826
coco500/000000033638.jpg,bowl,0.6257,0.2067,0.0,1,-0.0063734055,0.059795618
coco500/000000033638.jpg,bowl,0.4992,0.2021,0.0,1,0.011100426,0.24474844
coco500/000000033638.jpg,bowl,0.4416,0.1824,0.0,1,-0.028150469,0.010509705
coco500/000000033638.jpg,oven,0.4186,0.1879,1.0,1,-0.026245758,0.008757631
coco500/000000033638.jpg,bowl,0.4064,0.2058,0.0,1,-0.02260317,0.023738973
coco500/000000033638.jpg,clock,0.4054,0.1517,0.0,0,-0.060997978,0.0011666133
coco500/000000033638.jpg,bowl,0.3462,0.1786,0.0,1,-0.012639403,0.044478837
coco500/000000033638.jpg,cup,0.3385,0.2224,0.0,0,-0.00087320805,0.14352632
coco500/000000033638.jpg,cup,0.3362,0.2107,0.0,0,-0.013957366,0.05772452
coco500/000000033638.jpg,bowl,0.3173,0.1985,0.0,1,-0.040064514,0.0054030134
coco500/000000033638.jpg,bowl,0.3159,0.1888,0.0,1,-0.020040184,0.02402071
coco500/000000033638.jpg,cup,0.3158,0.1859,0.0,0,-0.014860913,0.018105516
coco500/000000033638.jpg,spoon,0.3123,0.1654,0.0,1,-0.017033279,0.03323511
coco500/000000033638.jpg,spoon,0.3037,0.1688,0.0,1,-0.013318434,0.022312785
coco500/000000033638.jpg,bowl,0.3025,0.1539,0.0,1,-0.03711003,0.0077783684
coco500/000000033759.jpg,person,0.9123,0.168,0.0,1,-0.043144643,0.012424182
coco500/000000033759.jpg,sports ball,0.7999,0.2137,0.0,1,0.011355519,0.5021946
coco500/000000033759.jpg,truck,0.4827,0.172,1.0,1,-0.04650311,0.0058172764
coco500/000000033854.jpg,bus,0.8288,0.2445,1.0,1,0.06322591,0.98858184
coco500/000000033854.jpg,person,0.8007,0.2045,0.0,1,0.015965983,0.30213475
coco500/000000033854.jpg,person,0.7615,0.178,0.0,1,-0.04390858,0.009491885
coco500/000000033854.jpg,person,0.7467,0.2001,0.0,1,-0.018218338,0.017264519
coco500/000000033854.jpg,car,0.7358,0.2469,0.0,1,0.024260983,0.71304786
coco500/000000033854.jpg,person,0.7322,0.2061,0.0,1,0.009411335,0.41650644
coco500/000000033854.jpg,motorcycle,0.7065,0.2456,0.0,1,0.052154094,0.9870841
coco500/000000033854.jpg,person,0.6295,0.205,0.0,1,-0.003873527,0.14490274
coco500/000000033854.jpg,motorcycle,0.6225,0.2534,0.0,1,0.038640752,0.9640088
coco500/000000033854.jpg,person,0.6001,0.199,0.0,1,0.011165693,0.24624006
coco500/000000033854.jpg,person,0.5925,0.2074,0.0,1,0.011703491,0.24444696
coco500/000000033854.jpg,car,0.573,0.2242,1.0,1,0.045678586,0.8963076
coco500/000000033854.jpg,car,0.5417,0.2281,1.0,1,-0.002524525,0.3190788
coco500/000000033854.jpg,person,0.5231,0.21,0.0,1,0.0144355,0.27959856
coco500/000000033854.jpg,car,0.5051,0.1702,0.0,1,-0.019700065,0.012336832
coco500/000000033854.jpg,person,0.406,0.2094,0.0,1,-0.0051860064,0.06631527
coco500/000000033854.jpg,handbag,0.3909,0.2002,0.0,0,0.0017521083,0.10060117
coco500/000000033854.jpg,motorcycle,0.3828,0.1763,0.0,1,-0.02818425,0.00654998
coco500/000000033854.jpg,person,0.3659,0.2081,0.0,1,0.015931532,0.32953462
coco500/000000033854.jpg,person,0.363,0.184,0.0,1,0.00035744905,0.06849877
coco500/000000033854.jpg,person,0.3381,0.1926,0.0,1,-0.017930433,0.030193225
coco500/000000033854.jpg,motorcycle,0.3317,0.2262,0.0,1,-0.01354596,0.059765615
coco500/000000033854.jpg,person,0.3234,0.1877,0.0,1,-0.0048108697,0.06562193
coco500/000000033854.jpg,handbag,0.3171,0.1979,0.0,0,-0.0074807853,0.047735635
coco500/000000034139.jpg,suitcase,0.8309,0.2236,0.0,1,0.018329844,0.83022326
coco500/000000034139.jpg,person,0.8149,0.2179,0.0,1,-0.0025940388,0.22929597
coco500/000000034139.jpg,person,0.6673,0.1885,0.0,1,0.020914152,0.35593563
coco500/000000034139.jpg,backpack,0.5977,0.2052,0.0,0,-0.0012745559,0.24114156
coco500/000000034205.jpg,broccoli,0.384,0.2089,1.0,1,0.009385675,0.1312418
coco500/000000034205.jpg,broccoli,0.3124,0.2209,1.0,1,0.033972695,0.8718001
coco500/000000034257.jpg,car,0.488,0.1357,0.0,0,-0.11296889,1.2234207e-05
coco500/000000034257.jpg,car,0.384,0.1604,0.0,0,-0.101405606,3.8777605e-05
coco500/000000034257.jpg,car,0.3599,0.1536,0.0,0,-0.09050076,0.000106360516
coco500/000000034257.jpg,car,0.3597,0.1553,0.0,0,-0.10692042,2.24677e-05
coco500/000000034257.jpg,car,0.3476,0.1613,0.0,0,-0.11320396,1.2061619e-05
coco500/000000034257.jpg,car,0.3215,0.176,0.0,0,-0.099615425,4.65314e-05
coco500/000000034257.jpg,broccoli,0.3103,0.1931,0.0,1,-0.0038308352,0.041653868
coco500/000000034257.jpg,broccoli,0.3036,0.2327,0.0,1,0.037578672,0.9181809
coco500/000000034257.jpg,car,0.3018,0.1613,0.0,0,-0.10152143,3.816079e-05
coco500/000000034452.jpg,person,0.7979,0.1913,0.0,1,-0.006688863,0.18254101
coco500/000000034760.jpg,sink,0.7454,0.2781,1.0,1,0.05087237,0.9882719
coco500/000000034760.jpg,bottle,0.517,0.2024,0.0,1,-0.001322478,0.29510757
coco500/000000034760.jpg,toilet,0.4782,0.2573,0.0,1,0.030574441,0.8496894
coco500/000000034760.jpg,bottle,0.4517,0.1968,0.0,1,-0.010622188,0.033059817
coco500/000000034760.jpg,bottle,0.4245,0.2186,0.0,1,0.0148178935,0.43542477
coco500/000000034760.jpg,scissors,0.3617,0.1669,1.0,0,-0.029356435,0.0066315597
coco500/000000034760.jpg,bottle,0.3186,0.2191,0.0,1,0.0037363172,0.19123186
coco500/000000034760.jpg,toilet,0.3165,0.2556,0.0,1,0.035729498,0.9122916
coco500/000000034873.jpg,chair,0.7067,0.2539,0.0,1,0.04597512,0.9662942
coco500/000000034873.jpg,bowl,0.608,0.1763,0.0,1,-0.03401886,0.0032707897
coco500/000000034873.jpg,chair,0.5407,0.2394,0.0,1,-0.003273502,0.14725396
coco500/000000034873.jpg,bowl,0.4875,0.2076,0.0,1,0.0008907914,0.07352805
coco500/000000034873.jpg,bottle,0.4617,0.218,0.0,0,-0.0007869899,0.112303264
coco500/000000034873.jpg,chair,0.4396,0.2644,0.0,1,0.044497937,0.9599006
coco500/000000034873.jpg,cup,0.4333,0.2126,0.0,1,-0.012108415,0.06941851
coco500/000000034873.jpg,sink,0.3929,0.1935,0.0,1,-0.031197548,0.005055619
coco500/000000034873.jpg,cup,0.3788,0.1929,0.0,1,-0.016718596,0.04514674
coco500/000000034873.jpg,handbag,0.3518,0.2064,0.0,0,-0.010695547,0.0411888
coco500/000000034873.jpg,oven,0.3372,0.2091,0.0,0,-0.0053837746,0.11730684
coco500/000000034873.jpg,toaster,0.3358,0.2415,0.0,0,-0.01768203,0.1263392
coco500/000000034873.jpg,apple,0.3272,0.1637,0.0,1,-0.023009747,0.008019028
coco500/000000034873.jpg,chair,0.3011,0.2407,0.0,1,-0.0054008663,0.09194578
coco500/000000035062.jpg,bed,0.7524,0.2274,1.0,1,0.025628954,0.6306757
coco500/000000035062.jpg,person,0.4949,0.1919,0.0,1,-0.007653773,0.07106669
coco500/000000035197.jpg,person,0.675,0.1956,0.0,1,-0.020968392,0.08021908
coco500/000000035197.jpg,person,0.5844,0.1947,1.0,1,0.006402135,0.15412384
coco500/000000035279.jpg,person,0.8052,0.1989,1.0,1,0.01786673,0.5114006
coco500/000000035279.jpg,laptop,0.7337,0.2386,1.0,1,0.041092098,0.94087595
coco500/000000035279.jpg,cell phone,0.6727,0.2489,0.0,1,0.033889636,0.8565579
coco500/000000035279.jpg,bottle,0.6559,0.2505,0.0,1,0.013844743,0.64939135
coco500/000000035279.jpg,book,0.6453,0.2198,0.0,1,0.027363062,0.83297825
coco500/000000035279.jpg,cell phone,0.6411,0.2566,0.0,1,0.019617438,0.60605735
coco500/000000035279.jpg,cup,0.5254,0.2286,0.0,0,-0.0143790245,0.07886844
coco500/000000035279.jpg,backpack,0.4353,0.2123,1.0,0,-0.037449628,0.016670238
coco500/000000035279.jpg,laptop,0.3932,0.1445,0.0,1,-0.068691626,0.00045611913
coco500/000000035279.jpg,book,0.3189,0.1892,1.0,1,-0.017844483,0.034321614
coco500/000000035326.jpg,oven,0.4725,0.2637,0.0,1,0.027163073,0.9297225
coco500/000000035326.jpg,knife,0.4632,0.2192,0.0,1,-0.011862174,0.045401562
coco500/000000035326.jpg,bottle,0.4568,0.1887,0.0,1,-0.0114893615,0.04963209
coco500/000000035326.jpg,knife,0.4511,0.2264,0.0,1,0.0068205,0.27482778
coco500/000000035326.jpg,bottle,0.4484,0.2068,0.0,1,0.0036712885,0.09272064
coco500/000000035326.jpg,bottle,0.429,0.1814,0.0,1,-0.010363996,0.022485733
coco500/000000035326.jpg,bottle,0.4103,0.2059,0.0,1,-0.021395564,0.032079417
coco500/000000035326.jpg,bottle,0.4079,0.2009,0.0,1,-0.048524737,0.005457894
coco500/000000035326.jpg,bottle,0.4067,0.2028,0.0,1,-0.0039189756,0.049470004
coco500/000000035326.jpg,bottle,0.402,0.2001,0.0,1,-0.02622445,0.02471315
coco500/000000035326.jpg,bottle,0.3857,0.2009,0.0,1,-0.038071528,0.010526764
coco500/000000035326.jpg,bottle,0.3675,0.1969,0.0,1,-0.0028704554,0.042922586
coco500/000000035326.jpg,bottle,0.3428,0.1846,0.0,1,-0.02212885,0.012193401
coco500/000000035326.jpg,bottle,0.3388,0.2021,0.0,1,-0.0016575754,0.049539883
coco500/000000035326.jpg,knife,0.3051,0.2169,0.0,1,-0.010182276,0.06412193
coco500/000000035682.jpg,person,0.8963,0.1981,1.0,1,-0.0075082183,0.15453714
coco500/000000035682.jpg,cup,0.8216,0.2286,0.0,1,0.009664148,0.4799815
coco500/000000035682.jpg,donut,0.7091,0.2734,0.0,1,0.09035955,0.9996137
coco500/000000035682.jpg,cup,0.6532,0.25,0.0,1,-0.0034360439,0.30428845
coco500/000000035682.jpg,donut,0.6249,0.2396,0.0,1,0.011419207,0.71729064
coco500/000000035682.jpg,donut,0.6121,0.2391,0.0,1,0.0076303333,0.3234512
coco500/000000035682.jpg,donut,0.6104,0.2791,0.0,1,0.08399713,0.99932027
coco500/000000035682.jpg,chair,0.5478,0.1873,1.0,1,-0.022571474,0.013506627
coco500/000000035682.jpg,person,0.5459,0.2334,0.0,1,0.016227663,0.4645083
coco500/000000035682.jpg,handbag,0.5389,0.2404,0.0,1,0.007640019,0.3834805
coco500/000000035682.jpg,dining table,0.4956,0.1741,1.0,1,-0.08141561,0.00028601583
coco500/000000035682.jpg,donut,0.4825,0.2554,0.0,1,0.02803868,0.9189399
coco500/000000035682.jpg,person,0.4186,0.2234,1.0,1,0.014102608,0.27763888
coco500/000000035682.jpg,person,0.3883,0.2198,0.0,1,-0.00016888976,0.066843204
coco500/000000035682.jpg,donut,0.3346,0.2131,0.0,1,-0.015791237,0.023071617
coco500/000000035682.jpg,spoon,0.3115,0.2092,0.0,0,-0.009451836,0.026014635
coco500/000000035682.jpg,microwave,0.3006,0.2019,0.0,0,-0.019545212,0.009750792
coco500/000000035770.jpg,sink,0.4907,0.2235,1.0,1,-0.0071234554,0.07229577
coco500/000000035770.jpg,toilet,0.3865,0.1812,0.0,1,-0.027433813,0.006591311
coco500/000000035770.jpg,sink,0.3108,0.2649,0.0,1,0.03892964,0.9006535
coco500/000000035963.jpg,teddy bear,0.4161,0.2505,0.0,1,0.04638107,0.97230035
coco500/000000036539.jpg,person,0.827,0.2135,0.0,1,0.020909876,0.47189507
coco500/000000036539.jpg,person,0.7474,0.201,0.0,1,0.0038859993,0.31400555
coco500/000000036660.jpg,cell phone,0.761,0.2507,0.0,1,0.026083022,0.9190616
coco500/000000036660.jpg,cell phone,0.658,0.2432,0.0,1,0.020664841,0.8152506
coco500/000000036660.jpg,cell phone,0.5423,0.2489,0.0,1,0.03460063,0.9498125
coco500/000000036660.jpg,person,0.4665,0.1904,1.0,1,0.004344091,0.12798089
coco500/000000036660.jpg,person,0.4638,0.1852,1.0,1,-0.0019180477,0.08209723
coco500/000000036660.jpg,dining table,0.3741,0.1481,1.0,0,-0.099578515,4.5575332e-05
coco500/000000036660.jpg,cell phone,0.3731,0.2203,0.0,1,0.0035859793,0.19674385
coco500/000000036660.jpg,person,0.339,0.1735,1.0,1,-0.064936265,0.0011053783
coco500/000000036678.jpg,clock,0.6021,0.2052,0.0,1,0.017456234,0.30527806
coco500/000000036678.jpg,clock,0.5856,0.2057,0.0,1,0.023978159,0.47743434
coco500/000000036844.jpg,tv,0.8015,0.2729,0.0,1,0.039470643,0.9613783
coco500/000000036844.jpg,chair,0.7277,0.2708,0.0,1,0.04937181,0.9800424
coco500/000000036844.jpg,potted plant,0.715,0.2231,0.0,1,0.008905992,0.2056761
coco500/000000036844.jpg,potted plant,0.6864,0.2208,0.0,1,0.013632789,0.55746186
coco500/000000036844.jpg,potted plant,0.6795,0.2115,0.0,1,-0.0006171018,0.12949856
coco500/000000036844.jpg,bicycle,0.6731,0.2559,0.0,1,0.019493818,0.7930807
coco500/000000036844.jpg,remote,0.6228,0.1511,0.0,1,-0.030988052,0.005115275
coco500/000000036844.jpg,cup,0.5339,0.2114,0.0,1,0.0066985786,0.25034574
coco500/000000036844.jpg,potted plant,0.5046,0.2169,0.0,1,-0.007572055,0.1763227
coco500/000000036844.jpg,chair,0.4575,0.272,0.0,1,-0.010604739,0.2526351
coco500/000000036844.jpg,couch,0.4305,0.2354,0.0,1,0.011647433,0.35472992
coco500/000000036844.jpg,tv,0.3649,0.1936,1.0,1,-0.006591022,0.034936894
coco500/000000036844.jpg,refrigerator,0.3227,0.1814,1.0,1,-0.059657723,0.00046096984
coco500/000000036936.jpg,tv,0.9126,0.2739,0.0,1,0.04334475,0.97610646
coco500/000000036936.jpg,cell phone,0.782,0.2032,1.0,1,-0.014807314,0.025154095
coco500/000000036936.jpg,person,0.745,0.191,0.0,1,-0.0014696419,0.21503118
coco500/000000036936.jpg,cup,0.7404,0.167,0.0,1,-0.013318703,0.05154473
coco500/000000036936.jpg,cup,0.6958,0.2009,0.0,1,-0.022021204,0.04727354
coco500/000000036936.jpg,couch,0.6724,0.2008,1.0,1,0.008012399,0.29812866
coco500/000000036936.jpg,cup,0.5958,0.194,0.0,1,-0.0081759095,0.09434454
coco500/000000036936.jpg,cup,0.5765,0.2319,0.0,1,0.00891079,0.5112029
coco500/000000036936.jpg,cup,0.4977,0.1829,0.0,1,-0.010006815,0.034060992
coco500/000000036936.jpg,cup,0.4726,0.1875,0.0,1,-0.0051468015,0.089892216
coco500/000000036936.jpg,bottle,0.4724,0.2107,0.0,0,-0.0005634725,0.24964221
coco500/000000036936.jpg,vase,0.472,0.1877,0.0,0,-0.038647577,0.0066308943
coco500/000000036936.jpg,cup,0.4704,0.1907,0.0,1,-0.0114156455,0.08560896
coco500/000000036936.jpg,potted plant,0.4671,0.2202,0.0,1,-0.014406145,0.18093067
coco500/000000036936.jpg,cup,0.4251,0.2007,0.0,1,-0.010676861,0.025312595
coco500/000000036936.jpg,cup,0.4039,0.1968,0.0,1,-0.010488957,0.019291805
coco500/000000036936.jpg,person,0.3918,0.2078,0.0,1,0.006169915,0.20984288
coco500/000000036936.jpg,cup,0.3883,0.161,0.0,1,-0.021689907,0.010957977
coco500/000000036936.jpg,remote,0.3719,0.1938,0.0,1,-0.0069278926,0.043700904
coco500/000000036936.jpg,dining table,0.3621,0.2329,1.0,0,0.023321345,0.76624167
coco500/000000036936.jpg,book,0.3605,0.1625,0.0,1,-0.042933732,0.003328041
coco500/000000036936.jpg,remote,0.3503,0.1885,0.0,1,-0.027546406,0.013507561
coco500/000000036936.jpg,cup,0.3281,0.1826,0.0,1,-0.014088139,0.019005032
coco500/000000036936.jpg,book,0.3115,0.2095,1.0,1,0.012677804,0.20224722
coco500/000000036936.jpg,bottle,0.3111,0.2275,0.0,0,-0.0028706342,0.15645999
coco500/000000037670.jpg,person,0.6406,0.1942,1.0,1,-0.049630105,0.0023943514
coco500/000000037670.jpg,remote,0.6138,0.2539,0.0,1,0.03224826,0.95063764
coco500/000000037670.jpg,toilet,0.4679,0.1929,1.0,1,-0.040315792,0.006699757
coco500/000000037689.jpg,person,0.7171,0.1823,0.0,1,0.0022881925,0.1438227
coco500/000000037689.jpg,person,0.71,0.1615,0.0,1,-0.027864039,0.019259583
coco500/000000037689.jpg,person,0.6234,0.2209,0.0,1,0.022662252,0.5227255
coco500/000000037689.jpg,person,0.6054,0.2032,0.0,1,0.00391376,0.14158301
coco500/000000037689.jpg,person,0.5903,0.179,0.0,1,-0.02506806,0.009110672
coco500/000000037689.jpg,person,0.5054,0.1736,0.0,1,-0.011551246,0.022138609
coco500/000000037689.jpg,person,0.488,0.2047,0.0,1,-0.006640494,0.04707532
coco500/000000037689.jpg,person,0.4478,0.1608,0.0,1,-0.041220337,0.0057494203
coco500/000000037689.jpg,person,0.4445,0.1638,0.0,1,0.0100387335,0.12526307
coco500/000000037689.jpg,person,0.4319,0.191,0.0,1,-0.035296038,0.0077965357
coco500/000000037689.jpg,person,0.4217,0.1854,0.0,1,-0.011160046,0.021578623
coco500/000000037689.jpg,person,0.402,0.1794,1.0,1,-0.0072656423,0.049602516
coco500/000000037689.jpg,person,0.3841,0.2054,0.0,1,-0.01740937,0.01800199
coco500/000000037689.jpg,person,0.3787,0.1757,0.0,1,-0.017737597,0.015792899
coco500/000000037689.jpg,person,0.3777,0.1677,0.0,1,-0.007893607,0.07224024
coco500/000000037689.jpg,person,0.3505,0.1746,0.0,1,-0.012470618,0.021158932
coco500/000000037689.jpg,person,0.348,0.1669,0.0,1,-0.025896356,0.009145348
coco500/000000037689.jpg,person,0.3468,0.1902,0.0,1,-0.011563048,0.020282518
coco500/000000037689.jpg,person,0.3458,0.182,0.0,1,-0.025031522,0.010475248
coco500/000000037689.jpg,person,0.3324,0.1763,0.0,1,-0.019133806,0.018157829
coco500/000000037689.jpg,person,0.3246,0.1791,0.0,1,-0.018428221,0.01591431
coco500/000000037689.jpg,person,0.3083,0.1781,0.0,1,-0.004994899,0.040281866
coco500/000000037689.jpg,person,0.3058,0.1847,0.0,1,-0.0143200755,0.028191056
coco500/000000037740.jpg,mouse,0.9183,0.1694,0.0,1,-0.03985229,0.0040726666
coco500/000000037740.jpg,keyboard,0.9086,0.2634,0.0,1,0.041728973,0.9542544
coco500/000000037740.jpg,tv,0.8486,0.2382,0.0,1,0.020109206,0.7704385
coco500/000000037740.jpg,laptop,0.8321,0.2747,0.0,1,0.040765017,0.9529771
coco500/000000037740.jpg,chair,0.8176,0.262,0.0,1,0.06753239,0.99231863
coco500/000000037740.jpg,chair,0.6948,0.2469,1.0,1,0.019110441,0.45140576
coco500/000000037740.jpg,potted plant,0.6845,0.2769,0.0,1,0.041706294,0.9720062
coco500/000000037740.jpg,book,0.4386,0.2224,0.0,1,0.024526298,0.42745587
coco500/000000037740.jpg,book,0.438,0.2393,0.0,1,0.04291591,0.83959544
coco500/000000037740.jpg,book,0.4249,0.2185,0.0,1,0.033295542,0.6685489
coco500/000000037740.jpg,book,0.4205,0.24,0.0,1,0.04463318,0.8585213
coco500/000000037740.jpg,book,0.4054,0.2183,0.0,1,0.028385222,0.5098014
coco500/000000037740.jpg,book,0.4024,0.2391,0.0,1,0.034242943,0.680647
coco500/000000037740.jpg,book,0.4,0.24,0.0,1,0.030156672,0.5708086
coco500/000000037740.jpg,book,0.396,0.2144,0.0,1,0.023205936,0.365204
coco500/000000037740.jpg,chair,0.3853,0.2732,1.0,1,-0.009096324,0.2796498
coco500/000000037740.jpg,book,0.3844,0.2395,0.0,1,0.02646193,0.5595056
coco500/000000037740.jpg,book,0.3836,0.218,1.0,1,0.011231303,0.15475903
coco500/000000037740.jpg,book,0.3809,0.2183,0.0,1,0.029911816,0.598265
coco500/000000037740.jpg,book,0.3656,0.229,0.0,1,0.026792675,0.4719614
coco500/000000037740.jpg,book,0.3579,0.2075,0.0,1,0.0040424615,0.12769634
coco500/000000037740.jpg,book,0.3563,0.2333,0.0,1,0.023198336,0.37125298
coco500/000000037740.jpg,dining table,0.353,0.2089,0.0,0,-0.026083812,0.061454628
coco500/000000037740.jpg,book,0.3424,0.2053,0.0,1,0.002520293,0.07540848
coco500/000000037740.jpg,book,0.3397,0.1957,1.0,1,-0.022061244,0.01234798
coco500/000000037740.jpg,book,0.3254,0.2356,1.0,1,0.022558063,0.4058624
coco500/000000037740.jpg,clock,0.3068,0.1769,0.0,0,-0.027626157,0.008614399
coco500/000000037751.jpg,person,0.8781,0.1931,0.0,1,-0.0530608,0.004671314
coco500/000000037751.jpg,motorcycle,0.7795,0.2363,0.0,1,0.040086597,0.952591
coco500/000000037751.jpg,motorcycle,0.5597,0.2412,1.0,1,0.011677027,0.4276173
coco500/000000037751.jpg,backpack,0.5253,0.2002,0.0,1,-0.039752856,0.017089728
coco500/000000037751.jpg,person,0.3623,0.1879,1.0,1,-0.007557854,0.042875823
coco500/000000037777.jpg,refrigerator,0.7917,0.1995,1.0,1,-0.010008216,0.02169814
coco500/000000037777.jpg,dining table,0.7362,0.1434,1.0,1,-0.092194274,8.359805e-05
coco500/000000037777.jpg,chair,0.7002,0.1415,1.0,1,-0.09059721,7.313548e-05
coco500/000000037777.jpg,chair,0.6675,0.203,0.0,1,-0.015086636,0.02496145
coco500/000000037777.jpg,banana,0.627,0.2111,0.0,1,-0.035447493,0.026870677
coco500/000000037777.jpg,potted plant,0.6253,0.2291,0.0,1,-0.011333793,0.08354895
coco500/000000037777.jpg,chair,0.6044,0.1935,1.0,1,-0.019320756,0.013217009
coco500/000000037777.jpg,bowl,0.5838,0.1974,0.0,0,-0.04323016,0.006113323
coco500/000000037777.jpg,orange,0.5518,0.2317,0.0,1,-0.005827233,0.32615364
coco500/000000037777.jpg,orange,0.5421,0.2534,0.0,1,0.048744217,0.9726376
coco500/000000037777.jpg,orange,0.5395,0.2549,0.0,1,0.052424014,0.9783013
coco500/000000037777.jpg,orange,0.5213,0.2466,0.0,1,0.045488298,0.9596953
coco500/000000037777.jpg,orange,0.5173,0.252,0.0,1,0.044350103,0.95373005
coco500/000000037777.jpg,toaster,0.502,0.205,0.0,0,-0.0074675083,0.032020148
coco500/000000037777.jpg,sink,0.4485,0.2063,0.0,1,-0.01555112,0.017170165
coco500/000000037777.jpg,bottle,0.4288,0.1653,0.0,0,-0.020470679,0.008143206
coco500/000000037777.jpg,bottle,0.3817,0.2218,0.0,0,-0.0031828433,0.05956641
coco500/000000037777.jpg,oven,0.3785,0.2676,0.0,1,0.016186804,0.8144907
coco500/000000037777.jpg,orange,0.3376,0.2522,0.0,1,0.042362913,0.9494747
coco500/000000037777.jpg,vase,0.3336,0.1965,0.0,0,-0.012544051,0.043332927
coco500/000000037777.jpg,cup,0.3326,0.208,0.0,0,-0.022191271,0.028813887
coco500/000000037988.jpg,person,0.8753,0.1925,0.0,1,-0.0062838793,0.26107526
coco500/000000037988.jpg,sports ball,0.8246,0.2061,0.0,1,0.002600044,0.30213574
coco500/000000037988.jpg,person,0.8186,0.1959,1.0,1,-0.008176371,0.2382641
coco500/000000037988.jpg,person,0.7413,0.193,1.0,1,0.0018684119,0.098942876
coco500/000000038048.jpg,car,0.6175,0.1659,0.0,1,-0.017348677,0.009833481
coco500/000000038048.jpg,person,0.537,0.2015,0.0,1,0.0051194727,0.17090327
coco500/000000038048.jpg,person,0.3551,0.1802,0.0,1,-0.023412049,0.044082735
coco500/000000038048.jpg,person,0.3516,0.1631,0.0,1,-0.052617982,0.0038892578
coco500/000000038048.jpg,toilet,0.3161,0.1835,0.0,0,-0.030640393,0.01176031
coco500/000000038048.jpg,car,0.3158,0.1804,0.0,1,-0.03033325,0.013199166
coco500/000000038070.jpg,toilet,0.5345,0.26,0.0,1,0.039925754,0.929446
coco500/000000038070.jpg,toilet,0.3648,0.2546,0.0,1,0.024318457,0.86062956
coco500/000000038118.jpg,person,0.8571,0.1721,0.0,1,-0.010574311,0.2022482
coco500/000000038118.jpg,backpack,0.4539,0.1885,0.0,0,0.0065193474,0.47492155
coco500/000000038210.jpg,person,0.778,0.1772,0.0,1,0.006512359,0.33988297
coco500/000000038210.jpg,person,0.7085,0.1974,0.0,1,0.01156193,0.18002726
coco500/000000038576.jpg,mouse,0.8937,0.2639,0.0,1,0.04515262,0.97533876
coco500/000000038576.jpg,keyboard,0.8032,0.2778,0.0,1,0.06146674,0.994214
coco500/000000038576.jpg,mouse,0.7472,0.2328,0.0,1,0.04118055,0.9499691
coco500/000000038576.jpg,tv,0.7171,0.1971,0.0,1,-0.014140531,0.08937713
coco500/000000038576.jpg,keyboard,0.6785,0.252,0.0,1,0.036169976,0.910092
coco500/000000038576.jpg,tv,0.4529,0.2124,0.0,1,0.00015822053,0.16587476
coco500/000000038678.jpg,person,0.9058,0.1654,0.0,1,-0.04057984,0.013635982
coco500/000000038678.jpg,person,0.8155,0.2076,0.0,1,0.0063462257,0.20095448
coco500/000000038678.jpg,donut,0.7813,0.231,0.0,1,-0.00474149,0.34861147
coco500/000000038678.jpg,person,0.6543,0.2151,0.0,1,0.012628883,0.2766374
coco500/000000038678.jpg,cup,0.4789,0.2642,1.0,1,0.030199677,0.7270194
coco500/000000038678.jpg,person,0.3763,0.1813,0.0,1,-0.0065517128,0.03067821
coco500/000000038678.jpg,person,0.363,0.2048,0.0,1,0.022239089,0.42690596
coco500/000000038678.jpg,person,0.3311,0.2087,0.0,1,0.01991868,0.35832
coco500/000000038678.jpg,dining table,0.3095,0.1904,1.0,0,-0.02032879,0.011702523
coco500/000000038678.jpg,cup,0.3007,0.1947,1.0,1,-0.015130028,0.01815417
coco500/000000038829.jpg,person,0.9134,0.2035,0.0,1,-0.037551463,0.021140987
coco500/000000038829.jpg,person,0.8884,0.1871,0.0,1,-0.021153674,0.0520163
coco500/000000038829.jpg,person,0.8854,0.2097,0.0,1,-0.0055520535,0.1829155
coco500/000000038829.jpg,person,0.8567,0.1996,1.0,1,0.014925271,0.28198522
coco500/000000038829.jpg,person,0.8282,0.1907,0.0,1,-0.0014675707,0.21957067
coco500/000000038829.jpg,motorcycle,0.8007,0.2529,0.0,1,0.04594581,0.97445416
coco500/000000038829.jpg,motorcycle,0.7803,0.2478,1.0,1,0.03358586,0.93246055
coco500/000000038829.jpg,motorcycle,0.7405,0.1654,1.0,1,-0.028208092,0.006552369
coco500/000000038829.jpg,bicycle,0.7149,0.2585,0.0,1,0.025846303,0.92069894
coco500/000000038829.jpg,potted plant,0.4456,0.1586,0.0,0,-0.08447954,0.00017587696
coco500/000000038829.jpg,potted plant,0.3717,0.1674,0.0,0,-0.02962996,0.015635284
coco500/000000038829.jpg,potted plant,0.3638,0.1671,0.0,0,-0.056800812,0.002328948
coco500/000000038829.jpg,potted plant,0.3301,0.1791,0.0,0,-0.033946946,0.003670015
coco500/000000039405.jpg,sports ball,0.7838,0.1909,0.0,1,-0.0085121095,0.029956138
coco500/000000039405.jpg,person,0.6797,0.1902,0.0,1,-0.015046239,0.124260865
coco500/000000039405.jpg,person,0.6794,0.1946,0.0,1,-0.0044065267,0.1035104
coco500/000000039405.jpg,chair,0.4604,0.1858,0.0,1,-0.0012675971,0.060105007
coco500/000000039405.jpg,chair,0.4307,0.2438,0.0,1,0.015173376,0.54322857
coco500/000000039405.jpg,backpack,0.4003,0.1957,0.0,1,-0.006117657,0.1131644
coco500/000000039405.jpg,truck,0.3858,0.2249,0.0,0,-0.027576774,0.022345452
coco500/000000039405.jpg,person,0.3819,0.2158,0.0,1,-0.0008254498,0.10370448
coco500/000000039405.jpg,person,0.3747,0.2117,0.0,1,-0.015997842,0.06242773
coco500/000000039405.jpg,person,0.3244,0.2147,0.0,1,-0.038108736,0.01897703
coco500/000000039405.jpg,person,0.3199,0.1802,0.0,1,-0.016856685,0.025357306
coco500/000000039405.jpg,person,0.3145,0.2225,1.0,1,0.02022618,0.28661287
coco500/000000039405.jpg,person,0.3143,0.1844,0.0,1,-0.016178548,0.08260745
coco500/000000039405.jpg,person,0.3059,0.1938,0.0,1,-0.032370955,0.01389106
coco500/000000039477.jpg,potted plant,0.7558,0.2539,0.0,1,0.048854828,0.9704343
coco500/000000039477.jpg,potted plant,0.7165,0.2581,0.0,1,0.047703832,0.97486407
coco500/000000039477.jpg,potted plant,0.6857,0.2245,0.0,1,0.010053232,0.21666867
coco500/000000039477.jpg,potted plant,0.6282,0.2339,0.0,1,0.035533458,0.9453311
coco500/000000039477.jpg,tv,0.588,0.1998,1.0,1,-0.033332035,0.008895497
coco500/000000039477.jpg,couch,0.5407,0.2301,0.0,1,-0.0139003545,0.11885993
coco500/000000039477.jpg,remote,0.3928,0.2006,0.0,0,-0.021162376,0.014789924
coco500/000000039477.jpg,book,0.3678,0.2395,0.0,1,0.030657113,0.64848995
coco500/000000039477.jpg,potted plant,0.3582,0.2126,1.0,1,-0.012876421,0.11275964
coco500/000000039477.jpg,remote,0.3426,0.1962,0.0,0,-0.018638596,0.014359061
coco500/000000039477.jpg,book,0.3411,0.2174,0.0,1,0.010957301,0.21504684
coco500/000000039477.jpg,vase,0.3215,0.2062,0.0,1,-0.044119835,0.011648479
coco500/000000039477.jpg,book,0.3054,0.2235,0.0,1,0.02605483,0.68940777
coco500/000000039480.jpg,person,0.7518,0.2,1.0,1,0.009919539,0.34319624
coco500/000000039480.jpg,person,0.4667,0.2102,1.0,1,-0.0019643605,0.04000603
coco500/000000039480.jpg,person,0.4156,0.1951,1.0,1,-0.012819797,0.017534833
coco500/000000039484.jpg,car,0.832,0.2301,0.0,1,0.047778443,0.9159272
coco500/000000039484.jpg,person,0.7921,0.1746,0.0,1,-0.031023026,0.02289093
coco500/000000039484.jpg,car,0.7443,0.2539,1.0,1,0.03141223,0.6955521
coco500/000000039484.jpg,car,0.7322,0.24,0.0,1,0.039203018,0.87831384
coco500/000000039484.jpg,car,0.7098,0.2178,0.0,1,0.034367174,0.80426747
coco500/000000039484.jpg,car,0.6608,0.2321,0.0,1,0.031659275,0.7075586
coco500/000000039484.jpg,person,0.6481,0.2035,0.0,1,0.020329043,0.39878798
coco500/000000039484.jpg,car,0.6044,0.2303,1.0,1,0.022262886,0.60892195
coco500/000000039484.jpg,person,0.5968,0.2017,0.0,1,-0.009467065,0.17906444
coco500/000000039484.jpg,car,0.5826,0.1738,0.0,1,-0.014051229,0.014492052
coco500/000000039484.jpg,car,0.5749,0.2517,1.0,1,0.040578097,0.90128624
coco500/000000039484.jpg,person,0.5549,0.1765,0.0,1,-0.031248122,0.032248512
coco500/000000039484.jpg,car,0.5324,0.2222,0.0,1,0.021265417,0.73390126
coco500/000000039484.jpg,car,0.4745,0.2159,0.0,1,0.007392451,0.4955191
coco500/000000039484.jpg,person,0.4364,0.1879,0.0,1,0.020680234,0.38431993
coco500/000000039484.jpg,person,0.4342,0.1962,0.0,1,-0.015554965,0.038366213
coco500/000000039484.jpg,person,0.4226,0.1996,0.0,1,0.016189292,0.28591678
coco500/000000039484.jpg,person,0.4191,0.1989,0.0,1,0.024183229,0.40521073
coco500/000000039484.jpg,person,0.4026,0.2122,0.0,1,-0.01404947,0.12096309
coco500/000000039484.jpg,person,0.3702,0.1985,0.0,1,0.009465709,0.19307348
coco500/000000039484.jpg,truck,0.3673,0.1562,0.0,0,-0.03271967,0.0035777385
coco500/000000039484.jpg,person,0.3569,0.1737,0.0,1,-0.033655405,0.026014952
coco500/000000039484.jpg,car,0.34,0.2297,0.0,1,0.024872288,0.6042346
coco500/000000039484.jpg,person,0.3396,0.1886,0.0,1,0.007992029,0.13896455
coco500/000000039484.jpg,chair,0.3321,0.1981,0.0,1,-0.015002355,0.021463526
coco500/000000039484.jpg,chair,0.3309,0.2037,0.0,1,-0.0031004846,0.13927078
coco500/000000039484.jpg,car,0.3254,0.2275,0.0,1,0.025103241,0.56233704
coco500/000000039484.jpg,person,0.3228,0.1871,0.0,1,0.021266997,0.3270588
coco500/000000039484.jpg,person,0.3215,0.1909,0.0,1,-0.013916865,0.03630361
coco500/000000039484.jpg,chair,0.3181,0.2167,0.0,1,0.009750336,0.30151448
coco500/000000039551.jpg,person,0.8173,0.1569,0.0,1,-0.014578387,0.11822746
coco500/000000039551.jpg,sports ball,0.7871,0.1985,0.0,1,-0.009509414,0.14948598
coco500/000000039769.jpg,cat,0.8617,0.2212,1.0,1,0.043777063,0.8957007
coco500/000000039769.jpg,cat,0.858,0.2189,0.0,1,0.051380962,0.95162946
coco500/000000039769.jpg,remote,0.7972,0.2388,0.0,1,0.022644877,0.6073615
coco500/000000039769.jpg,remote,0.7226,0.2698,0.0,1,0.0292269,0.93941766
coco500/000000039769.jpg,couch,0.5285,0.171,1.0,1,-0.037901,0.020548308
coco500/000000039785.jpg,person,0.8975,0.1743,0.0,1,0.012784392,0.23249847
coco500/000000039785.jpg,person,0.6138,0.1652,0.0,1,-0.026894182,0.008962326
coco500/000000039785.jpg,bench,0.5648,0.1837,0.0,1,-0.032563463,0.009147861
coco500/000000039914.jpg,person,0.8909,0.1854,0.0,1,-0.007864907,0.10823677
coco500/000000039914.jpg,person,0.7963,0.2094,0.0,1,0.015863955,0.3194498
coco500/000000039914.jpg,person,0.6741,0.1677,0.0,1,-0.014391422,0.043389365
coco500/000000039914.jpg,person,0.6008,0.2167,0.0,1,0.013761237,0.31848955
coco500/000000039914.jpg,person,0.5922,0.173,0.0,1,-0.009795934,0.048226465
coco500/000000039914.jpg,person,0.592,0.2172,0.0,1,0.015572578,0.32967544
coco500/000000039914.jpg,person,0.544,0.1514,0.0,1,-0.036061004,0.008668522
coco500/000000039914.jpg,person,0.5223,0.168,0.0,1,-0.011693314,0.029238775
coco500/000000039914.jpg,person,0.5073,0.1874,0.0,1,0.003727436,0.07919067
coco500/000000039914.jpg,person,0.4022,0.17,0.0,1,-0.018103004,0.012934306
coco500/000000039914.jpg,person,0.373,0.2106,0.0,1,5.0202012e-05,0.06296483
coco500/000000039914.jpg,person,0.3355,0.1659,0.0,1,-0.02069074,0.010001696
coco500/000000039914.jpg,person,0.3342,0.2052,0.0,1,-0.0048153996,0.053854667
coco500/000000039951.jpg,person,0.8549,0.1788,0.0,1,-0.025682896,0.058428124
coco500/000000039951.jpg,sports ball,0.8429,0.235,0.0,1,0.040067032,0.94738185
coco500/000000039951.jpg,person,0.5954,0.1913,0.0,1,0.016292065,0.26503384
coco500/000000039951.jpg,person,0.5359,0.1825,0.0,1,-0.0073866397,0.050121773
coco500/000000039951.jpg,person,0.4618,0.1715,0.0,1,-0.0034873784,0.07506092
coco500/000000039956.jpg,chair,0.7535,0.2708,1.0,1,0.058256015,0.9917459
coco500/000000039956.jpg,bed,0.5512,0.2482,1.0,1,0.040036052,0.92161137
coco500/000000039956.jpg,bottle,0.4498,0.1531,0.0,0,-0.016569316,0.01525117
coco500/000000039956.jpg,chair,0.3777,0.2228,0.0,1,0.030105695,0.8486617
coco500/000000039956.jpg,book,0.345,0.186,0.0,0,-0.048350945,0.0022593297
coco500/000000040036.jpg,person,0.6332,0.146,0.0,1,0.005727917,0.20895891
coco500/000000040083.jpg,person,0.9223,0.2052,0.0,1,0.029920787,0.70135653
coco500/000000040083.jpg,person,0.9205,0.2059,0.0,1,0.003244698,0.37595004
coco500/000000040083.jpg,car,0.8287,0.2437,0.0,1,0.045658752,0.8914456
coco500/000000040083.jpg,chair,0.7072,0.2051,1.0,1,0.0036777258,0.2758865
coco500/000000040083.jpg,person,0.7028,0.2102,0.0,1,0.019692063,0.25836137
coco500/000000040083.jpg,car,0.4831,0.2419,0.0,1,0.0069791526,0.46091446
coco500/000000040083.jpg,chair,0.4217,0.2014,0.0,1,-0.006355673,0.06235173
coco500/000000040083.jpg,chair,0.3955,0.2133,0.0,1,-0.009105548,0.14415556
coco500/000000040083.jpg,umbrella,0.3948,0.2338,1.0,1,0.04150462,0.93302554
coco500/000000040083.jpg,bicycle,0.3726,0.1456,0.0,1,-0.04549305,0.0043493533
coco500/000000040083.jpg,bicycle,0.3428,0.1635,0.0,1,-0.03800133,0.0049382844
coco500/000000040083.jpg,umbrella,0.3305,0.1956,1.0,1,-0.028248474,0.027471565
coco500/000000040471.jpg,refrigerator,0.8053,0.2212,0.0,1,-0.013771117,0.029085116
coco500/000000040471.jpg,bowl,0.6112,0.2117,0.0,1,0.002103597,0.2569421
coco500/000000040471.jpg,clock,0.5881,0.2037,0.0,0,-0.009299427,0.1417143
coco500/000000040471.jpg,bottle,0.5119,0.1974,0.0,1,0.015687004,0.27528584
coco500/000000040471.jpg,microwave,0.4877,0.2416,0.0,1,-5.632639e-05,0.2877002
coco500/000000040471.jpg,oven,0.4772,0.2206,1.0,1,-0.00906539,0.044430505
coco500/000000040471.jpg,bottle,0.4615,0.1801,0.0,1,-0.03364049,0.00901398
coco500/000000040471.jpg,bottle,0.4245,0.2101,0.0,1,0.018197969,0.4377229
coco500/000000040471.jpg,spoon,0.4129,0.189,0.0,1,-0.0036475211,0.040398788
coco500/000000040471.jpg,spoon,0.404,0.172,0.0,1,-0.02016379,0.030052878
coco500/000000040471.jpg,cup,0.3677,0.2074,0.0,1,-0.014708102,0.04514656
coco500/000000040471.jpg,sink,0.3623,0.1877,1.0,1,-0.042617828,0.004470201
coco500/000000040471.jpg,bottle,0.3498,0.2329,0.0,1,0.01569964,0.41086313
coco500/000000040471.jpg,bottle,0.3295,0.1818,0.0,1,-0.02511248,0.01316609
coco500/000000040471.jpg,oven,0.3244,0.2003,0.0,1,-0.015961617,0.03737313
coco500/000000040757.jpg,bed,0.5891,0.1967,1.0,1,-0.006907612,0.1525329
coco500/000000040757.jpg,tv,0.5125,0.2136,1.0,1,-0.004363999,0.03345912
coco500/000000041633.jpg,car,0.6883,0.1709,0.0,1,-0.023157418,0.009757425
coco500/000000041633.jpg,car,0.6671,0.2325,1.0,1,0.01873812,0.68652076
coco500/000000041633.jpg,truck,0.6015,0.2192,1.0,1,0.016817003,0.82181406
coco500/000000041633.jpg,car,0.3125,0.2195,1.0,1,-0.00023843348,0.40608093
coco500/000000041872.jpg,tv,0.8488,0.2522,0.0,1,0.018890768,0.80802864
coco500/000000041872.jpg,clock,0.8429,0.2473,0.0,1,0.066735014,0.9919699
coco500/000000041872.jpg,chair,0.7144,0.2612,0.0,1,0.0353525,0.9605348
coco500/000000041872.jpg,chair,0.4939,0.2715,0.0,1,0.032544434,0.8458485
coco500/000000041872.jpg,bed,0.4023,0.2441,1.0,1,0.04184179,0.9556519
coco500/000000041872.jpg,couch,0.371,0.2036,1.0,0,-0.04119447,0.006605604
coco500/000000041888.jpg,bird,0.8552,0.2349,0.0,1,0.037699327,0.9104195
coco500/000000041888.jpg,bird,0.8405,0.2349,0.0,1,0.043963194,0.8847092
coco500/000000041888.jpg,bird,0.8179,0.2141,0.0,1,0.001994148,0.19917491
coco500/000000041990.jpg,person,0.8142,0.2037,0.0,1,0.007058114,0.5073167
coco500/000000041990.jpg,person,0.8133,0.1865,0.0,1,-0.008414134,0.2663845
coco500/000000041990.jpg,person,0.7902,0.1877,0.0,1,0.021916628,0.5955844
coco500/000000041990.jpg,backpack,0.452,0.176,0.0,0,-0.01929912,0.05534281
coco500/000000042070.jpg,bus,0.8878,0.236,0.0,1,0.05032134,0.987321
coco500/000000042070.jpg,car,0.559,0.2529,0.0,1,0.020414054,0.4459802
coco500/000000042070.jpg,car,0.5439,0.2217,1.0,1,-0.0030645877,0.069452375
coco500/000000042070.jpg,person,0.4649,0.204,1.0,1,-0.021487266,0.01283997
coco500/000000042102.jpg,tie,0.9016,0.2925,0.0,1,0.075773,0.996393
coco500/000000042102.jpg,person,0.8834,0.188,0.0,1,0.005715847,0.31395748
coco500/000000042102.jpg,handbag,0.5712,0.2202,0.0,1,-0.034490466,0.011770841
coco500/000000042276.jpg,toilet,0.7574,0.2644,0.0,1,0.034384564,0.9075989
coco500/000000042276.jpg,potted plant,0.4125,0.2445,0.0,1,0.01786764,0.6999413
coco500/000000042276.jpg,potted plant,0.3819,0.2415,0.0,1,-0.0009701401,0.33672425
coco500/000000042276.jpg,book,0.3332,0.1945,0.0,0,-0.018380731,0.013186072
coco500/000000042296.jpg,sports ball,0.7118,0.2366,0.0,1,0.03732431,0.9266466
coco500/000000042296.jpg,sports ball,0.6451,0.2042,1.0,1,0.02350162,0.49509665
coco500/000000042296.jpg,sports ball,0.6284,0.1959,0.0,1,-0.02210249,0.06883807
coco500/000000042296.jpg,dog,0.4715,0.2079,0.0,0,0.0018147081,0.47340748
coco500/000000042528.jpg,cell phone,0.8109,0.2556,0.0,1,0.020754889,0.85266286
coco500/000000042528.jpg,chair,0.7086,0.2217,0.0,1,0.022994548,0.64996153
coco500/000000042528.jpg,person,0.4118,0.1885,1.0,1,-0.022724867,0.019408861
coco500/000000042528.jpg,person,0.3642,0.1938,0.0,1,-0.022398025,0.022623923
coco500/000000042628.jpg,person,0.8549,0.1956,1.0,1,0.009135678,0.2042508
coco500/000000042628.jpg,person,0.8527,0.2047,1.0,1,-0.011260569,0.100889616
coco500/000000042628.jpg,person,0.8459,0.2184,1.0,1,0.0054314137,0.2845061
coco500/000000042628.jpg,person,0.8366,0.1942,1.0,1,0.001860708,0.2155935
coco500/000000042628.jpg,person,0.8289,0.2191,1.0,1,0.006397605,0.38449544
coco500/000000042628.jpg,backpack,0.4329,0.1914,0.0,0,-0.016644716,0.014005084
coco500/000000042628.jpg,handbag,0.4291,0.2203,0.0,1,-0.001259774,0.25369248
coco500/000000042628.jpg,handbag,0.3798,0.198,0.0,1,-0.017302617,0.016435701
coco500/000000042889.jpg,teddy bear,0.7715,0.2262,0.0,1,0.040522248,0.9668347
coco500/000000042889.jpg,keyboard,0.7316,0.2615,1.0,1,0.036565214,0.93054706
coco500/000000042889.jpg,mouse,0.3791,0.1884,0.0,0,-0.0118864775,0.013992881
coco500/000000042889.jpg,cell phone,0.3757,0.2286,0.0,0,-0.02206561,0.09396504
coco500/000000042889.jpg,cell phone,0.3693,0.2048,0.0,0,-0.0189531,0.047597334
coco500/000000042889.jpg,remote,0.3311,0.2162,0.0,0,-0.0046023726,0.25163093
coco500/000000043314.jpg,person,0.7866,0.1685,0.0,1,-0.020958692,0.06862523
coco500/000000043435.jpg,person,0.8568,0.1953,0.0,1,-0.0017422289,0.08334883
coco500/000000043435.jpg,person,0.854,0.1757,0.0,1,-0.00876613,0.040399395
coco500/000000043581.jpg,pizza,0.8601,0.2568,0.0,1,0.051266536,0.9754699
coco500/000000043581.jpg,bottle,0.6375,0.2205,0.0,0,0.0015483052,0.25258166
coco500/000000043581.jpg,fork,0.4467,0.2087,0.0,1,-0.007687837,0.08579195
coco500/000000043581.jpg,dining table,0.3938,0.1731,1.0,1,-0.08358519,0.00022976662
coco500/000000043581.jpg,knife,0.3513,0.1881,0.0,1,-0.02001357,0.030699624
coco500/000000043737.jpg,car,0.6142,0.2388,0.0,1,0.023588687,0.6611567
coco500/000000043737.jpg,car,0.6039,0.1973,0.0,1,-0.018423691,0.018133085
coco500/000000043737.jpg,car,0.5892,0.2264,0.0,1,0.014259219,0.27187514
coco500/000000043737.jpg,car,0.5673,0.2289,0.0,1,-0.0017700642,0.41161287
coco500/000000043737.jpg,car,0.5425,0.1835,0.0,1,-0.03243524,0.007271996
coco500/000000043737.jpg,clock,0.4556,0.2498,0.0,1,0.055805057,0.983763
coco500/000000043737.jpg,car,0.452,0.229,1.0,1,0.0003990531,0.3967625
coco500/000000043737.jpg,car,0.389,0.2496,0.0,1,0.019883245,0.56413144
coco500/000000043737.jpg,car,0.3661,0.2028,0.0,1,0.0041499883,0.13131917
coco500/000000043737.jpg,clock,0.3051,0.2352,0.0,1,0.06028709,0.98657215
coco500/000000043816.jpg,person,0.8563,0.1348,0.0,1,-0.031755745,0.033097647
coco500/000000043816.jpg,sports ball,0.7848,0.218,0.0,1,0.0023745,0.22445296
coco500/000000043816.jpg,person,0.7238,0.1544,1.0,1,-0.04047434,0.015294288
coco500/000000043816.jpg,bottle,0.3363,0.2168,0.0,0,0.005870372,0.08664686
coco500/000000044068.jpg,teddy bear,0.8102,0.248,0.0,1,0.06778148,0.9947572
coco500/000000044068.jpg,chair,0.5864,0.1797,1.0,1,-0.077736765,0.00041837373
coco500/000000044068.jpg,tie,0.4637,0.2413,0.0,0,0.02556774,0.813797
coco500/000000044195.jpg,person,0.745,0.2014,0.0,1,-3.130734e-05,0.18324074
coco500/000000044195.jpg,person,0.694,0.2083,0.0,1,0.012013704,0.23629752
coco500/000000044260.jpg,apple,0.6613,0.208,0.0,1,-0.0019648075,0.29032004
coco500/000000044260.jpg,apple,0.5867,0.2551,0.0,1,0.014255941,0.77964824
coco500/000000044260.jpg,apple,0.5498,0.2491,0.0,1,0.01952909,0.81775194
coco500/000000044260.jpg,donut,0.5076,0.2301,0.0,0,0.019679248,0.4886926
coco500/000000044260.jpg,apple,0.4834,0.2004,0.0,1,-0.019628614,0.02197964
coco500/000000044260.jpg,apple,0.4509,0.2157,1.0,1,-4.644692e-05,0.33760306
coco500/000000044260.jpg,apple,0.4387,0.2505,0.0,1,0.020049632,0.57533205
coco500/000000044260.jpg,apple,0.351,0.1733,0.0,1,-0.0051812828,0.033517715
coco500/000000044260.jpg,apple,0.3125,0.2052,1.0,1,-0.005920753,0.039835915
coco500/000000044260.jpg,apple,0.3058,0.2239,0.0,1,0.0012390614,0.121261045
coco500/000000044279.jpg,person,0.9005,0.1771,1.0,1,0.003463149,0.22735377
coco500/000000044279.jpg,person,0.872,0.1982,1.0,1,0.024242744,0.4917047
coco500/000000044279.jpg,bowl,0.5218,0.2229,0.0,1,0.0025297105,0.14170699
coco500/000000044279.jpg,sink,0.3722,0.1733,0.0,0,-0.031638026,0.0029787088
coco500/000000044279.jpg,spoon,0.3381,0.2203,0.0,0,-0.005501285,0.13719805
coco500/000000044279.jpg,bottle,0.3348,0.2355,0.0,0,0.0035060793,0.17347276
coco500/000000044279.jpg,bowl,0.3334,0.203,0.0,1,-0.034303457,0.0055356296
coco500/000000044279.jpg,bowl,0.3305,0.2003,0.0,1,-0.046705738,0.0056980113
coco500/000000044279.jpg,knife,0.3296,0.2291,0.0,1,0.007153228,0.22687607
coco500/000000044279.jpg,knife,0.3217,0.2203,1.0,1,0.0052997917,0.22663191
coco500/000000044279.jpg,knife,0.3193,0.2202,0.0,1,-0.00034180284,0.17358962
coco500/000000044279.jpg,pizza,0.3148,0.2098,0.0,0,-0.01941973,0.048493836
coco500/000000044279.jpg,bowl,0.3123,0.1665,0.0,1,-0.05704482,0.0009133532
coco500/000000044279.jpg,cup,0.3066,0.1968,0.0,0,-0.017307356,0.053872965
coco500/000000044590.jpg,person,0.7851,0.1787,0.0,1,-0.06590544,0.0013564966
coco500/000000044590.jpg,motorcycle,0.7652,0.2328,0.0,1,0.04658115,0.9707291
coco500/000000044590.jpg,person,0.7599,0.1945,0.0,1,0.00094757974,0.1927144
coco500/000000044590.jpg,motorcycle,0.7587,0.248,0.0,1,0.045641586,0.9836023
coco500/000000044590.jpg,person,0.7558,0.1857,0.0,1,-0.04619865,0.009451857
coco500/000000044590.jpg,person,0.725,0.2136,0.0,1,0.013689384,0.44234487
coco500/000000044590.jpg,motorcycle,0.7162,0.2563,0.0,1,0.042695418,0.9721243
coco500/000000044590.jpg,person,0.7139,0.2208,0.0,1,0.018978909,0.45762506
coco500/000000044590.jpg,person,0.711,0.1851,0.0,1,-0.059397116,0.0025752166
coco500/000000044590.jpg,person,0.7054,0.2006,0.0,1,0.0112871975,0.1836792
coco500/000000044590.jpg,motorcycle,0.6927,0.2507,0.0,1,0.041652784,0.96754676
coco500/000000044590.jpg,person,0.6905,0.1764,0.0,1,-0.039741337,0.017721573
coco500/000000044590.jpg,motorcycle,0.6889,0.2583,0.0,1,0.049554005,0.98520654
coco500/000000044590.jpg,motorcycle,0.6632,0.2371,0.0,1,0.03955692,0.9461555
coco500/000000044590.jpg,person,0.6602,0.1975,0.0,1,-0.022749767,0.08199707
coco500/000000044590.jpg,motorcycle,0.6129,0.2588,0.0,1,0.04649958,0.978438
coco500/000000044590.jpg,person,0.5753,0.2024,0.0,1,-0.02435419,0.03953841
coco500/000000044590.jpg,motorcycle,0.5685,0.2325,0.0,1,0.042067602,0.9480292
coco500/000000044590.jpg,person,0.5447,0.1927,0.0,1,-0.040045783,0.016948175
coco500/000000044590.jpg,motorcycle,0.4682,0.241,0.0,1,0.042952478,0.97293335
coco500/000000044590.jpg,car,0.4209,0.2067,1.0,1,0.0027628243,0.31081223
coco500/000000044590.jpg,backpack,0.3651,0.1638,0.0,0,-0.04678482,0.008412565
coco500/000000044590.jpg,backpack,0.3376,0.1675,0.0,0,-0.044547513,0.005235611
coco500/000000044590.jpg,person,0.3365,0.2118,0.0,1,0.013625801,0.21520875
coco500/000000044877.jpg,person,0.845,0.189,1.0,1,0.016900897,0.67343044
coco500/000000044877.jpg,person,0.4459,0.1877,0.0,1,-0.031849965,0.01835026
coco500/000000044877.jpg,person,0.3798,0.2079,1.0,1,0.0027474612,0.061274104
coco500/000000044877.jpg,person,0.3373,0.212,1.0,1,-0.0040133595,0.047452807
coco500/000000044877.jpg,chair,0.311,0.2213,1.0,0,0.017815083,0.48045143
coco500/000000044877.jpg,bicycle,0.3049,0.1844,1.0,0,-0.029369771,0.0078982655
coco500/000000045070.jpg,person,0.683,0.1556,0.0,1,0.0020667166,0.2708598
coco500/000000045090.jpg,person,0.8544,0.1876,0.0,1,0.0014202595,0.118792236
coco500/000000045090.jpg,person,0.8269,0.1733,0.0,1,-0.020301193,0.012025379
coco500/000000045090.jpg,person,0.4774,0.166,0.0,1,-0.02650845,0.012512775
coco500/000000045229.jpg,potted plant,0.6954,0.2539,0.0,1,0.03395924,0.8479162
coco500/000000045229.jpg,potted plant,0.6253,0.2487,0.0,1,0.021467775,0.8120552
coco500/000000045229.jpg,potted plant,0.5957,0.1865,0.0,1,-0.021228075,0.011534591
coco500/000000045229.jpg,potted plant,0.495,0.2363,0.0,1,0.013754308,0.46060726
coco500/000000045229.jpg,oven,0.4669,0.2085,1.0,1,0.0047786534,0.0941612
coco500/000000045229.jpg,cup,0.4491,0.2025,0.0,0,0.002929628,0.14108585
coco500/000000045229.jpg,bottle,0.4095,0.2372,0.0,1,0.013726637,0.2475516
coco500/000000045229.jpg,bottle,0.3888,0.1885,0.0,1,-0.017538503,0.011941188
coco500/000000045229.jpg,bottle,0.3871,0.1913,0.0,1,-0.025693506,0.0119416015
coco500/000000045229.jpg,bowl,0.3803,0.2032,0.0,1,0.00047442317,0.11542373
coco500/000000045229.jpg,bottle,0.3797,0.1982,0.0,1,-0.011156842,0.028283056
coco500/000000045229.jpg,bottle,0.3783,0.2034,0.0,1,-0.006716177,0.024234863
coco500/000000045229.jpg,bottle,0.3764,0.199,0.0,1,-0.017608345,0.01727888
coco500/000000045229.jpg,bottle,0.3554,0.2079,0.0,1,0.0063930005,0.1468636
coco500/000000045229.jpg,book,0.3404,0.2112,1.0,1,-0.012716696,0.023989012
coco500/000000045229.jpg,cup,0.3279,0.2285,0.0,0,-0.0065241605,0.111100964
coco500/000000045229.jpg,book,0.3264,0.2042,0.0,1,-0.018830001,0.015566398
coco500/000000045229.jpg,book,0.3141,0.1675,0.0,1,-0.020246208,0.007799839
coco500/000000045229.jpg,bowl,0.3131,0.182,0.0,1,-0.033651203,0.006480741
coco500/000000045229.jpg,bowl,0.3089,0.1777,0.0,1,-0.057226017,0.0020061575
coco500/000000045472.jpg,cup,0.6718,0.2751,1.0,1,0.054191753,0.966957
coco500/000000045472.jpg,cup,0.6687,0.245,1.0,1,0.014972538,0.67001987
coco500/000000045472.jpg,cup,0.6682,0.2549,1.0,1,0.04826829,0.9508192
coco500/000000045472.jpg,cup,0.662,0.2478,1.0,1,0.047083914,0.9367693
coco500/000000045472.jpg,orange,0.6462,0.2761,0.0,1,0.056013122,0.9903679
coco500/000000045472.jpg,cup,0.646,0.2659,1.0,1,0.035060227,0.89701414
coco500/000000045472.jpg,orange,0.6441,0.2666,0.0,1,0.057397082,0.9860389
coco500/000000045472.jpg,orange,0.6086,0.2734,0.0,1,0.06600428,0.9945905
coco500/000000045472.jpg,orange,0.59,0.2629,0.0,1,0.054427713,0.98769903
coco500/000000045472.jpg,potted plant,0.3621,0.2002,1.0,0,-0.015345275,0.07904441
coco500/000000045472.jpg,bowl,0.3448,0.2386,0.0,0,-0.032312244,0.03658936
coco500/000000045472.jpg,vase,0.339,0.2142,0.0,0,-0.010985449,0.19320631
coco500/000000045472.jpg,orange,0.3014,0.2717,0.0,1,0.070276916,0.9936372
coco500/000000045550.jpg,person,0.8644,0.1677,1.0,1,-0.03934902,0.01283606
coco500/000000045550.jpg,person,0.8239,0.2109,0.0,1,0.005398974,0.21992089
coco500/000000045550.jpg,person,0.7594,0.2134,0.0,1,0.004714176,0.1381204
coco500/000000045550.jpg,clock,0.7079,0.2454,1.0,1,0.029998243,0.6877233
coco500/000000045550.jpg,person,0.5462,0.2072,0.0,1,-0.0001193732,0.08106977
coco500/000000045550.jpg,bowl,0.5222,0.1965,0.0,1,-0.00389871,0.1805179
coco500/000000045550.jpg,person,0.5108,0.2133,0.0,1,0.022045717,0.36702466
coco500/000000045550.jpg,person,0.4714,0.218,0.0,1,0.009240732,0.1533553
coco500/000000045550.jpg,person,0.4671,0.1992,0.0,1,-0.013912663,0.035553362
coco500/000000045550.jpg,sandwich,0.4553,0.2153,0.0,1,-0.00092467666,0.31920394
coco500/000000045550.jpg,person,0.3436,0.2179,0.0,1,0.003892094,0.14394236
coco500/000000045550.jpg,person,0.3359,0.2114,0.0,1,-0.0014019907,0.07429812
coco500/000000045550.jpg,person,0.324,0.226,0.0,1,0.018026724,0.33860815
coco500/000000045596.jpg,person,0.8219,0.1788,0.0,1,-0.026942,0.016661877
coco500/000000045596.jpg,umbrella,0.8094,0.1996,0.0,1,0.011581346,0.38456783
coco500/000000045596.jpg,umbrella,0.7871,0.2233,0.0,1,0.023847222,0.4318481
coco500/000000045596.jpg,person,0.7788,0.186,0.0,1,0.007058248,0.11773917
coco500/000000045596.jpg,bicycle,0.6812,0.2415,0.0,1,0.020173922,0.8365842
coco500/000000045596.jpg,bicycle,0.6241,0.234,0.0,1,0.02008462,0.776194
coco500/000000045596.jpg,car,0.4743,0.1746,0.0,1,-0.016770497,0.010999504
coco500/000000045596.jpg,bicycle,0.4298,0.2123,0.0,1,0.015443519,0.4537501
coco500/000000045596.jpg,bicycle,0.3657,0.2318,0.0,1,0.023203194,0.8582507
coco500/000000045596.jpg,handbag,0.3367,0.1758,0.0,0,-0.011312768,0.017344134
coco500/000000045728.jpg,fork,0.6682,0.2006,1.0,1,-0.0039749444,0.037877545
coco500/000000045728.jpg,cake,0.4249,0.1982,1.0,0,-0.0116259605,0.11968544
coco500/000000045728.jpg,knife,0.3722,0.193,1.0,1,-0.0051108003,0.0334634
coco500/000000046031.jpg,laptop,0.9196,0.2322,0.0,1,0.031934917,0.9019965
coco500/000000046031.jpg,mouse,0.8816,0.2715,0.0,1,0.06265272,0.99225336
coco500/000000046031.jpg,mouse,0.8322,0.2556,0.0,1,0.043126106,0.9519624
coco500/000000046031.jpg,tv,0.6347,0.2076,1.0,1,-0.012198731,0.10906716
coco500/000000046031.jpg,keyboard,0.6334,0.2769,1.0,1,0.039951548,0.97125083
coco500/000000046031.jpg,cell phone,0.5724,0.236,0.0,1,-0.0040539503,0.22984253
coco500/000000046031.jpg,book,0.5049,0.1444,0.0,0,-0.07110649,0.00034682584
coco500/000000046031.jpg,keyboard,0.3932,0.28,0.0,1,0.036893412,0.96729636
coco500/000000046048.jpg,person,0.8047,0.199,0.0,1,-0.019197956,0.059586298
coco500/000000046048.jpg,bed,0.7046,0.2261,1.0,1,0.012404352,0.35630003
coco500/000000046048.jpg,book,0.5125,0.171,1.0,1,-0.026568979,0.004804419
coco500/000000046048.jpg,book,0.4348,0.2371,0.0,1,0.025713027,0.7179631
coco500/000000046048.jpg,book,0.4202,0.228,0.0,1,0.02430737,0.64628285
coco500/000000046048.jpg,book,0.3957,0.1633,1.0,1,-0.023803174,0.0061934325
coco500/000000046048.jpg,book,0.3381,0.1715,0.0,1,-0.027731866,0.010542786
coco500/000000046048.jpg,book,0.3233,0.1879,0.0,1,-0.016033933,0.01943377
coco500/000000046048.jpg,teddy bear,0.312,0.1912,0.0,0,-0.033557966,0.00954248
coco500/000000046252.jpg,person,0.8576,0.1655,0.0,1,-0.022477254,0.07866902
coco500/000000046252.jpg,person,0.8124,0.2025,0.0,1,0.020910323,0.4334788
coco500/000000046252.jpg,person,0.8038,0.1699,0.0,1,-0.010822311,0.16979392
coco500/000000046378.jpg,cat,0.5646,0.2064,1.0,1,0.017087474,0.6588772
coco500/000000046378.jpg,bird,0.5144,0.1869,0.0,1,-0.020259306,0.10543217
coco500/000000046463.jpg,sandwich,0.6441,0.262,0.0,1,0.030169144,0.9277683
coco500/000000046463.jpg,person,0.5137,0.1782,1.0,1,-0.063317165,0.00091564213
coco500/000000046463.jpg,bottle,0.44,0.198,1.0,0,-0.013014555,0.02132116
coco500/000000046497.jpg,person,0.6785,0.1959,1.0,1,0.0069441795,0.12618858
coco500/000000046497.jpg,person,0.6606,0.189,1.0,1,-0.005188018,0.114924185
coco500/000000046872.jpg,person,0.8795,0.1947,0.0,1,0.0033342987,0.19450742
coco500/000000046872.jpg,person,0.748,0.1797,0.0,1,0.004507914,0.17680897
coco500/000000046872.jpg,car,0.7219,0.2313,1.0,1,0.027600706,0.61925924
coco500/000000046872.jpg,car,0.6451,0.2247,1.0,1,0.02719006,0.536934
coco500/000000046872.jpg,truck,0.5309,0.2001,1.0,1,0.026192084,0.73868597
coco500/000000046872.jpg,car,0.5221,0.2365,1.0,1,0.026852012,0.6370123
coco500/000000046872.jpg,car,0.4942,0.2216,0.0,1,0.019420609,0.3565664
coco500/000000046872.jpg,cell phone,0.3705,0.1635,0.0,0,-0.04124093,0.0029446597
coco500/000000046872.jpg,truck,0.3091,0.1805,0.0,1,-0.03893614,0.0054886537
coco500/000000047112.jpg,wine glass,0.8768,0.2896,0.0,1,0.060668826,0.99471766
coco500/000000047112.jpg,wine glass,0.8588,0.2289,0.0,1,0.022035599,0.7913735
coco500/000000047112.jpg,pizza,0.8418,0.2489,1.0,1,0.060768977,0.9906351
coco500/000000047112.jpg,chair,0.7073,0.1982,0.0,1,-0.028020158,0.021588698
coco500/000000047112.jpg,bowl,0.654,0.2546,1.0,1,0.007833838,0.45626515
coco500/000000047112.jpg,chair,0.6369,0.1755,0.0,1,-0.033014,0.008037056
coco500/000000047112.jpg,chair,0.6153,0.1934,0.0,1,-0.009467453,0.03676303
coco500/000000047112.jpg,chair,0.6043,0.1879,0.0,1,-0.01880993,0.020163642
coco500/000000047112.jpg,chair,0.5887,0.1892,0.0,1,-0.011737451,0.029616443
coco500/000000047112.jpg,dining table,0.5041,0.1747,0.0,1,-0.0406653,0.003615085
coco500/000000047112.jpg,person,0.4791,0.1813,1.0,1,-0.0065517128,0.03067821
coco500/000000047112.jpg,chair,0.4514,0.2163,0.0,1,-0.009513587,0.038786657
coco500/000000047112.jpg,bottle,0.3858,0.2534,0.0,1,0.02221097,0.6728607
coco500/000000047112.jpg,bottle,0.3844,0.2585,0.0,1,0.026571363,0.78865594
coco500/000000047112.jpg,bottle,0.3598,0.2052,1.0,1,-0.0043130964,0.09394078
coco500/000000047112.jpg,bottle,0.3563,0.2109,0.0,1,0.0012428015,0.068633296
coco500/000000047112.jpg,bottle,0.3547,0.2428,0.0,1,0.025164753,0.6416636
coco500/000000047112.jpg,bottle,0.3506,0.2252,0.0,1,0.01222764,0.261593
coco500/000000047112.jpg,fork,0.3365,0.2308,0.0,0,-0.009763241,0.15782537
coco500/000000047112.jpg,bottle,0.3337,0.201,0.0,1,-0.011713877,0.04154294
coco500/000000047112.jpg,bottle,0.3063,0.2151,0.0,1,-0.0052230954,0.052732527
coco500/000000047112.jpg,bottle,0.3012,0.2056,0.0,1,-0.005144313,0.046029907
coco500/000000047121.jpg,cat,0.8249,0.2291,1.0,1,0.038821533,0.8951599
coco500/000000047121.jpg,bottle,0.5606,0.2246,0.0,1,0.023025423,0.6893064
coco500/000000047121.jpg,sink,0.4349,0.189,1.0,1,-0.04720144,0.004155965
coco500/000000047571.jpg,person,0.63,0.187,0.0,1,0.02161032,0.4617649
coco500/000000047571.jpg,person,0.3591,0.1969,0.0,1,0.0076981634,0.3453823
coco500/000000047585.jpg,person,0.883,0.1929,0.0,1,-0.0012532026,0.25684673
coco500/000000047585.jpg,person,0.8421,0.1754,0.0,1,0.0004962683,0.11796553
coco500/000000047585.jpg,tie,0.7851,0.2445,0.0,1,0.026663586,0.8157152
coco500/000000047585.jpg,person,0.777,0.2101,1.0,1,0.017139554,0.2880115
coco500/000000047585.jpg,umbrella,0.6004,0.2374,0.0,1,0.072974235,0.99634945
coco500/000000047585.jpg,person,0.3894,0.1997,0.0,1,-0.00980024,0.055813607
coco500/000000047585.jpg,person,0.3661,0.1718,1.0,1,-0.00054448843,0.062423725
coco500/000000047585.jpg,person,0.3334,0.1776,1.0,1,-0.00023172796,0.084258005
coco500/000000047740.jpg,person,0.8173,0.1913,1.0,1,-0.008987203,0.054796766
coco500/000000047740.jpg,person,0.7684,0.1855,0.0,1,-0.019298524,0.0343964
coco500/000000047769.jpg,couch,0.7549,0.293,1.0,1,0.04762742,0.98359907
coco500/000000047769.jpg,tv,0.7402,0.2482,1.0,1,-0.0046851635,0.15420315
coco500/000000047769.jpg,chair,0.5535,0.2839,1.0,1,0.023829728,0.91022587
coco500/000000047769.jpg,dining table,0.3956,0.2321,0.0,1,-0.0019311309,0.31159055
coco500/000000047769.jpg,chair,0.3848,0.2729,0.0,1,0.03493473,0.8546779
coco500/000000047769.jpg,dining table,0.3767,0.2054,1.0,1,-0.01841849,0.03299757
coco500/000000047769.jpg,bottle,0.3092,0.202,1.0,0,-0.001362145,0.07434159
coco500/000000047801.jpg,person,0.8944,0.1602,0.0,1,-0.03106445,0.026048973
coco500/000000047801.jpg,cake,0.6368,0.226,0.0,1,0.016335905,0.5443033
coco500/000000047801.jpg,fork,0.5843,0.2222,0.0,0,-0.0066056848,0.14577942
coco500/000000047801.jpg,bench,0.3664,0.2366,0.0,0,0.009675965,0.36586323
coco500/000000047801.jpg,person,0.3454,0.2002,0.0,1,0.012087777,0.2292247
coco500/000000047819.jpg,person,0.7085,0.2141,0.0,1,0.018696725,0.61023664
coco500/000000047819.jpg,suitcase,0.4601,0.1995,0.0,1,-0.033251405,0.019530129
coco500/000000047819.jpg,suitcase,0.4291,0.2546,0.0,1,-0.00056529045,0.4699036
coco500/000000047828.jpg,person,0.7377,0.2153,0.0,1,-0.0017000437,0.11421921
coco500/000000047828.jpg,person,0.727,0.2184,0.0,1,0.0010010451,0.100808166
coco500/000000047828.jpg,person,0.7077,0.2092,0.0,1,-0.0018377304,0.07093726
coco500/000000047828.jpg,person,0.7064,0.1747,0.0,1,-0.033957824,0.008163377
coco500/000000047828.jpg,person,0.6621,0.2222,0.0,1,0.019416407,0.40999746
coco500/000000047828.jpg,person,0.6125,0.2101,0.0,1,-0.009230301,0.041467637
coco500/000000047828.jpg,person,0.5965,0.2275,1.0,1,0.0026164055,0.081045166
coco500/000000047828.jpg,person,0.5459,0.2228,0.0,1,0.014814705,0.25264746
coco500/000000047828.jpg,person,0.4905,0.1952,0.0,1,-0.031413108,0.019178266
coco500/000000047828.jpg,person,0.4777,0.1738,0.0,1,-0.008124217,0.026532019
coco500/000000047828.jpg,car,0.4555,0.1602,0.0,1,-0.031028584,0.0050042206
coco500/000000047828.jpg,handbag,0.3394,0.1813,0.0,0,-0.0425677,0.004042564
coco500/000000047828.jpg,person,0.3261,0.2158,0.0,1,0.007571161,0.118634894
coco500/000000048153.jpg,person,0.6793,0.1575,1.0,1,-0.026162252,0.04183757
coco500/000000048396.jpg,person,0.9199,0.1689,1.0,1,-0.016405687,0.09831986
coco500/000000048396.jpg,person,0.8924,0.1782,0.0,1,0.012177825,0.3655028
coco500/000000048396.jpg,cup,0.8243,0.2419,0.0,1,0.050881416,0.95943993
coco500/000000048396.jpg,dining table,0.6769,0.1725,1.0,1,-0.04286146,0.0020790054
coco500/000000048396.jpg,chair,0.5683,0.1702,0.0,1,-0.02950269,0.008874558
coco500/000000048396.jpg,cake,0.5315,0.1923,1.0,1,-0.023738831,0.021817189
coco500/000000048396.jpg,knife,0.4135,0.2294,0.0,1,-0.0045729578,0.21841197
coco500/000000048396.jpg,fork,0.3297,0.1952,1.0,0,-0.01139614,0.029503651
coco500/000000048504.jpg,person,0.7107,0.2035,0.0,1,0.0061544776,0.30293474
coco500/000000048504.jpg,person,0.5118,0.1978,0.0,1,-0.011795178,0.06299859
coco500/000000048504.jpg,person,0.3854,0.2042,0.0,1,-0.0045036227,0.100059524
coco500/000000048504.jpg,chair,0.3769,0.2327,0.0,0,0.021319866,0.62043685
coco500/000000048504.jpg,backpack,0.3441,0.1986,0.0,0,-0.027997956,0.029888067
coco500/000000048555.jpg,person,0.4965,0.2025,0.0,1,-0.017327279,0.030202696
coco500/000000048555.jpg,person,0.4956,0.2015,0.0,1,-5.0842762e-05,0.06528289
coco500/000000048555.jpg,person,0.4713,0.2023,0.0,1,-0.016128942,0.05102686
coco500/000000048555.jpg,person,0.3843,0.1974,0.0,1,0.0017933398,0.08753735
coco500/000000048555.jpg,person,0.3311,0.2177,0.0,1,0.008735046,0.1881356
coco500/000000048564.jpg,person,0.8785,0.165,1.0,1,-0.00011779368,0.22202443
coco500/000000048564.jpg,cell phone,0.8033,0.2428,0.0,1,0.027481824,0.7152635
coco500/000000048924.jpg,motorcycle,0.8376,0.2479,0.0,1,0.028118655,0.9229926
coco500/000000048924.jpg,backpack,0.418,0.2554,0.0,1,0.02034986,0.8570744
coco500/000000049060.jpg,person,0.7447,0.2063,0.0,1,-0.025063694,0.020692928
coco500/000000049060.jpg,person,0.7396,0.2094,0.0,1,-0.011054769,0.07138569
coco500/000000049060.jpg,person,0.7347,0.1871,0.0,1,-0.025101438,0.014212757
coco500/000000049060.jpg,person,0.618,0.1891,0.0,1,-0.014538839,0.029485915
coco500/000000049060.jpg,person,0.3955,0.2103,0.0,1,0.0075710267,0.1539305
coco500/000000049060.jpg,person,0.3879,0.2004,0.0,1,0.004066959,0.110846244
coco500/000000049060.jpg,person,0.3446,0.1932,0.0,1,-0.007197246,0.03231792
coco500/000000049060.jpg,person,0.3313,0.2009,0.0,1,0.016249046,0.28974533
coco500/000000049259.jpg,person,0.7675,0.1997,0.0,1,0.0029997677,0.16060132
coco500/000000049259.jpg,bench,0.5167,0.1844,0.0,0,-0.028670058,0.020612799
coco500/000000049259.jpg,bench,0.319,0.2007,1.0,0,-0.01246503,0.020219386
coco500/000000049269.jpg,dog,0.7996,0.217,0.0,1,0.020329088,0.85885626
coco500/000000049759.jpg,person,0.8062,0.2123,1.0,1,-0.0024431944,0.23940049
coco500/000000049759.jpg,person,0.795,0.2045,0.0,1,0.013795003,0.30177483
coco500/000000049759.jpg,person,0.7181,0.1986,0.0,1,0.02040334,0.66403323
coco500/000000049759.jpg,person,0.7066,0.2104,0.0,1,0.010897592,0.34657425
coco500/000000049759.jpg,person,0.7028,0.2141,0.0,1,0.018791229,0.4104503
coco500/000000049759.jpg,person,0.6934,0.2207,0.0,1,0.021483526,0.5252664
coco500/000000049759.jpg,sports ball,0.6876,0.259,0.0,1,0.0721892,0.9972057
coco500/000000049759.jpg,person,0.666,0.1919,0.0,1,-0.015530705,0.021932606
coco500/000000049759.jpg,person,0.6508,0.1801,0.0,1,0.003880933,0.12592645
coco500/000000049759.jpg,person,0.5993,0.1973,0.0,1,0.012149513,0.25019294
coco500/000000049759.jpg,person,0.5826,0.1794,0.0,1,-0.00080764294,0.077022836
coco500/000000049759.jpg,person,0.5408,0.2113,0.0,1,0.023161158,0.56945324
coco500/000000049759.jpg,person,0.4973,0.209,0.0,1,0.013229668,0.1908136
coco500/000000049759.jpg,person,0.4933,0.1827,0.0,1,0.011977643,0.24096814
coco500/000000049759.jpg,person,0.4809,0.2128,0.0,1,0.008139193,0.11929361
coco500/000000049759.jpg,person,0.4323,0.202,0.0,1,-0.002975449,0.09053236
coco500/000000049759.jpg,person,0.4008,0.2177,0.0,1,0.011649609,0.16157219
coco500/000000049759.jpg,person,0.3996,0.2174,0.0,1,0.014595509,0.3626166
coco500/000000049759.jpg,person,0.3948,0.1954,1.0,1,-0.0040786564,0.037137132
coco500/000000049759.jpg,person,0.337,0.1785,0.0,1,0.011020437,0.25157133
coco500/000000049759.jpg,person,0.3091,0.1968,0.0,1,-0.0025187582,0.14487457
coco500/000000049810.jpg,cat,0.8736,0.2271,0.0,1,0.030214146,0.9191663
coco500/000000049810.jpg,cat,0.7977,0.2167,1.0,1,0.03153102,0.89388955
coco500/000000050145.jpg,person,0.86,0.1996,1.0,1,0.022487566,0.7054875
coco500/000000050145.jpg,bicycle,0.6113,0.238,1.0,1,0.01029411,0.6108482
coco500/000000050145.jpg,umbrella,0.6066,0.1997,0.0,1,-0.022663772,0.024938323
coco500/000000050145.jpg,person,0.567,0.2061,0.0,1,-0.031807438,0.035114285
coco500/000000050145.jpg,person,0.5565,0.2133,0.0,1,0.008099407,0.1874846
coco500/000000050145.jpg,person,0.5355,0.1772,1.0,1,-0.004692897,0.04555913
coco500/000000050145.jpg,person,0.4085,0.207,0.0,1,-0.008280769,0.032673933
coco500/000000050145.jpg,motorcycle,0.3458,0.1831,0.0,0,-0.020017281,0.0077266274
coco500/000000050145.jpg,bicycle,0.3379,0.1929,0.0,1,-0.022164404,0.009839858
coco500/000000050145.jpg,umbrella,0.325,0.1819,0.0,1,-0.015667662,0.022535417
coco500/000000050145.jpg,motorcycle,0.304,0.2196,0.0,0,-0.007031679,0.21834262
coco500/000000050149.jpg,person,0.4273,0.1783,0.0,0,-0.06887914,0.000988692
coco500/000000050149.jpg,banana,0.4181,0.259,1.0,1,0.06843892,0.9921853
coco500/000000050149.jpg,banana,0.3985,0.2529,0.0,1,0.07054609,0.99256814
coco500/000000050149.jpg,bowl,0.3877,0.1919,0.0,1,-0.050707027,0.002014491
coco500/000000050149.jpg,banana,0.379,0.2632,0.0,1,0.06440689,0.9879731
coco500/000000050149.jpg,banana,0.3675,0.2607,0.0,1,0.064037874,0.9891796
coco500/000000050149.jpg,banana,0.3502,0.26,0.0,1,0.06343502,0.98901796
coco500/000000050149.jpg,banana,0.3461,0.2532,0.0,1,0.067191154,0.9931306
coco500/000000050149.jpg,banana,0.3452,0.2612,0.0,1,0.059185177,0.98522085
coco500/000000050149.jpg,banana,0.3363,0.2649,0.0,1,0.06008008,0.9910143
coco500/000000050149.jpg,banana,0.3233,0.2676,0.0,1,0.051020354,0.9724089
coco500/000000050149.jpg,banana,0.3208,0.252,0.0,1,0.060788125,0.97957647
coco500/000000050149.jpg,banana,0.3106,0.2546,0.0,1,0.06537315,0.9915809
coco500/000000050149.jpg,banana,0.3088,0.2583,0.0,1,0.06317815,0.98970187
coco500/000000050149.jpg,banana,0.3056,0.2563,0.0,1,0.0732487,0.99568886
coco500/000000050149.jpg,banana,0.3006,0.2507,1.0,1,0.06894365,0.9932066
coco500/000000050326.jpg,person,0.664,0.1859,0.0,1,0.013128296,0.25975254
coco500/000000050331.jpg,broccoli,0.5533,0.2546,0.0,1,0.037967622,0.94746405
coco500/000000050331.jpg,broccoli,0.4616,0.2744,0.0,1,0.0893209,0.99894863
coco500/000000050331.jpg,potted plant,0.3713,0.1749,1.0,1,-0.0754901,0.0005251868
coco500/000000050331.jpg,potted plant,0.3039,0.1753,1.0,1,-0.089271635,0.00013263387
coco500/000000050331.jpg,vase,0.3022,0.2177,1.0,0,-0.0002117157,0.096435584
coco500/000000050380.jpg,person,0.8212,0.1704,1.0,1,-0.0062009245,0.15926419
coco500/000000050380.jpg,chair,0.6129,0.2546,1.0,1,0.028436214,0.611381
coco500/000000050380.jpg,person,0.6063,0.2208,1.0,1,0.0007327497,0.1637699
coco500/000000050380.jpg,person,0.4884,0.1569,0.0,1,0.0016310662,0.11084868
coco500/000000050380.jpg,handbag,0.4523,0.2546,0.0,0,0.03721705,0.9340206
coco500/000000050380.jpg,dog,0.3668,0.1726,1.0,0,-0.0007765591,0.10150436
coco500/000000050380.jpg,chair,0.307,0.2117,0.0,1,-0.0027861595,0.040182654
coco500/000000050638.jpg,person,0.8997,0.1885,0.0,1,-0.032497957,0.024193699
coco500/000000050638.jpg,teddy bear,0.6217,0.2323,0.0,1,0.028646082,0.80925375
coco500/000000050679.jpg,orange,0.8751,0.2935,0.0,1,0.0604565,0.9952657
coco500/000000050679.jpg,car,0.8067,0.1738,0.0,1,-0.014051229,0.014492054
coco500/000000050679.jpg,car,0.736,0.2272,0.0,1,0.008099005,0.49625486
coco500/000000050679.jpg,car,0.6307,0.2527,0.0,1,0.026611477,0.6656634
coco500/000000050679.jpg,car,0.6023,0.1913,0.0,1,-0.054056734,0.001497012
coco500/000000050679.jpg,car,0.5811,0.2379,0.0,1,0.02214633,0.70451546
coco500/000000050679.jpg,car,0.5524,0.2128,0.0,1,0.001571253,0.12003696
coco500/000000050679.jpg,car,0.5149,0.2217,0.0,1,-0.0038629174,0.21220005
coco500/000000050679.jpg,car,0.4959,0.25,0.0,1,0.020995378,0.75366926
coco500/000000050679.jpg,car,0.467,0.2002,0.0,1,-0.020512924,0.012150308
coco500/000000050679.jpg,car,0.4319,0.2483,1.0,1,0.023760483,0.51024294
coco500/000000050679.jpg,car,0.3668,0.2136,0.0,1,-0.014127463,0.020242002
coco500/000000050811.jpg,bottle,0.8743,0.2688,0.0,1,0.04296699,0.96083057
coco500/000000050811.jpg,person,0.8561,0.1577,0.0,1,0.0069318265,0.27078536
coco500/000000050811.jpg,bottle,0.8158,0.269,0.0,1,0.04513417,0.9706453
coco500/000000050811.jpg,bowl,0.7458,0.2742,0.0,1,0.046859413,0.96285915
coco500/000000050811.jpg,tie,0.679,0.2913,0.0,1,0.06785062,0.9881031
coco500/000000050811.jpg,dining table,0.6307,0.1831,1.0,1,-0.073149085,0.00048097098
coco500/000000050811.jpg,bottle,0.436,0.2167,0.0,1,-0.0026285648,0.047805242
coco500/000000050811.jpg,remote,0.4164,0.1763,1.0,1,-0.059871227,0.001130134
coco500/000000050811.jpg,cell phone,0.3505,0.1906,0.0,1,-0.030530825,0.007170989
coco500/000000050811.jpg,book,0.3124,0.1967,1.0,0,-0.03686902,0.006558312
coco500/000000050811.jpg,chair,0.304,0.201,1.0,0,-0.0032072514,0.035138037
coco500/000000050828.jpg,chair,0.7912,0.2756,1.0,1,0.03941022,0.94189775
coco500/000000050828.jpg,remote,0.5438,0.2017,0.0,1,-7.401407e-05,0.08547349
coco500/000000050828.jpg,bed,0.5019,0.2524,0.0,1,0.050169855,0.99152607
coco500/000000050828.jpg,suitcase,0.4562,0.2654,0.0,1,-0.0077055693,0.2594015
coco500/000000050828.jpg,cup,0.3264,0.2073,0.0,0,-0.015187576,0.06107145
coco500/000000050844.jpg,teddy bear,0.8296,0.2148,0.0,1,0.044702917,0.964027
coco500/000000050844.jpg,teddy bear,0.73,0.2217,0.0,1,0.060035422,0.9914792
coco500/000000050844.jpg,teddy bear,0.6188,0.218,1.0,1,0.011699468,0.33477834
coco500/000000050844.jpg,tie,0.4158,0.2588,0.0,0,0.038328066,0.889559
coco500/000000050844.jpg,bed,0.3085,0.1498,1.0,0,-0.07308598,0.0005474349
coco500/000000050896.jpg,bowl,0.5565,0.1854,0.0,1,-0.07472405,0.0005647972
coco500/000000050896.jpg,orange,0.5241,0.2839,0.0,1,0.04624152,0.9839192
coco500/000000050896.jpg,orange,0.5215,0.2874,0.0,1,0.055127874,0.9942648
coco500/000000050896.jpg,orange,0.4923,0.2847,0.0,1,0.054075807,0.9908421
coco500/000000050896.jpg,orange,0.4907,0.2773,0.0,1,0.05105932,0.9875021
coco500/000000050896.jpg,orange,0.4849,0.2927,0.0,1,0.060595915,0.9953394
coco500/000000050896.jpg,orange,0.483,0.2803,0.0,1,0.053940877,0.9887553
coco500/000000050896.jpg,orange,0.4804,0.2861,0.0,1,0.054165095,0.98999363
coco500/000000050896.jpg,orange,0.4758,0.2883,0.0,1,0.064968765,0.99509084
coco500/000000050896.jpg,orange,0.4553,0.2551,0.0,1,0.031067938,0.73211265
coco500/000000050896.jpg,orange,0.4224,0.2834,0.0,1,0.060693517,0.9923487
coco500/000000050896.jpg,orange,0.3902,0.269,0.0,1,0.050262585,0.98639965
coco500/000000050896.jpg,orange,0.3899,0.2727,0.0,1,0.05637917,0.9877955
coco500/000000050943.jpg,person,0.8636,0.166,0.0,1,0.0053727925,0.10151478
coco500/000000051008.jpg,cat,0.8698,0.2261,1.0,1,0.046467707,0.9319801
coco500/000000051008.jpg,laptop,0.6236,0.1808,1.0,1,-0.052865565,0.004640535
coco500/000000051008.jpg,keyboard,0.4879,0.1909,1.0,0,-0.027849585,0.009237002
coco500/000000051008.jpg,couch,0.4855,0.1882,1.0,0,-0.045001715,0.0063561024
coco500/000000051314.jpg,person,0.8166,0.1942,0.0,1,0.020073637,0.5421611
coco500/000000051326.jpg,person,0.6194,0.204,0.0,0,0.005463928,0.21283515
coco500/000000051326.jpg,vase,0.5587,0.1404,1.0,1,-0.020365149,0.038101554
coco500/000000051326.jpg,book,0.3805,0.176,0.0,0,-0.017485678,0.012705945
coco500/000000051326.jpg,book,0.3732,0.2145,1.0,0,-0.016877085,0.024721723
coco500/000000051326.jpg,book,0.3723,0.174,0.0,0,-0.01742664,0.010109501
coco500/000000051326.jpg,book,0.3463,0.1866,0.0,0,-0.040375814,0.0028689024
coco500/000000051326.jpg,book,0.3356,0.2235,0.0,0,0.004417777,0.17234115
coco500/000000051326.jpg,orange,0.3325,0.1689,1.0,0,-0.0049832463,0.19045322
coco500/000000051326.jpg,book,0.3058,0.1836,0.0,0,-0.040877372,0.0024396575
coco500/000000051326.jpg,orange,0.3045,0.1564,1.0,0,-0.013978213,0.15533435
coco500/000000051598.jpg,sink,0.5795,0.2817,1.0,1,0.05795476,0.99107915
coco500/000000051598.jpg,bottle,0.4899,0.2296,0.0,1,0.0010512769,0.23610264
coco500/000000051598.jpg,bottle,0.3427,0.2009,0.0,1,-0.005072862,0.042980768
coco500/000000051598.jpg,cup,0.3005,0.194,0.0,0,-0.02349034,0.01825604
coco500/000000051610.jpg,person,0.8886,0.183,0.0,1,0.0048183054,0.27415848
coco500/000000051610.jpg,laptop,0.8562,0.2524,0.0,1,0.048399344,0.96940976
coco500/000000051610.jpg,bed,0.5213,0.1936,1.0,1,-0.007554367,0.11282062
coco500/000000051712.jpg,person,0.754,0.1818,0.0,1,0.012176946,0.38130122
coco500/000000051738.jpg,bed,0.4738,0.2686,1.0,1,0.05353798,0.9911883
coco500/000000051738.jpg,suitcase,0.3695,0.2401,1.0,1,0.004147768,0.12378334
coco500/000000051738.jpg,chair,0.3545,0.1936,0.0,1,-0.01254344,0.031381737
coco500/000000051738.jpg,couch,0.3268,0.2311,0.0,0,-0.014984086,0.1553923
coco500/000000051738.jpg,book,0.3032,0.2124,0.0,0,-0.0014612228,0.046247423
coco500/000000051938.jpg,person,0.908,0.1949,0.0,1,0.0067285597,0.28563616
coco500/000000051938.jpg,person,0.824,0.1805,0.0,1,0.009016022,0.14182729
coco500/000000051938.jpg,person,0.7495,0.176,0.0,1,0.0060999244,0.10299622
coco500/000000051938.jpg,person,0.6596,0.1759,0.0,1,-0.023512423,0.012799767
coco500/000000051938.jpg,person,0.6465,0.1669,0.0,1,-0.023151726,0.012271527
coco500/000000051938.jpg,person,0.633,0.2076,0.0,1,0.008048579,0.13384005
coco500/000000051938.jpg,person,0.5984,0.177,0.0,1,-0.023857906,0.00976143
coco500/000000051938.jpg,person,0.5578,0.1763,0.0,1,-0.01648596,0.020524397
coco500/000000051938.jpg,person,0.5419,0.161,0.0,1,-0.022088185,0.015153733
coco500/000000051938.jpg,person,0.5159,0.1813,0.0,1,0.0039433986,0.10586189
coco500/000000051938.jpg,person,0.4926,0.1674,0.0,1,-0.045645893,0.0027644006
coco500/000000051976.jpg,person,0.7529,0.1881,0.0,1,0.0031993538,0.1107408
coco500/000000052007.jpg,person,0.907,0.2118,0.0,1,0.015654698,0.36847717
coco500/000000052007.jpg,person,0.8952,0.2058,0.0,1,0.0041656643,0.14230724
coco500/000000052007.jpg,bus,0.8876,0.2269,0.0,1,0.058575884,0.99137735
coco500/000000052007.jpg,person,0.7775,0.1865,0.0,1,0.009330794,0.20472732
coco500/000000052007.jpg,person,0.756,0.187,0.0,1,0.015175819,0.25420845
coco500/000000052007.jpg,tie,0.439,0.2097,0.0,1,-0.0070385337,0.03946735
coco500/000000052007.jpg,tie,0.3649,0.2009,0.0,1,-0.009427607,0.028815946
coco500/000000052017.jpg,person,0.329,0.1741,0.0,1,-0.03559746,0.009355362
coco500/000000052412.jpg,car,0.3276,0.2462,0.0,1,0.019247815,0.6256326
coco500/000000052412.jpg,car,0.3164,0.168,0.0,1,-0.02851364,0.0060030166
coco500/000000052412.jpg,car,0.3077,0.191,0.0,1,-0.00029793382,0.11773835
coco500/000000052412.jpg,car,0.302,0.2578,0.0,1,0.004725784,0.53526574
coco500/000000052413.jpg,cup,0.8269,0.2471,0.0,1,0.0071460605,0.66619366
coco500/000000052413.jpg,remote,0.5934,0.2094,0.0,0,-0.02538167,0.07084818
coco500/000000052413.jpg,person,0.5243,0.1641,1.0,1,-0.06928387,0.0009432695
coco500/000000052413.jpg,couch,0.4859,0.193,1.0,0,-0.034108892,0.0066219205
coco500/000000052413.jpg,person,0.4198,0.218,1.0,1,-0.009576872,0.02411984
coco500/000000052413.jpg,bottle,0.3556,0.1971,0.0,0,-0.06347154,0.0009601054
coco500/000000052413.jpg,person,0.3427,0.1835,1.0,1,-0.017296493,0.014176696
coco500/000000052413.jpg,chair,0.3342,0.1985,1.0,1,-0.035240278,0.010487089
coco500/000000052413.jpg,book,0.3313,0.1777,1.0,0,-0.0013697743,0.06619514
coco500/000000052413.jpg,person,0.3205,0.1703,1.0,1,-0.060230285,0.0019567828
coco500/000000052413.jpg,handbag,0.3029,0.1821,0.0,0,-0.00203453,0.06308471
coco500/000000052507.jpg,person,0.8084,0.182,0.0,1,0.005644262,0.19181697
coco500/000000052591.jpg,person,0.8435,0.1757,0.0,1,-0.0022941679,0.15548085
coco500/000000052891.jpg,dog,0.8905,0.2111,1.0,1,0.027101353,0.8867768
coco500/000000052891.jpg,person,0.4654,0.2064,0.0,1,-0.0099933,0.059498273
coco500/000000052891.jpg,person,0.4313,0.1901,0.0,1,-0.008715138,0.047472548
coco500/000000052891.jpg,person,0.4256,0.1566,0.0,1,-0.02697657,0.010754835
coco500/000000052891.jpg,person,0.3718,0.198,0.0,1,-0.00050222874,0.09465989
coco500/000000052891.jpg,person,0.3314,0.1793,0.0,1,0.0058476776,0.099733695
coco500/000000052891.jpg,bowl,0.3204,0.191,1.0,0,-0.021687001,0.05488072
coco500/000000052996.jpg,person,0.85,0.188,0.0,1,0.0024414062,0.19276853
coco500/000000052996.jpg,person,0.8124,0.2152,0.0,1,0.01510708,0.51996607
coco500/000000052996.jpg,person,0.7694,0.2081,1.0,1,0.029059395,0.6664372
coco500/000000052996.jpg,person,0.705,0.2041,1.0,1,0.029658481,0.68867224
coco500/000000052996.jpg,person,0.6052,0.1736,1.0,1,-0.010409385,0.13858081
coco500/000000052996.jpg,bowl,0.6002,0.2629,0.0,1,0.027890861,0.850116
coco500/000000052996.jpg,bowl,0.5856,0.2673,1.0,1,0.031210482,0.84978485
coco500/000000052996.jpg,bowl,0.5673,0.1703,0.0,1,-0.04915057,0.0015438378
coco500/000000052996.jpg,bottle,0.5398,0.2186,0.0,0,-0.008258522,0.06485572
coco500/000000052996.jpg,cup,0.5269,0.2098,0.0,1,0.0040723234,0.29143098
coco500/000000052996.jpg,cup,0.5163,0.1897,0.0,1,-0.013106793,0.06914769
coco500/000000052996.jpg,knife,0.5077,0.2404,0.0,1,0.0006856024,0.2498358
coco500/000000052996.jpg,bowl,0.497,0.208,0.0,1,-0.0022627115,0.2979358
coco500/000000052996.jpg,book,0.4605,0.1923,0.0,1,-0.019815475,0.04839116
coco500/000000052996.jpg,handbag,0.4383,0.2034,0.0,1,-0.007955253,0.057402797
coco500/000000052996.jpg,refrigerator,0.4249,0.1818,0.0,1,-0.0462223,0.0030680483
coco500/000000052996.jpg,person,0.367,0.1813,1.0,1,-0.0065517128,0.030678213
coco500/000000052996.jpg,knife,0.3602,0.2361,1.0,1,0.0027186126,0.20721826
coco500/000000052996.jpg,person,0.3579,0.1932,0.0,1,-0.006881222,0.07728786
coco500/000000052996.jpg,cup,0.3475,0.2004,0.0,1,-0.012291253,0.05038791
coco500/000000052996.jpg,handbag,0.3299,0.2041,0.0,1,-0.026641607,0.029306129
coco500/000000052996.jpg,bottle,0.3193,0.2334,0.0,0,0.016758114,0.41462666
coco500/000000052996.jpg,handbag,0.3192,0.2317,0.0,1,0.010123253,0.49140653
coco500/000000052996.jpg,bottle,0.3078,0.2109,0.0,0,0.003438443,0.09813708
coco500/000000053505.jpg,toilet,0.6762,0.2236,1.0,1,-0.01975654,0.025945684
coco500/000000053505.jpg,bottle,0.5505,0.196,0.0,1,-0.022482932,0.044434857
coco500/000000053505.jpg,bottle,0.5454,0.2126,0.0,1,0.0031922907,0.23135358
coco500/000000053505.jpg,bottle,0.5327,0.2351,0.0,1,0.0062059015,0.4175232
coco500/000000053505.jpg,bottle,0.5267,0.2026,0.0,1,0.028498888,0.65372515
coco500/000000053505.jpg,bottle,0.5216,0.1973,0.0,1,-0.005644858,0.117617965
coco500/000000053505.jpg,bottle,0.5202,0.1909,0.0,1,-0.013593242,0.1530588
coco500/000000053505.jpg,bottle,0.5057,0.1547,0.0,1,-0.051351458,0.0040963143
coco500/000000053505.jpg,bottle,0.4952,0.1503,0.0,1,-0.049375683,0.0041126944
coco500/000000053529.jpg,person,0.5376,0.2104,0.0,1,0.0074750483,0.17466353
coco500/000000053529.jpg,car,0.4671,0.139,1.0,0,-0.06770468,0.0007568143
coco500/000000053529.jpg,dog,0.4463,0.1907,0.0,1,0.018291429,0.80118585
coco500/000000053624.jpg,person,0.6639,0.2041,0.0,1,0.013720706,0.24770205
coco500/000000053624.jpg,person,0.6104,0.2146,0.0,1,0.015919283,0.32423925
coco500/000000053624.jpg,person,0.6021,0.2072,0.0,1,0.013632387,0.16320801
coco500/000000053624.jpg,person,0.5228,0.2028,1.0,1,0.013268128,0.25537017
coco500/000000053624.jpg,bicycle,0.3223,0.1927,0.0,0,0.0015137941,0.18903
coco500/000000053624.jpg,person,0.3005,0.1992,1.0,1,-0.0037768632,0.07707215
coco500/000000053624.jpg,umbrella,0.3004,0.2007,1.0,0,-0.005622953,0.03359553
coco500/000000053626.jpg,person,0.7837,0.2076,0.0,1,0.004361242,0.37346876
coco500/000000053626.jpg,person,0.78,0.2032,0.0,1,0.022343561,0.5758667
coco500/000000053626.jpg,person,0.7773,0.1958,0.0,1,0.0051922053,0.3496743
coco500/000000053626.jpg,person,0.7656,0.2043,0.0,1,0.014106944,0.52542907
coco500/000000053909.jpg,person,0.7372,0.1777,1.0,1,-0.043692544,0.0077039097
coco500/000000053909.jpg,cell phone,0.5505,0.2207,0.0,1,0.02220136,0.7483542
coco500/000000053909.jpg,cell phone,0.3185,0.2277,0.0,1,0.0155246705,0.51141673
coco500/000000053994.jpg,car,0.5118,0.2225,0.0,1,-0.0034377724,0.10920444
coco500/000000053994.jpg,car,0.4567,0.2312,0.0,1,0.012411505,0.3072005
coco500/000000054164.jpg,person,0.8485,0.1808,0.0,1,-0.0037045479,0.136621
coco500/000000054592.jpg,person,0.8416,0.1882,0.0,1,-0.015935495,0.09789085
coco500/000000054592.jpg,person,0.5829,0.2007,0.0,1,-0.003215447,0.06638441
coco500/000000054592.jpg,backpack,0.4544,0.2263,0.0,1,0.0067445487,0.15488291
coco500/000000054593.jpg,person,0.9026,0.1818,0.0,1,-0.016759723,0.12562987
coco500/000000054593.jpg,person,0.8878,0.1648,0.0,1,-0.04550481,0.009940546
coco500/000000054593.jpg,person,0.8798,0.2026,0.0,1,-0.016853541,0.03844982
coco500/000000054593.jpg,person,0.878,0.1882,1.0,1,-0.0149549395,0.11410406
coco500/000000054593.jpg,person,0.8765,0.1964,0.0,1,-0.018577665,0.10288659
coco500/000000054593.jpg,car,0.709,0.2015,0.0,1,-0.0017775744,0.048579875
coco500/000000054593.jpg,sports ball,0.7074,0.2053,0.0,1,0.049574375,0.92221
coco500/000000054593.jpg,person,0.4509,0.1954,0.0,1,-0.018645316,0.05086742
coco500/000000054593.jpg,motorcycle,0.4294,0.1804,1.0,1,-0.03062667,0.016627442
coco500/000000054593.jpg,chair,0.3661,0.2107,0.0,1,0.010997072,0.23402637
coco500/000000054593.jpg,car,0.358,0.1476,0.0,1,-0.039466202,0.0039142617
coco500/000000054593.jpg,chair,0.3573,0.1887,0.0,1,-0.03401205,0.023690136
coco500/000000054593.jpg,backpack,0.3048,0.1995,0.0,1,-0.03334813,0.0063612107
coco500/000000054593.jpg,chair,0.3003,0.2,0.0,1,-0.024113685,0.020621728
coco500/000000054605.jpg,person,0.7793,0.201,1.0,1,-0.00908643,0.10154595
coco500/000000054605.jpg,person,0.7432,0.1641,1.0,1,-0.043743685,0.010165271
coco500/000000054605.jpg,cup,0.704,0.2418,1.0,1,-0.012617201,0.11568171
coco500/000000054605.jpg,cake,0.6657,0.2703,0.0,1,0.068168804,0.99715686
coco500/000000054605.jpg,dining table,0.6106,0.1674,1.0,1,-0.10846172,1.934088e-05
coco500/000000054605.jpg,person,0.559,0.1813,1.0,1,-0.0065517128,0.030678213
coco500/000000054605.jpg,cup,0.5453,0.2438,0.0,1,-0.004034087,0.21896572
coco500/000000054605.jpg,chair,0.5363,0.2161,0.0,1,0.01652503,0.35174638
coco500/000000054605.jpg,fork,0.4183,0.2915,1.0,1,0.052595526,0.9918321
coco500/000000054605.jpg,fork,0.4116,0.281,0.0,1,0.05850829,0.9939182
coco500/000000054605.jpg,chair,0.3988,0.1823,1.0,1,-0.019745007,0.021629056
coco500/000000054605.jpg,chair,0.3713,0.1879,0.0,1,-0.01893951,0.012740121
coco500/000000054605.jpg,person,0.3478,0.2001,1.0,1,0.010559782,0.17921622
coco500/000000054605.jpg,chair,0.3281,0.1809,0.0,1,-0.0069663227,0.029432295
coco500/000000054605.jpg,person,0.3108,0.2053,1.0,1,0.0010041595,0.2450148
coco500/000000054628.jpg,chair,0.7999,0.2822,0.0,1,0.05208683,0.9637069
coco500/000000054628.jpg,person,0.7904,0.1843,0.0,1,0.0018788725,0.064811505
coco500/000000054628.jpg,chair,0.6275,0.2417,0.0,1,0.004235834,0.32155594
coco500/000000054628.jpg,umbrella,0.5046,0.1982,0.0,0,-0.014359385,0.06012058
coco500/000000054628.jpg,dining table,0.5012,0.1578,1.0,1,-0.089103654,0.00013451622
coco500/000000054628.jpg,umbrella,0.4611,0.1689,0.0,0,-0.02688238,0.009532089
coco500/000000054628.jpg,chair,0.4595,0.1824,0.0,1,-0.0138423,0.026758706
coco500/000000054628.jpg,chair,0.4389,0.1915,0.0,1,-0.0023832768,0.048096932
coco500/000000054628.jpg,chair,0.4331,0.2104,0.0,1,-0.012949243,0.0325147
coco500/000000054628.jpg,chair,0.4269,0.1727,0.0,1,-0.010680541,0.028383253
coco500/000000054628.jpg,wine glass,0.409,0.1584,0.0,0,-0.039255545,0.0020868215
coco500/000000054628.jpg,cake,0.4005,0.2522,0.0,1,0.0592072,0.99378234
coco500/000000054628.jpg,potted plant,0.3986,0.2053,0.0,1,-0.0015293956,0.060468204
coco500/000000054628.jpg,potted plant,0.3706,0.2183,0.0,1,0.011202559,0.1515954
coco500/000000054628.jpg,umbrella,0.3594,0.1576,0.0,0,-0.024869204,0.005868285
coco500/000000054628.jpg,dining table,0.3542,0.1953,0.0,1,-0.0038655847,0.036024038
coco500/000000054628.jpg,dining table,0.3414,0.2452,0.0,1,0.016056463,0.51113385
coco500/000000054628.jpg,wine glass,0.3369,0.1912,0.0,0,-0.029113218,0.015936159
coco500/000000054628.jpg,umbrella,0.3253,0.212,1.0,0,-0.0073242486,0.062000707
coco500/000000054628.jpg,wine glass,0.3223,0.189,0.0,0,-0.015795931,0.012025004
coco500/000000054628.jpg,chair,0.3221,0.1997,0.0,1,-0.010812089,0.037129052
coco500/000000054628.jpg,dining table,0.32,0.1571,0.0,1,-0.085361466,0.00019439386
coco500/000000054628.jpg,umbrella,0.3106,0.1682,0.0,0,-0.019578218,0.008338658
coco500/000000054628.jpg,cake,0.3001,0.2485,0.0,1,0.025462568,0.90255463
coco500/000000054654.jpg,person,0.9199,0.1796,0.0,1,-0.006941527,0.07316417
coco500/000000054654.jpg,oven,0.5373,0.2031,1.0,1,-0.018023595,0.017601293
coco500/000000054654.jpg,spoon,0.4959,0.222,0.0,0,-0.03731388,0.019737866
coco500/000000054654.jpg,bottle,0.4361,0.2114,0.0,0,0.01618959,0.46541286
coco500/000000054654.jpg,bottle,0.4302,0.2046,0.0,0,0.008050501,0.26102123
coco500/000000054654.jpg,bottle,0.4274,0.2225,0.0,0,-0.00027912855,0.22093868
coco500/000000054654.jpg,bottle,0.4193,0.2041,0.0,0,0.016046926,0.39377746
coco500/000000054654.jpg,bottle,0.4086,0.2072,0.0,0,0.008733094,0.19907455
coco500/000000054654.jpg,bottle,0.3871,0.2159,0.0,0,0.017221957,0.5893124
coco500/000000054654.jpg,spoon,0.3816,0.2081,1.0,0,-0.008750707,0.02577063
coco500/000000054654.jpg,spoon,0.3787,0.213,0.0,0,-0.009335011,0.06745239
coco500/000000054654.jpg,bottle,0.3735,0.2098,0.0,0,0.01192084,0.20003873
coco500/000000054654.jpg,bottle,0.3689,0.2003,0.0,0,-0.009681374,0.071539424
coco500/000000054654.jpg,bottle,0.3666,0.1912,0.0,0,-0.006636277,0.026617365
coco500/000000054654.jpg,bottle,0.3594,0.214,0.0,0,0.016332358,0.3108141
coco500/000000054654.jpg,cake,0.3564,0.2268,0.0,0,-0.009698108,0.08078061
coco500/000000054654.jpg,knife,0.3443,0.177,0.0,0,-0.013786733,0.016573288
coco500/000000054654.jpg,knife,0.3105,0.2048,0.0,0,-0.010676652,0.050044596
coco500/000000054931.jpg,person,0.771,0.1691,0.0,1,0.0013175905,0.12562653
coco500/000000054967.jpg,car,0.8157,0.2307,0.0,1,0.032376915,0.82763165
coco500/000000054967.jpg,car,0.712,0.2386,0.0,1,0.024115622,0.588437
coco500/000000054967.jpg,car,0.6866,0.2274,0.0,1,0.017610386,0.47919613
coco500/000000054967.jpg,car,0.6385,0.2334,0.0,1,0.02796629,0.75036526
coco500/000000054967.jpg,person,0.6275,0.2097,1.0,1,0.0015224963,0.055475984
coco500/000000054967.jpg,car,0.6207,0.2201,0.0,1,0.015313476,0.47409394
coco500/000000054967.jpg,car,0.5696,0.2261,0.0,1,0.019351646,0.63751507
coco500/000000054967.jpg,car,0.5649,0.2405,0.0,1,-0.0007092953,0.4445438
coco500/000000054967.jpg,car,0.5479,0.2159,0.0,1,0.01395236,0.46050748
coco500/000000054967.jpg,truck,0.5449,0.1996,0.0,0,-0.011438727,0.1310782
coco500/000000054967.jpg,car,0.4941,0.2222,0.0,1,0.016698673,0.58433497
coco500/000000054967.jpg,car,0.4817,0.2419,0.0,1,0.0261053,0.676206
coco500/000000054967.jpg,car,0.4623,0.1974,1.0,1,-0.0107256025,0.024455564
coco500/000000054967.jpg,car,0.4457,0.2207,0.0,1,0.022838429,0.54868215
coco500/000000054967.jpg,car,0.4418,0.2321,0.0,1,0.017282128,0.55084467
coco500/000000054967.jpg,car,0.4245,0.2244,0.0,1,0.018780515,0.54016423
coco500/000000054967.jpg,car,0.3888,0.2206,0.0,1,0.012506828,0.49300903
coco500/000000054967.jpg,potted plant,0.3325,0.1946,0.0,0,-0.016558006,0.011030143
coco500/000000055002.jpg,toilet,0.6633,0.2527,0.0,1,0.034339055,0.899323
coco500/000000055002.jpg,person,0.5639,0.197,1.0,1,-0.068778604,0.0004750224
coco500/000000055002.jpg,toilet,0.3075,0.2013,1.0,1,-0.045520514,0.0024063769
coco500/000000055002.jpg,toothbrush,0.3008,0.2321,0.0,0,-0.0101661235,0.13739298
coco500/000000055022.jpg,person,0.7476,0.2074,0.0,1,0.014147282,0.3813625
coco500/000000055022.jpg,bicycle,0.6615,0.2397,1.0,1,0.025824592,0.84733987
coco500/000000055022.jpg,bicycle,0.6243,0.2554,0.0,1,0.02277276,0.8739411
coco500/000000055022.jpg,bicycle,0.4925,0.2236,0.0,1,0.01534681,0.7751188
coco500/000000055022.jpg,bicycle,0.4136,0.2357,0.0,1,0.016418397,0.8060043
coco500/000000055022.jpg,person,0.3372,0.1769,0.0,1,-0.039938375,0.003822072
coco500/000000055022.jpg,handbag,0.323,0.1744,0.0,0,-0.023145512,0.017040808
coco500/000000055150.jpg,person,0.7549,0.1783,0.0,1,0.007775128,0.14671303
coco500/000000055150.jpg,suitcase,0.6872,0.2661,0.0,1,0.037068456,0.95997584
coco500/000000055150.jpg,car,0.6746,0.2214,0.0,1,0.040642202,0.88665086
coco500/000000055150.jpg,car,0.6236,0.1779,0.0,1,-0.055919528,0.0010509992
coco500/000000055150.jpg,car,0.5874,0.2122,0.0,1,0.020062149,0.64528936
coco500/000000055150.jpg,car,0.5543,0.2075,0.0,1,-0.008178607,0.12312188
coco500/000000055150.jpg,person,0.5222,0.1752,0.0,1,-0.004941866,0.07060483
coco500/000000055150.jpg,car,0.5219,0.2194,1.0,1,0.02523157,0.7912984
coco500/000000055150.jpg,suitcase,0.5037,0.2355,0.0,1,-0.020560607,0.083823726
coco500/000000055150.jpg,car,0.4959,0.2325,1.0,1,0.031724006,0.7796509
coco500/000000055150.jpg,person,0.4598,0.1655,0.0,1,-0.0037818253,0.14234225
coco500/000000055150.jpg,car,0.4493,0.2263,0.0,1,0.028409153,0.7783512
coco500/000000055150.jpg,car,0.4364,0.1538,0.0,1,-0.02863343,0.011273958
coco500/000000055150.jpg,car,0.3898,0.1779,0.0,1,-0.057981834,0.0010964944
coco500/000000055150.jpg,suitcase,0.374,0.1953,0.0,1,-0.066080466,0.001332515
coco500/000000055150.jpg,suitcase,0.3199,0.2852,0.0,1,0.030526727,0.9404617
coco500/000000055167.jpg,bus,0.887,0.2327,0.0,1,0.048882604,0.98356116
coco500/000000055167.jpg,person,0.798,0.2156,0.0,1,-0.021915838,0.09090736
coco500/000000055167.jpg,car,0.754,0.2301,0.0,1,0.031674623,0.69486904
coco500/000000055167.jpg,person,0.7458,0.2067,0.0,1,-0.014001921,0.049270563
coco500/000000055167.jpg,person,0.7343,0.209,0.0,1,-0.025659472,0.047627497
coco500/000000055167.jpg,car,0.6906,0.1996,0.0,1,0.009899303,0.32671937
coco500/000000055167.jpg,person,0.6414,0.2004,0.0,1,-0.02890326,0.039035723
coco500/000000055167.jpg,truck,0.6096,0.1722,0.0,1,-0.0072235167,0.2758202
coco500/000000055167.jpg,backpack,0.5582,0.2408,0.0,1,0.02339068,0.8171898
coco500/000000055167.jpg,person,0.5217,0.2134,0.0,1,-0.031219006,0.025544345
coco500/000000055167.jpg,person,0.4798,0.1992,0.0,1,0.00031977892,0.063260846
coco500/000000055167.jpg,car,0.4636,0.2124,0.0,1,-0.0067525506,0.0944995
coco500/000000055167.jpg,chair,0.4385,0.2156,0.0,0,6.239116e-05,0.13369393
coco500/000000055299.jpg,bird,0.8874,0.2529,0.0,1,0.05590205,0.9615988
coco500/000000055299.jpg,bird,0.5197,0.1852,0.0,1,-0.013648927,0.04294617
coco500/000000055299.jpg,person,0.4698,0.1852,0.0,0,-0.02047193,0.02087058
coco500/000000055299.jpg,umbrella,0.4593,0.186,0.0,1,-0.027552396,0.012461177
coco500/000000055299.jpg,chair,0.4548,0.1906,0.0,0,-0.018744767,0.03289478
coco500/000000055299.jpg,person,0.453,0.2103,0.0,0,-0.008172855,0.040976554
coco500/000000055299.jpg,umbrella,0.4015,0.2549,0.0,1,0.052315176,0.97770727
coco500/000000055528.jpg,remote,0.7958,0.2605,1.0,1,0.024168164,0.9086481
coco500/000000055528.jpg,remote,0.7248,0.2737,0.0,1,0.036586985,0.9701675
coco500/000000055528.jpg,couch,0.554,0.1733,1.0,1,-0.023481473,0.018618708
coco500/000000055528.jpg,toothbrush,0.3894,0.1881,0.0,1,-0.038510352,0.009997205
coco500/000000055950.jpg,person,0.8267,0.146,0.0,1,-0.023142472,0.043114487
coco500/000000055950.jpg,sports ball,0.7892,0.2238,0.0,1,0.036255777,0.88277537
coco500/000000055950.jpg,sports ball,0.3177,0.1796,0.0,1,-0.015251026,0.04778409
coco500/000000056127.jpg,cup,0.6085,0.1901,0.0,1,0.0077247918,0.22359979
coco500/000000056127.jpg,cup,0.5863,0.1775,0.0,1,-0.002859816,0.09158298
coco500/000000056127.jpg,chair,0.4746,0.2021,0.0,0,-0.046847224,0.0030173
coco500/000000056127.jpg,cup,0.4517,0.1903,0.0,1,0.014490575,0.27298886
coco500/000000056127.jpg,cup,0.429,0.2224,0.0,1,0.0034731328,0.21527159
coco500/000000056127.jpg,oven,0.3967,0.2278,0.0,1,-0.031646505,0.03200864
coco500/000000056127.jpg,sink,0.3398,0.1769,0.0,1,-0.028545171,0.0048791394
coco500/000000056127.jpg,chair,0.3373,0.1981,1.0,0,-0.048325837,0.003052914
coco500/000000056127.jpg,clock,0.335,0.1924,0.0,0,-0.031116128,0.011236941
coco500/000000056127.jpg,refrigerator,0.3177,0.1837,0.0,1,-0.045386374,0.0015243597
coco500/000000056127.jpg,oven,0.3171,0.2469,0.0,1,0.013285235,0.69653153
coco500/000000056288.jpg,sandwich,0.7715,0.2566,0.0,1,0.083820775,0.9993919
coco500/000000056288.jpg,car,0.4712,0.1725,0.0,0,-0.05262986,0.0011599475
coco500/000000056288.jpg,remote,0.413,0.2605,1.0,0,0.021710306,0.7729509
coco500/000000056288.jpg,tv,0.371,0.1672,1.0,1,-0.096069545,6.4848275e-05
coco500/000000056288.jpg,keyboard,0.3689,0.1851,1.0,1,-0.041274413,0.0018331318
coco500/000000056288.jpg,bowl,0.3542,0.1659,1.0,0,-0.0852505,0.00018633189
coco500/000000056344.jpg,keyboard,0.877,0.292,0.0,1,0.052370876,0.9880607
coco500/000000056344.jpg,mouse,0.8548,0.2532,0.0,1,0.034009412,0.89965576
coco500/000000056344.jpg,tv,0.7385,0.2085,0.0,1,-0.031725615,0.018989531
coco500/000000056344.jpg,tv,0.7364,0.2262,1.0,1,-0.030652404,0.03666249
coco500/000000056344.jpg,cell phone,0.5921,0.2223,0.0,1,0.00032298267,0.13523296
coco500/000000056344.jpg,cell phone,0.5702,0.2123,0.0,1,-0.007968903,0.09230098
coco500/000000056344.jpg,cell phone,0.4278,0.1932,0.0,1,-0.031879395,0.014183863
coco500/000000056350.jpg,toilet,0.6512,0.2152,1.0,1,-0.006785214,0.085870184
coco500/000000056350.jpg,person,0.5056,0.1868,1.0,1,-0.0067313015,0.09403937
coco500/000000056350.jpg,person,0.4219,0.1802,0.0,1,-0.0016117692,0.110909514
coco500/000000056350.jpg,bottle,0.325,0.1915,0.0,0,-0.022347882,0.017180996
coco500/000000056545.jpg,bird,0.9014,0.2462,1.0,1,0.04677795,0.9560419
coco500/000000057149.jpg,car,0.8215,0.2122,1.0,1,0.03875564,0.795864
coco500/000000057149.jpg,bus,0.5835,0.233,0.0,1,0.046343252,0.9747116
coco500/000000057149.jpg,bus,0.4948,0.2529,0.0,1,0.024116352,0.8227439
coco500/000000057150.jpg,teddy bear,0.8443,0.2467,0.0,1,0.06391427,0.9951769
coco500/000000057150.jpg,person,0.7413,0.1869,0.0,1,0.003115639,0.23698159
coco500/000000057150.jpg,person,0.7081,0.2091,0.0,1,0.0029931515,0.24836163
coco500/000000057150.jpg,backpack,0.6393,0.1746,1.0,1,-0.01972644,0.018136648
coco500/000000057150.jpg,person,0.6306,0.1843,1.0,1,-0.0010420084,0.108075924
coco500/000000057150.jpg,person,0.5763,0.1938,1.0,1,0.00651066,0.1199021
coco500/000000057150.jpg,person,0.5567,0.1998,1.0,1,0.014923245,0.3352988
coco500/000000057150.jpg,backpack,0.5372,0.2096,0.0,1,0.013606697,0.27280164
coco500/000000057150.jpg,person,0.5036,0.1937,0.0,1,-0.029292509,0.045536183
coco500/000000057150.jpg,person,0.4814,0.2015,1.0,1,0.0001578927,0.051478643
coco500/000000057150.jpg,person,0.4639,0.1782,0.0,1,-0.059929132,0.002391649
coco500/000000057150.jpg,person,0.454,0.2112,0.0,1,0.004589185,0.16841322
coco500/000000057150.jpg,tie,0.4493,0.1926,0.0,0,0.029966444,0.6184256
coco500/000000057150.jpg,person,0.4397,0.2048,0.0,1,-0.012692377,0.13941404
coco500/000000057150.jpg,person,0.4394,0.1937,1.0,1,0.0077121854,0.10836653
coco500/000000057150.jpg,backpack,0.4349,0.2101,0.0,1,0.014460608,0.4280106
coco500/000000057150.jpg,person,0.4312,0.209,0.0,1,0.00780116,0.2510538
coco500/000000057150.jpg,person,0.415,0.1923,0.0,1,0.018246904,0.29492095
coco500/000000057150.jpg,suitcase,0.4123,0.2125,1.0,0,-0.05372575,0.0043869675
coco500/000000057150.jpg,backpack,0.3964,0.2032,1.0,1,-0.01722607,0.016644029
coco500/000000057150.jpg,backpack,0.3668,0.2151,0.0,1,0.01845096,0.51899093
coco500/000000057150.jpg,person,0.3603,0.1613,0.0,1,-0.054825217,0.004009247
coco500/000000057150.jpg,person,0.3422,0.2144,0.0,1,-0.02179648,0.08235291
coco500/000000057150.jpg,person,0.3405,0.1978,0.0,1,-0.031748474,0.034104403
coco500/000000057150.jpg,backpack,0.3352,0.1917,0.0,1,-0.034345686,0.006364754
coco500/000000057150.jpg,person,0.3336,0.1844,1.0,1,-0.0033180714,0.042725284
coco500/000000057150.jpg,person,0.3146,0.2,1.0,1,0.021053672,0.41644916
coco500/000000057150.jpg,person,0.3087,0.1672,0.0,1,0.0060600936,0.12222221
coco500/000000057150.jpg,teddy bear,0.3034,0.2258,0.0,1,0.0023554862,0.24990071
coco500/000000057232.jpg,vase,0.4823,0.1932,0.0,1,-0.0059270263,0.06462529
coco500/000000057232.jpg,book,0.3405,0.1785,0.0,0,-0.079206884,0.00033031203
coco500/000000057232.jpg,vase,0.339,0.1677,0.0,1,-0.0279392,0.013667788
coco500/000000057232.jpg,bowl,0.33,0.1812,0.0,0,-0.0328501,0.0043850243
coco500/000000057232.jpg,book,0.31,0.2085,0.0,0,-0.03524366,0.018536793
coco500/000000057232.jpg,vase,0.3083,0.1752,0.0,1,-0.038393915,0.01039705
coco500/000000057238.jpg,chair,0.8044,0.2869,0.0,1,0.04607138,0.9752712
coco500/000000057238.jpg,refrigerator,0.7968,0.2881,1.0,1,0.035587102,0.9624338
coco500/000000057238.jpg,chair,0.4359,0.2159,1.0,1,0.008539349,0.13158135
coco500/000000057238.jpg,dining table,0.43,0.2224,1.0,1,-0.022503942,0.049353033
coco500/000000057238.jpg,dining table,0.3433,0.2433,1.0,1,-0.023435056,0.06656974
coco500/000000057597.jpg,person,0.8239,0.14,0.0,1,-0.034238547,0.027731627
coco500/000000057597.jpg,person,0.7949,0.1746,0.0,1,-0.0147100985,0.14727485
coco500/000000057597.jpg,sports ball,0.7389,0.2411,0.0,1,0.0444002,0.9348228
coco500/000000057597.jpg,person,0.7075,0.1874,0.0,1,-0.009223148,0.22595355
coco500/000000057597.jpg,car,0.6918,0.2415,0.0,1,0.03688194,0.84830344
coco500/000000057597.jpg,person,0.4445,0.1969,0.0,1,0.010636836,0.24916275
coco500/000000057597.jpg,person,0.43,0.1654,0.0,1,-0.011396676,0.027088143
coco500/000000057597.jpg,car,0.4255,0.1702,0.0,1,-0.028268814,0.0056524137
coco500/000000057597.jpg,person,0.4164,0.2023,0.0,1,-0.005286157,0.15071806
coco500/000000057597.jpg,person,0.4122,0.1868,0.0,1,-0.0115725845,0.06500561
coco500/000000057597.jpg,person,0.4092,0.1974,0.0,1,-0.00060613453,0.07951992
coco500/000000057597.jpg,truck,0.4082,0.1637,0.0,1,-0.023659527,0.010565222
coco500/000000057597.jpg,bench,0.3962,0.1819,0.0,1,-0.025694191,0.006570007
coco500/000000057597.jpg,car,0.3864,0.1948,0.0,1,-0.033346847,0.025757285
coco500/000000057597.jpg,person,0.3608,0.1923,0.0,1,0.002581656,0.085271396
coco500/000000057597.jpg,person,0.3591,0.1851,0.0,1,-0.034039944,0.025917357
coco500/000000057597.jpg,person,0.3587,0.1823,0.0,1,-0.012081355,0.044795673
coco500/000000057597.jpg,backpack,0.3528,0.2064,0.0,1,-0.010466009,0.103799246
coco500/000000057597.jpg,person,0.3513,0.1956,0.0,1,0.010192573,0.23465827
coco500/000000057597.jpg,car,0.3492,0.1683,0.0,1,-0.018218309,0.009298058
coco500/000000057597.jpg,person,0.3411,0.2086,0.0,1,0.005191505,0.23826373
coco500/000000057597.jpg,car,0.3408,0.2129,0.0,1,0.013571888,0.2652336
coco500/000000057597.jpg,person,0.3397,0.2006,0.0,1,0.024573758,0.46718284
coco500/000000057597.jpg,person,0.3368,0.1742,0.0,1,-0.013520703,0.025499925
coco500/000000057597.jpg,person,0.335,0.1969,0.0,1,0.0071512163,0.3870907
coco500/000000057597.jpg,person,0.334,0.1968,0.0,1,0.004244894,0.3339637
coco500/000000057597.jpg,person,0.3312,0.1874,0.0,1,-0.0054471493,0.054243807
coco500/000000057597.jpg,person,0.3292,0.2017,0.0,1,0.019037783,0.43449184
coco500/000000057597.jpg,person,0.3286,0.1935,0.0,1,0.009581119,0.22625074
coco500/000000057597.jpg,person,0.3276,0.1949,0.0,1,-0.0073165745,0.044724394
coco500/000000057597.jpg,backpack,0.313,0.1481,0.0,1,-0.046189085,0.0019553583
coco500/000000057597.jpg,person,0.3077,0.1899,0.0,1,0.016549781,0.31457868
coco500/000000057597.jpg,person,0.3072,0.1998,0.0,1,0.0024123937,0.22720319
coco500/000000057597.jpg,person,0.3058,0.1954,0.0,1,-0.0009176135,0.14814912
coco500/000000057597.jpg,person,0.3005,0.1785,0.0,1,-0.012486562,0.047580585
coco500/000000057672.jpg,person,0.7971,0.1981,0.0,1,-0.0031572282,0.32695654
coco500/000000057672.jpg,car,0.6591,0.2571,0.0,1,0.028694868,0.7461251
coco500/000000057672.jpg,person,0.6549,0.1946,0.0,1,0.005380735,0.39289188
coco500/000000057672.jpg,person,0.6465,0.1881,0.0,1,0.018164083,0.5768904
coco500/000000057672.jpg,person,0.6273,0.2111,0.0,1,0.00091168284,0.33189675
coco500/000000057672.jpg,person,0.6184,0.1854,0.0,1,-0.021552399,0.03960972
coco500/000000057672.jpg,person,0.604,0.2024,0.0,1,0.004646644,0.3201324
coco500/000000057672.jpg,car,0.5938,0.2213,0.0,1,0.0017950237,0.12649864
coco500/000000057672.jpg,person,0.5937,0.1759,1.0,1,0.0011194497,0.12389761
coco500/000000057672.jpg,person,0.5855,0.175,0.0,1,0.015450433,0.50195974
coco500/000000057672.jpg,person,0.5684,0.1831,0.0,1,0.010960177,0.3230721
coco500/000000057672.jpg,person,0.5486,0.2047,0.0,1,0.01849918,0.48195234
coco500/000000057672.jpg,person,0.5232,0.1858,0.0,1,0.011832491,0.21098638
coco500/000000057672.jpg,person,0.4846,0.2257,0.0,1,0.013187498,0.29703653
coco500/000000057672.jpg,bus,0.462,0.2312,0.0,0,0.008416221,0.39280528
coco500/000000057672.jpg,person,0.45,0.2245,0.0,1,0.01934369,0.42204055
coco500/000000057672.jpg,person,0.4436,0.2135,0.0,1,0.0027469546,0.17275444
coco500/000000057672.jpg,person,0.4263,0.1715,0.0,1,-0.03201379,0.01153505
coco500/000000057672.jpg,person,0.3678,0.2078,0.0,1,0.0058808327,0.2360892
coco500/000000057672.jpg,person,0.3514,0.2184,0.0,1,-0.004426703,0.094014704
coco500/000000057672.jpg,person,0.3447,0.209,0.0,1,0.00046487153,0.08924085
coco500/000000057672.jpg,person,0.3351,0.2272,0.0,1,0.014740154,0.28840858
coco500/000000057672.jpg,bench,0.335,0.1965,0.0,0,-0.010960579,0.0361103
coco500/000000057672.jpg,person,0.3342,0.2256,0.0,1,0.015932247,0.3178296
coco500/000000057672.jpg,person,0.3342,0.2144,0.0,1,-0.003242135,0.05916885
coco500/000000057672.jpg,car,0.3331,0.1962,0.0,1,0.0017088503,0.06760961
coco500/000000057672.jpg,person,0.3201,0.2079,0.0,1,-0.009533316,0.061427556
coco500/000000057672.jpg,person,0.3054,0.2175,0.0,1,0.004233852,0.16788843
coco500/000000057672.jpg,person,0.3034,0.2145,0.0,1,0.0064015687,0.16958278
coco500/000000057672.jpg,person,0.3021,0.2025,0.0,1,-0.006356269,0.02975692
coco500/000000057725.jpg,clock,0.8298,0.2194,0.0,1,0.050360546,0.9750137
coco500/000000057725.jpg,clock,0.8155,0.2217,0.0,1,0.061618418,0.9861903
coco500/000000057725.jpg,person,0.3316,0.2041,0.0,0,-0.0053144395,0.034147747
coco500/000000057760.jpg,person,0.7195,0.1848,0.0,1,0.0111442655,0.24222694
coco500/000000057760.jpg,person,0.7071,0.1669,0.0,1,-0.045854837,0.0028778787
coco500/000000057760.jpg,person,0.6744,0.1851,0.0,1,-0.022647634,0.018571373
coco500/000000057760.jpg,person,0.661,0.1659,0.0,1,-0.02619566,0.009705141
coco500/000000057760.jpg,person,0.658,0.1744,0.0,1,-0.015669256,0.027147543
coco500/000000057760.jpg,person,0.6087,0.179,0.0,1,-0.018062264,0.01897909
coco500/000000057760.jpg,person,0.5913,0.2144,0.0,1,-0.017792553,0.073971346
coco500/000000057760.jpg,person,0.4887,0.2114,0.0,1,0.0015484244,0.10539573
coco500/000000057760.jpg,person,0.4722,0.2258,0.0,1,0.015549615,0.36325124
coco500/000000057760.jpg,person,0.445,0.2004,0.0,1,0.007959023,0.14139745
coco500/000000057760.jpg,person,0.433,0.1749,0.0,1,-0.009959355,0.05473309
coco500/000000057760.jpg,person,0.4297,0.2001,0.0,1,0.005452916,0.10660249
coco500/000000057760.jpg,person,0.4052,0.1776,0.0,1,-0.0096206665,0.023392156
coco500/000000057760.jpg,person,0.394,0.1606,0.0,1,-0.01884316,0.015317308
coco500/000000057760.jpg,person,0.3857,0.1741,0.0,1,-0.026345223,0.008437244
coco500/000000057760.jpg,person,0.3519,0.2032,0.0,1,0.0026391596,0.079398744
coco500/000000057760.jpg,person,0.342,0.1758,0.0,1,-0.014760643,0.022261702
coco500/000000057760.jpg,umbrella,0.3277,0.2114,0.0,0,0.0018530339,0.11484772
coco500/000000057760.jpg,umbrella,0.3142,0.1978,0.0,0,-0.006508842,0.034441166
coco500/000000058029.jpg,toilet,0.7536,0.236,1.0,1,-0.03217253,0.028351361
coco500/000000058029.jpg,sink,0.6278,0.2251,1.0,1,0.01353538,0.27089024
coco500/000000058111.jpg,cat,0.7837,0.2211,0.0,1,0.02415052,0.853913
coco500/000000058111.jpg,book,0.394,0.1857,1.0,1,-0.012736246,0.016500466
coco500/000000058111.jpg,book,0.3375,0.1886,1.0,1,-0.014609262,0.021311242
coco500/000000058111.jpg,book,0.3277,0.1948,1.0,1,-0.006715715,0.04084407
coco500/000000058111.jpg,book,0.3221,0.1854,1.0,1,-0.041192368,0.0023541178
coco500/000000058111.jpg,book,0.3087,0.1979,1.0,1,-0.010201499,0.023850162
coco500/000000058111.jpg,book,0.3062,0.217,0.0,1,0.005749777,0.14414406
coco500/000000058350.jpg,person,0.903,0.1775,0.0,1,-0.04054731,0.016617943
coco500/000000058350.jpg,person,0.884,0.1732,1.0,1,-0.01032418,0.09735028
coco500/000000058350.jpg,pizza,0.739,0.2394,0.0,1,0.04518792,0.9636408
coco500/000000058350.jpg,knife,0.6692,0.2507,0.0,1,0.041214675,0.9401113
coco500/000000058350.jpg,book,0.3856,0.2305,1.0,0,0.014143318,0.3101082
coco500/000000058350.jpg,couch,0.3102,0.129,1.0,1,-0.085037366,0.00018897075
coco500/000000058393.jpg,bench,0.8132,0.2947,0.0,1,0.045582145,0.9842941
coco500/000000058393.jpg,person,0.5255,0.2057,0.0,1,0.0107061565,0.17973189
coco500/000000058393.jpg,person,0.4534,0.1978,0.0,1,0.00890936,0.10098292
coco500/000000058393.jpg,person,0.3293,0.2238,0.0,1,0.013697624,0.3254272
coco500/000000058539.jpg,person,0.885,0.1459,0.0,1,-0.01566726,0.04726018
coco500/000000058539.jpg,person,0.8789,0.2042,1.0,1,0.008145571,0.3726095
coco500/000000058539.jpg,tie,0.8481,0.3105,0.0,1,0.08205125,0.9991406
coco500/000000058539.jpg,person,0.8459,0.215,1.0,1,0.0027471334,0.08296375
coco500/000000058539.jpg,car,0.5903,0.1963,1.0,1,-0.04728079,0.005372694
coco500/000000058539.jpg,person,0.4776,0.1954,0.0,1,0.0017301738,0.06496496
coco500/000000058539.jpg,person,0.4775,0.2239,0.0,1,0.0076984465,0.22954512
coco500/000000058539.jpg,car,0.4324,0.2202,1.0,1,0.006532982,0.13093577
coco500/000000058539.jpg,person,0.3722,0.1896,0.0,1,-0.021704406,0.010779492
coco500/000000058539.jpg,car,0.3304,0.1862,0.0,1,-0.022046924,0.008222737
coco500/000000058539.jpg,person,0.3018,0.2294,0.0,1,0.008447915,0.19796835
coco500/000000058655.jpg,potted plant,0.6668,0.1627,0.0,0,-0.049747854,0.0010199402
coco500/000000058655.jpg,potted plant,0.6186,0.2249,0.0,0,0.010796547,0.31726798
coco500/000000058655.jpg,bench,0.6071,0.1908,0.0,0,-0.025526777,0.009195101
coco500/000000058655.jpg,bench,0.571,0.1587,1.0,0,-0.047285482,0.0024567675
coco500/000000058655.jpg,potted plant,0.412,0.2233,0.0,0,-0.0070375353,0.12742814
coco500/000000058655.jpg,clock,0.3741,0.2356,0.0,1,0.06181383,0.9792404
coco500/000000058705.jpg,tie,0.8466,0.2834,0.0,1,0.061662927,0.9879231
coco500/000000058705.jpg,person,0.8367,0.1547,1.0,1,-0.035362065,0.02602233
coco500/000000058705.jpg,banana,0.7202,0.2634,0.0,1,0.060727388,0.98603475
coco500/000000058705.jpg,person,0.711,0.1395,1.0,1,-0.011417732,0.06633319
coco500/000000059044.jpg,person,0.7032,0.2072,0.0,1,0.012962326,0.29160815
coco500/000000059044.jpg,remote,0.6824,0.2477,0.0,1,-0.008054584,0.1994518
coco500/000000059044.jpg,person,0.6697,0.2137,0.0,1,-0.0039601475,0.2221988
coco500/000000059044.jpg,person,0.6643,0.2137,1.0,1,-0.019231886,0.11080426
coco500/000000059044.jpg,person,0.65,0.1957,1.0,1,0.020003319,0.5688979
coco500/000000059044.jpg,person,0.6441,0.197,0.0,1,0.02354838,0.61015475
coco500/000000059044.jpg,remote,0.5265,0.1995,0.0,1,-0.0144801885,0.03444963
coco500/000000059044.jpg,backpack,0.4828,0.1514,0.0,0,-0.04867281,0.00076028565
coco500/000000059044.jpg,person,0.4705,0.212,0.0,1,0.033993855,0.67445475
coco500/000000059044.jpg,person,0.4648,0.1936,0.0,1,0.017787859,0.27242202
coco500/000000059044.jpg,person,0.4486,0.1853,1.0,1,-0.04799974,0.003420538
coco500/000000059044.jpg,person,0.4207,0.1997,0.0,1,-0.011840001,0.18393019
coco500/000000059044.jpg,backpack,0.4181,0.2253,0.0,0,0.016199231,0.4098997
coco500/000000059044.jpg,person,0.4002,0.2012,0.0,1,0.006525457,0.1547657
coco500/000000059044.jpg,person,0.388,0.2141,0.0,1,0.001684472,0.08208793
coco500/000000059044.jpg,handbag,0.3754,0.2505,0.0,0,-0.001507163,0.36766702
coco500/000000059044.jpg,handbag,0.3604,0.2361,0.0,0,0.0073788464,0.4220569
coco500/000000059044.jpg,remote,0.3455,0.1768,0.0,1,-0.015328944,0.018297266
coco500/000000059044.jpg,person,0.339,0.1962,0.0,1,0.013448462,0.2021555
coco500/000000059044.jpg,person,0.327,0.2086,0.0,1,0.0013743937,0.05728128
coco500/000000059044.jpg,person,0.3205,0.1913,0.0,1,-0.011353686,0.033048835
coco500/000000059044.jpg,person,0.3143,0.2098,0.0,1,0.01005581,0.12497211
coco500/000000059044.jpg,person,0.3109,0.2013,0.0,1,0.010638103,0.1902145
coco500/000000059044.jpg,remote,0.3032,0.1938,0.0,1,-0.022340238,0.018910829
coco500/000000059386.jpg,car,0.5556,0.2375,0.0,1,0.021813422,0.6879297
coco500/000000059598.jpg,mouse,0.8787,0.2069,0.0,1,-0.021635875,0.017830232
coco500/000000059598.jpg,laptop,0.8573,0.2446,0.0,1,0.05664088,0.9907013
coco500/000000059598.jpg,cell phone,0.8405,0.2411,0.0,1,-0.014013603,0.17535914
coco500/000000059598.jpg,banana,0.8299,0.2439,0.0,1,0.030101791,0.8580251
coco500/000000059598.jpg,chair,0.6746,0.2295,0.0,1,0.01405184,0.21903995
coco500/000000059598.jpg,cake,0.6684,0.2145,0.0,1,-0.0008151382,0.28731507
coco500/000000059598.jpg,chair,0.5646,0.1851,0.0,1,-0.033917233,0.0070255836
coco500/000000059598.jpg,chair,0.5486,0.2108,0.0,1,-0.017254561,0.020577366
coco500/000000059598.jpg,chair,0.5401,0.1942,0.0,1,-0.027205586,0.010063947
coco500/000000059598.jpg,person,0.524,0.2013,1.0,1,0.00025765598,0.05981814
coco500/000000059598.jpg,dining table,0.4821,0.1892,1.0,0,-0.021397427,0.044102337
coco500/000000059598.jpg,person,0.4605,0.2115,0.0,1,-0.007987499,0.08769698
coco500/000000059598.jpg,dining table,0.4358,0.1639,0.0,0,-0.019824341,0.010667044
coco500/000000059598.jpg,cup,0.4223,0.2091,0.0,0,-0.01547949,0.15162681
coco500/000000059598.jpg,person,0.3778,0.1758,0.0,1,-0.0040065795,0.1110142
coco500/000000059598.jpg,keyboard,0.3478,0.2866,0.0,1,0.038039416,0.973796
coco500/000000059635.jpg,person,0.7538,0.1953,0.0,1,0.0077576637,0.30293393
coco500/000000059635.jpg,person,0.7522,0.1962,0.0,1,0.017132431,0.43764785
coco500/000000059635.jpg,person,0.7207,0.1833,0.0,1,0.013022363,0.2819284
coco500/000000059635.jpg,person,0.5875,0.2018,0.0,1,0.018372044,0.42489937
coco500/000000059635.jpg,person,0.5219,0.2079,0.0,1,0.018586487,0.46612513
coco500/000000059635.jpg,bicycle,0.5135,0.1714,0.0,1,-0.018559754,0.017049711
coco500/000000059635.jpg,person,0.5063,0.2069,0.0,1,0.015027359,0.3502703
coco500/000000059635.jpg,person,0.4985,0.2002,0.0,1,0.007916272,0.18107061
coco500/000000059635.jpg,person,0.4975,0.2014,0.0,1,0.009206593,0.21602635
coco500/000000059635.jpg,bicycle,0.4969,0.1692,0.0,1,-0.019216642,0.017101286
coco500/000000059635.jpg,person,0.4796,0.1967,0.0,1,-0.006854385,0.077431224
coco500/000000059635.jpg,person,0.4766,0.1998,0.0,1,0.009838581,0.2891474
coco500/000000059635.jpg,bicycle,0.4765,0.1542,0.0,1,-0.02766253,0.004526502
coco500/000000059635.jpg,person,0.4765,0.2107,0.0,1,0.014487803,0.43957102
coco500/000000059635.jpg,person,0.4732,0.2047,0.0,1,0.011330247,0.22244178
coco500/000000059635.jpg,person,0.4574,0.1917,0.0,1,0.012990773,0.24531978
coco500/000000059635.jpg,person,0.4225,0.1951,0.0,1,-0.0055701435,0.08822651
coco500/000000059635.jpg,person,0.4209,0.1881,0.0,1,-0.0010985434,0.099241465
coco500/000000059635.jpg,bicycle,0.4069,0.168,0.0,1,-0.017104447,0.01337536
coco500/000000059635.jpg,person,0.4065,0.1981,0.0,1,0.019539654,0.2962109
coco500/000000059635.jpg,person,0.4064,0.1954,0.0,1,-0.0056081414,0.08195383
coco500/000000059635.jpg,person,0.3735,0.1893,0.0,1,-0.014880538,0.032377116
coco500/000000059635.jpg,person,0.3684,0.173,0.0,1,-0.010316312,0.034300473
coco500/000000059635.jpg,person,0.3631,0.1923,0.0,1,0.0042154193,0.16319737
coco500/000000059635.jpg,person,0.3562,0.1825,0.0,1,-0.004148647,0.06236244
coco500/000000059635.jpg,person,0.3548,0.1932,0.0,1,0.010890275,0.20952424
coco500/000000059635.jpg,person,0.3514,0.1882,0.0,1,-0.044912666,0.005673927
coco500/000000059635.jpg,person,0.334,0.1813,0.0,1,-0.0065517128,0.03067821
coco500/000000059635.jpg,bicycle,0.3336,0.1858,0.0,1,-0.008396924,0.025996026
coco500/000000059635.jpg,person,0.3304,0.2,0.0,1,0.005132124,0.1575836
coco500/000000059635.jpg,bicycle,0.3194,0.171,0.0,1,-0.038229987,0.004130602
coco500/000000059635.jpg,person,0.3162,0.1697,0.0,1,-0.024894953,0.011689648
coco500/000000059920.jpg,toilet,0.5006,0.2573,1.0,1,0.021490157,0.81424403
coco500/000000059920.jpg,sink,0.4829,0.1748,1.0,0,-0.04044825,0.0028703844
coco500/000000059920.jpg,toilet,0.4646,0.2612,1.0,1,-0.0036875606,0.3810183
coco500/000000059920.jpg,toilet,0.4042,0.2676,0.0,1,0.027650505,0.884571
coco500/000000060052.jpg,person,0.799,0.1832,1.0,1,-0.016042948,0.0409898
coco500/000000060090.jpg,person,0.6595,0.196,0.0,1,0.0074196905,0.11248136
coco500/000000060090.jpg,person,0.5964,0.1903,0.0,1,-0.003401056,0.076132916
coco500/000000060090.jpg,person,0.3472,0.1973,0.0,1,0.0025125295,0.12252226
coco500/000000060102.jpg,person,0.8209,0.1415,1.0,1,-0.06994277,0.0009025114
coco500/000000060102.jpg,sports ball,0.7786,0.2766,0.0,1,0.08472861,0.9994185
coco500/000000060102.jpg,person,0.7766,0.1392,1.0,1,-0.03132324,0.032460578
coco500/000000060347.jpg,person,0.884,0.1895,0.0,1,0.010562986,0.5513174
coco500/000000060363.jpg,clock,0.8213,0.2556,0.0,1,0.08465116,0.99782217
coco500/000000060363.jpg,bird,0.555,0.1779,0.0,1,-0.0006478727,0.07359615
coco500/000000060363.jpg,bird,0.5443,0.1915,0.0,1,0.0085905045,0.20208517
coco500/000000060363.jpg,bird,0.5285,0.1882,0.0,1,-0.026108518,0.0137061775
coco500/000000060363.jpg,bird,0.5163,0.1715,0.0,1,-0.020804211,0.015568686
coco500/000000060363.jpg,bird,0.5112,0.2008,0.0,1,0.01795517,0.41349107
coco500/000000060363.jpg,bird,0.5009,0.1748,0.0,1,-0.0070574135,0.03405915
coco500/000000060363.jpg,bird,0.4947,0.2072,0.0,1,-0.0023006052,0.1429314
coco500/000000060363.jpg,bird,0.4943,0.1799,0.0,1,-0.021765232,0.01535982
coco500/000000060363.jpg,bird,0.4514,0.1801,0.0,1,-0.03136164,0.0076570846
coco500/000000060363.jpg,bird,0.45,0.2119,0.0,1,0.0019510686,0.12591673
coco500/000000060363.jpg,bird,0.4486,0.1946,0.0,1,-0.016300604,0.030011745
coco500/000000060363.jpg,bird,0.4241,0.1858,0.0,1,-0.033112824,0.006232183
coco500/000000060363.jpg,bird,0.4211,0.193,0.0,1,-0.02007933,0.023709446
coco500/000000060363.jpg,bird,0.3974,0.2006,0.0,1,-0.015313312,0.025709232
coco500/000000060363.jpg,bird,0.3784,0.1893,0.0,1,-0.009400442,0.032298993
coco500/000000060363.jpg,bird,0.3136,0.1681,1.0,1,-0.014878586,0.019906528
coco500/000000060449.jpg,laptop,0.8563,0.282,0.0,1,0.060251668,0.989952
coco500/000000060449.jpg,chair,0.5594,0.2163,1.0,1,-0.007952586,0.042726487
coco500/000000060449.jpg,bowl,0.4749,0.2206,0.0,0,-0.010864317,0.059571367
coco500/000000060449.jpg,dining table,0.426,0.2245,1.0,1,0.0019450486,0.44745648
coco500/000000060449.jpg,chair,0.4196,0.2003,1.0,1,-0.02165252,0.022077046
coco500/000000060449.jpg,keyboard,0.3026,0.2412,0.0,0,-0.025654018,0.068346955
coco500/000000060507.jpg,person,0.852,0.1735,0.0,1,-0.020609349,0.090581656
coco500/000000060507.jpg,sports ball,0.8405,0.1851,0.0,1,-0.014850885,0.060349498
coco500/000000060507.jpg,person,0.7083,0.1605,0.0,1,-0.02488929,0.054262523
coco500/000000060507.jpg,person,0.3954,0.1915,0.0,1,-0.008063555,0.054500345
coco500/000000060507.jpg,person,0.3911,0.2034,0.0,1,-0.02006349,0.09415399
coco500/000000060507.jpg,person,0.3549,0.1844,0.0,1,-0.010797188,0.13871388
coco500/000000060507.jpg,person,0.3475,0.1947,0.0,1,0.011998177,0.41063932
coco500/000000060507.jpg,person,0.3394,0.1808,0.0,1,-0.023240164,0.038560204
coco500/000000060507.jpg,person,0.3355,0.1912,0.0,1,0.0039680153,0.24617554
coco500/000000060507.jpg,person,0.3142,0.1974,0.0,1,0.012138888,0.40545365
coco500/000000060823.jpg,person,0.7982,0.2039,0.0,1,-0.015390292,0.14560941
coco500/000000060823.jpg,bird,0.5323,0.2308,0.0,1,0.058877364,0.9765198
coco500/000000060823.jpg,bird,0.4228,0.2245,0.0,1,0.044589996,0.931198
coco500/000000060823.jpg,bird,0.4066,0.2406,0.0,1,0.06347099,0.98218876
coco500/000000060823.jpg,bowl,0.4005,0.2091,0.0,1,-0.017444298,0.028213631
coco500/000000060823.jpg,bird,0.3951,0.2269,0.0,1,0.035627186,0.823695
coco500/000000060823.jpg,bird,0.3824,0.2253,0.0,1,0.05522743,0.9503085
coco500/000000060823.jpg,bird,0.3809,0.2233,0.0,1,0.03925936,0.9460155
coco500/000000060823.jpg,bird,0.3723,0.2455,0.0,1,0.06228164,0.98219436
coco500/000000060823.jpg,bird,0.3705,0.2377,0.0,1,0.049711376,0.9243504
coco500/000000060823.jpg,bird,0.3683,0.2133,0.0,1,0.038440302,0.8850102
coco500/000000060823.jpg,bowl,0.3653,0.1854,0.0,1,-0.02188328,0.007676877
coco500/000000060823.jpg,person,0.3603,0.189,0.0,1,-0.03752342,0.017585771
coco500/000000060823.jpg,bird,0.3551,0.2218,0.0,1,0.050584212,0.9349899
coco500/000000060823.jpg,bird,0.3551,0.2339,0.0,1,0.047796294,0.9294932
coco500/000000060823.jpg,bird,0.3548,0.178,0.0,1,-0.03853722,0.0071217674
coco500/000000060823.jpg,bird,0.3537,0.24,0.0,1,0.048193276,0.9339662
coco500/000000060823.jpg,bird,0.3452,0.2179,0.0,1,0.040858895,0.8611542
coco500/000000060823.jpg,bird,0.3391,0.2391,0.0,1,0.060569182,0.9706645
coco500/000000060823.jpg,bowl,0.3375,0.1608,0.0,1,-0.021479651,0.006614415
coco500/000000060823.jpg,bird,0.336,0.2264,0.0,1,0.058362797,0.9796978
coco500/000000060823.jpg,bird,0.328,0.2349,0.0,1,-0.0047430396,0.1740862
coco500/000000060823.jpg,bird,0.327,0.1797,0.0,1,-0.0032715797,0.066539496
coco500/000000060823.jpg,bird,0.3205,0.2352,0.0,1,0.04217717,0.9177623
coco500/000000060823.jpg,bird,0.3172,0.2262,0.0,1,0.04079236,0.8510696
coco500/000000060823.jpg,bird,0.3165,0.2147,0.0,1,0.027690008,0.79258513
coco500/000000060823.jpg,bird,0.3146,0.2301,1.0,1,0.045092642,0.8944638
coco500/000000060823.jpg,bird,0.3042,0.2213,1.0,1,0.03691876,0.8447463
coco500/000000060823.jpg,bowl,0.3029,0.1832,0.0,1,-0.02102679,0.007988306
coco500/000000060823.jpg,bird,0.3014,0.2192,0.0,1,0.038155973,0.82808536
coco500/000000060835.jpg,dog,0.8526,0.2271,0.0,1,0.022910804,0.85519904
coco500/000000060835.jpg,bowl,0.3963,0.2125,0.0,1,-0.022328109,0.0200599
coco500/000000060835.jpg,bowl,0.3262,0.1577,1.0,1,-0.089170784,0.00012512573
coco500/000000060855.jpg,apple,0.7665,0.2568,0.0,1,-0.009802103,0.27116713
coco500/000000060855.jpg,apple,0.761,0.2452,0.0,1,-0.0049388707,0.37528667
coco500/000000060855.jpg,orange,0.725,0.2744,0.0,1,0.05121404,0.9871035
coco500/000000060855.jpg,orange,0.722,0.2793,0.0,1,0.0504452,0.9892945
coco500/000000060855.jpg,orange,0.6958,0.2722,0.0,1,0.054687113,0.992574
coco500/000000060855.jpg,orange,0.685,0.2805,0.0,1,0.058452994,0.9940346
coco500/000000060855.jpg,orange,0.6582,0.2837,0.0,1,0.06734547,0.9964174
coco500/000000060886.jpg,person,0.79,0.1774,0.0,1,-0.015702918,0.13330601
coco500/000000060886.jpg,person,0.7016,0.2091,0.0,1,0.0063219517,0.41425124
coco500/000000060886.jpg,person,0.6693,0.1355,0.0,1,-0.036805913,0.017472133
coco500/000000060886.jpg,person,0.6515,0.1428,0.0,1,-0.032097906,0.024433708
coco500/000000060886.jpg,person,0.6474,0.1809,1.0,1,-0.012362197,0.0712048
coco500/000000060886.jpg,person,0.5479,0.1888,0.0,1,0.0059251785,0.13644612
coco500/000000060886.jpg,person,0.5286,0.1781,1.0,1,-0.0066543967,0.12834457
coco500/000000060886.jpg,person,0.5181,0.1497,0.0,1,-0.038044497,0.016408514
coco500/000000060886.jpg,person,0.4911,0.2019,1.0,1,0.014541715,0.20475844
coco500/000000060886.jpg,person,0.4767,0.1998,1.0,1,0.006953299,0.13902327
coco500/000000060886.jpg,person,0.4323,0.146,0.0,1,-0.035025895,0.021386895
coco500/000000060886.jpg,person,0.4042,0.1495,0.0,1,-0.035218894,0.024058757
coco500/000000060886.jpg,person,0.3864,0.1705,1.0,1,-0.04435566,0.007456808
coco500/000000060886.jpg,person,0.3816,0.1724,0.0,1,-0.013134092,0.10564324
coco500/000000060886.jpg,sports ball,0.3436,0.1594,0.0,0,-0.027336717,0.014835314
coco500/000000060886.jpg,person,0.3282,0.2057,0.0,1,0.007212296,0.2142995
coco500/000000060886.jpg,person,0.3202,0.199,1.0,1,-0.001335606,0.07195924
coco500/000000060886.jpg,person,0.3113,0.1918,1.0,1,0.003903553,0.117085926
coco500/000000060899.jpg,person,0.9093,0.1646,0.0,1,-0.007914811,0.100559376
coco500/000000060899.jpg,chair,0.7868,0.2756,1.0,1,0.035006195,0.92441666
coco500/000000060899.jpg,chair,0.5585,0.2115,1.0,1,-0.016436622,0.030285666
coco500/000000060899.jpg,couch,0.5217,0.1962,1.0,0,-0.015599892,0.022206273
coco500/000000060899.jpg,clock,0.4641,0.1721,0.0,0,-0.051442668,0.0012540193
coco500/000000060899.jpg,bottle,0.4439,0.2213,0.0,0,0.022978336,0.7299312
coco500/000000060899.jpg,couch,0.4184,0.1685,0.0,0,-0.026121408,0.009625184
coco500/000000060899.jpg,book,0.4173,0.2097,1.0,1,0.008303434,0.1657637
coco500/000000060899.jpg,clock,0.3951,0.184,0.0,0,-0.02465722,0.007842299
coco500/000000060899.jpg,couch,0.3854,0.1764,1.0,0,-0.01134108,0.019003358
coco500/000000060899.jpg,clock,0.3797,0.1945,0.0,0,-0.031647548,0.007563727
coco500/000000060899.jpg,clock,0.3653,0.1749,1.0,0,-0.038663983,0.005235154
coco500/000000060899.jpg,clock,0.3609,0.1736,1.0,0,-0.0353422,0.006375197
coco500/000000060899.jpg,hair drier,0.3548,0.2097,0.0,0,-0.015326649,0.14942552
coco500/000000060932.jpg,person,0.8984,0.1769,1.0,1,0.009547457,0.2848079
coco500/000000060932.jpg,person,0.8267,0.2002,0.0,1,0.006373182,0.23189367
coco500/000000060932.jpg,person,0.8093,0.2034,0.0,1,0.006562397,0.16722608
coco500/000000060932.jpg,tie,0.7242,0.2174,0.0,1,0.018165022,0.5186794
coco500/000000060932.jpg,person,0.6966,0.2065,0.0,1,0.015343636,0.2845469
coco500/000000060932.jpg,person,0.6812,0.1984,0.0,1,0.021136537,0.6532245
coco500/000000060932.jpg,person,0.6423,0.2087,0.0,1,-0.011669487,0.035710417
coco500/000000060932.jpg,person,0.6403,0.2004,0.0,1,0.01645264,0.27923244
coco500/000000060932.jpg,person,0.6322,0.2079,0.0,1,-0.009776786,0.030964645
coco500/000000060932.jpg,person,0.6093,0.2032,0.0,1,-0.026719302,0.02408646
coco500/000000060932.jpg,tie,0.5425,0.2136,0.0,1,0.015623838,0.47860804
coco500/000000060932.jpg,tie,0.4725,0.1959,0.0,1,0.007037163,0.30078056
coco500/000000060932.jpg,tie,0.4675,0.2041,0.0,1,0.0012290329,0.33225107
coco500/000000060932.jpg,cup,0.4658,0.1898,1.0,0,-0.012291446,0.041141715
coco500/000000060932.jpg,person,0.4521,0.1971,0.0,1,0.02224961,0.4185775
coco500/000000060932.jpg,cup,0.4519,0.2009,0.0,0,-0.02256371,0.01750864
coco500/000000060932.jpg,tie,0.4457,0.252,0.0,1,0.03720689,0.7654722
coco500/000000060932.jpg,dining table,0.4443,0.1562,1.0,1,-0.06583105,0.0002746033
coco500/000000060932.jpg,tie,0.4016,0.26,0.0,1,0.04270044,0.8322866
coco500/000000060932.jpg,person,0.3011,0.1958,0.0,1,-0.017847776,0.025334183
coco500/000000061108.jpg,bicycle,0.8546,0.2322,1.0,1,0.021360263,0.8560901
coco500/000000061108.jpg,dog,0.8384,0.2086,0.0,1,0.033634007,0.85359854
coco500/000000061108.jpg,car,0.5071,0.2129,0.0,1,0.0037365556,0.09696721
coco500/000000061108.jpg,car,0.4655,0.1897,0.0,1,-0.0042437315,0.045496315
coco500/000000061108.jpg,car,0.4629,0.2389,0.0,1,0.01722011,0.7659439
coco500/000000061108.jpg,car,0.3217,0.1835,0.0,1,-0.010903612,0.021698551
coco500/000000061268.jpg,person,0.7148,0.2155,0.0,1,0.003284961,0.24831825
coco500/000000061333.jpg,cat,0.8379,0.2345,0.0,1,0.007314369,0.6478936
coco500/000000061333.jpg,bed,0.6322,0.1599,1.0,1,-0.06464608,0.0011921726
coco500/000000061333.jpg,book,0.3496,0.2311,0.0,1,0.002402708,0.13230439
coco500/000000061333.jpg,book,0.3455,0.2245,0.0,1,0.00014552474,0.09071739
coco500/000000061333.jpg,book,0.3405,0.1675,0.0,1,-0.020246208,0.007799839
coco500/000000061333.jpg,book,0.3323,0.1677,0.0,1,-0.04482235,0.0021542609
coco500/000000061333.jpg,book,0.3177,0.2401,0.0,1,0.037594855,0.8931666
coco500/000000061418.jpg,person,0.8671,0.1959,0.0,1,-0.017303184,0.085609704
coco500/000000061418.jpg,person,0.8533,0.1705,0.0,1,-0.0017364323,0.15941708
coco500/000000061418.jpg,person,0.8245,0.1875,0.0,1,-0.006724745,0.080664605
coco500/000000061418.jpg,person,0.7822,0.202,0.0,1,0.018143341,0.35451764
coco500/000000061418.jpg,person,0.7535,0.1765,0.0,1,-0.012226105,0.13862416
coco500/000000061418.jpg,chair,0.7256,0.2678,0.0,1,0.019935012,0.78178734
coco500/000000061418.jpg,person,0.7164,0.1995,0.0,1,-0.026403889,0.015910527
coco500/000000061418.jpg,chair,0.6956,0.2622,0.0,1,0.040277272,0.89061725
coco500/000000061418.jpg,chair,0.6557,0.224,0.0,1,0.03422971,0.8503592
coco500/000000061418.jpg,person,0.6258,0.2013,0.0,1,0.014627367,0.22577605
coco500/000000061418.jpg,chair,0.6214,0.2539,1.0,1,0.042357937,0.914405
coco500/000000061418.jpg,chair,0.4878,0.1946,1.0,1,-0.023396105,0.017056063
coco500/000000061418.jpg,chair,0.313,0.2101,0.0,1,-0.009501904,0.028031027
coco500/000000061471.jpg,dog,0.8463,0.2324,1.0,1,0.018617824,0.7989622
coco500/000000061471.jpg,toilet,0.6402,0.2446,1.0,1,0.027410567,0.89273465
coco500/000000061471.jpg,toilet,0.3909,0.1915,1.0,1,-0.041671872,0.0028366284
coco500/000000061471.jpg,bottle,0.3862,0.2391,0.0,1,0.017757133,0.5257179
coco500/000000061584.jpg,chair,0.7931,0.2595,0.0,1,0.040635735,0.9400082
coco500/000000061584.jpg,chair,0.7542,0.1747,0.0,1,-0.021001011,0.015295346
coco500/000000061584.jpg,chair,0.7107,0.1907,1.0,1,-0.006729886,0.025807334
coco500/000000061584.jpg,person,0.5899,0.1798,0.0,1,-0.016117692,0.061670523
coco500/000000061584.jpg,bottle,0.457,0.2295,0.0,0,0.009151623,0.22121586
coco500/000000061584.jpg,potted plant,0.433,0.2234,1.0,0,0.001442492,0.32370085
coco500/000000061584.jpg,potted plant,0.391,0.1843,0.0,0,-0.019861013,0.01840447
coco500/000000061584.jpg,vase,0.3836,0.2344,0.0,0,0.020448804,0.58729935
coco500/000000061584.jpg,dining table,0.3238,0.1797,0.0,1,-0.01781702,0.013871267
coco500/000000061584.jpg,bowl,0.3216,0.2045,0.0,0,-0.011796087,0.04010777
coco500/000000061584.jpg,chair,0.3158,0.1885,1.0,1,-0.013326779,0.016501257
coco500/000000061658.jpg,broccoli,0.5409,0.282,0.0,1,0.077175274,0.9967933
coco500/000000061658.jpg,broccoli,0.4807,0.2852,1.0,1,0.08206093,0.9971353
coco500/000000061658.jpg,broccoli,0.4621,0.2549,0.0,1,0.07054421,0.9932254
coco500/000000061658.jpg,broccoli,0.4544,0.2369,1.0,1,-0.004172176,0.19651683
coco500/000000061658.jpg,broccoli,0.4515,0.2494,0.0,1,0.06746037,0.99519724
coco500/000000061658.jpg,broccoli,0.4376,0.2686,1.0,1,0.07488343,0.996503
coco500/000000061658.jpg,broccoli,0.3947,0.2761,1.0,1,0.07301009,0.9931972
coco500/000000061658.jpg,broccoli,0.3915,0.2803,0.0,1,0.077448964,0.995814
coco500/000000061658.jpg,broccoli,0.3431,0.2461,0.0,1,0.07110676,0.99425286
coco500/000000061658.jpg,broccoli,0.34,0.2642,1.0,1,0.0229747,0.6812757
coco500/000000061747.jpg,person,0.7555,0.1959,0.0,1,0.007339716,0.38695398
coco500/000000061960.jpg,person,0.7219,0.1802,0.0,1,-0.013867319,0.0718602
coco500/000000062025.jpg,sink,0.609,0.2832,0.0,1,0.045034766,0.9827139
coco500/000000062025.jpg,bottle,0.5768,0.1965,0.0,1,0.0063216686,0.15016025
coco500/000000062025.jpg,cup,0.5718,0.2262,0.0,1,0.0016300827,0.14531513
coco500/000000062025.jpg,bottle,0.5483,0.1965,0.0,1,-0.003803134,0.05242007
coco500/000000062025.jpg,cup,0.5441,0.2255,0.0,1,-0.007845834,0.08737627
coco500/000000062025.jpg,toilet,0.4732,0.2607,1.0,1,0.008740038,0.44167086
coco500/000000062353.jpg,person,0.7631,0.1864,0.0,1,-0.0052529126,0.22050433
coco500/000000062353.jpg,person,0.7207,0.2056,0.0,1,0.0086322725,0.18198495
coco500/000000062353.jpg,person,0.7177,0.1921,0.0,1,-0.0131215155,0.0248127
coco500/000000062353.jpg,person,0.6912,0.1729,0.0,1,-0.040193275,0.0059725046
coco500/000000062353.jpg,person,0.4131,0.1893,1.0,1,0.005220309,0.13887984
coco500/000000062353.jpg,dog,0.3098,0.1661,0.0,0,-0.02095975,0.05891704
coco500/000000062355.jpg,person,0.8615,0.1311,0.0,1,-0.028265387,0.021561278
coco500/000000062355.jpg,person,0.8433,0.1996,1.0,1,0.006156683,0.24459028
coco500/000000062355.jpg,person,0.8257,0.1503,0.0,1,-0.026386261,0.036360044
coco500/000000062355.jpg,person,0.7238,0.1661,1.0,1,-0.020029709,0.067718536
coco500/000000062355.jpg,person,0.67,0.1991,1.0,1,-0.0028405637,0.080201656
coco500/000000062554.jpg,broccoli,0.4199,0.271,1.0,1,0.08676918,0.99876463
coco500/000000062554.jpg,bowl,0.4088,0.1892,1.0,1,-0.035287574,0.004075851
coco500/000000062554.jpg,bowl,0.3709,0.1914,1.0,1,-0.04324408,0.0027865875
coco500/000000062554.jpg,fork,0.3674,0.2216,1.0,1,-0.016579092,0.04002399
coco500/000000062554.jpg,broccoli,0.3659,0.2734,0.0,1,0.08157796,0.9980817
coco500/000000062554.jpg,dining table,0.3629,0.1907,1.0,1,-0.09288412,9.204625e-05
coco500/000000062554.jpg,broccoli,0.3419,0.2717,1.0,1,0.071940824,0.9947513
coco500/000000062554.jpg,broccoli,0.338,0.2844,0.0,1,0.07489276,0.9978205
coco500/000000062554.jpg,broccoli,0.3218,0.2739,0.0,1,0.069039196,0.99506193
coco500/000000062554.jpg,chair,0.3212,0.1754,1.0,0,-0.02537638,0.00799766
coco500/000000062554.jpg,broccoli,0.3159,0.2637,0.0,1,0.05456075,0.9874348
coco500/000000062554.jpg,spoon,0.3152,0.2206,0.0,0,-0.0061607957,0.098234385
coco500/000000062554.jpg,broccoli,0.307,0.2808,0.0,1,0.060919747,0.99155736
coco500/000000062692.jpg,person,0.8143,0.177,0.0,1,0.0032302141,0.25258142
coco500/000000062808.jpg,person,0.9094,0.2061,1.0,1,0.016709566,0.36050904
coco500/000000062808.jpg,person,0.9031,0.1805,1.0,1,-0.048643738,0.007447263
coco500/000000062808.jpg,pizza,0.8439,0.2289,0.0,1,0.0449816,0.9755524
coco500/000000062808.jpg,cell phone,0.7103,0.1967,0.0,1,-0.026728824,0.0059142928
coco500/000000062808.jpg,chair,0.596,0.2065,0.0,1,-0.007454276,0.036981214
coco500/000000062808.jpg,knife,0.5071,0.1705,1.0,1,-0.018543705,0.0115641905
coco500/000000062808.jpg,chair,0.4233,0.2245,0.0,1,-0.006572902,0.048566256
coco500/000000062808.jpg,bottle,0.41,0.2671,0.0,1,0.026184306,0.79951584
coco500/000000062808.jpg,chair,0.3919,0.2267,0.0,1,0.01035656,0.22175395
coco500/000000062808.jpg,dining table,0.3858,0.1931,0.0,1,-0.013711065,0.07126867
coco500/000000062808.jpg,chair,0.3819,0.1931,0.0,1,-0.009492546,0.022690447
coco500/000000062808.jpg,dining table,0.3267,0.1818,0.0,1,-0.015121937,0.013386106
coco500/000000063047.jpg,person,0.8984,0.1886,0.0,1,0.010296136,0.33816832
coco500/000000063047.jpg,person,0.8434,0.2083,0.0,1,0.017273754,0.3890896
coco500/000000063047.jpg,person,0.8413,0.2054,0.0,1,0.007863611,0.16702913
coco500/000000063047.jpg,person,0.7952,0.2134,0.0,1,0.015363336,0.38373843
coco500/000000063047.jpg,cup,0.6606,0.2385,0.0,1,0.014650941,0.561016
coco500/000000063047.jpg,bird,0.3503,0.2063,0.0,0,0.017885387,0.4799039
coco500/000000063154.jpg,person,0.7968,0.1577,0.0,1,-0.0005827695,0.08038139
coco500/000000063552.jpg,cat,0.4185,0.1843,1.0,1,-0.027374536,0.021792043
coco500/000000063552.jpg,cat,0.3653,0.22,0.0,1,0.015895605,0.773704
coco500/000000063602.jpg,laptop,0.8425,0.2537,0.0,1,0.05773124,0.98754776
coco500/000000063602.jpg,cup,0.7529,0.2515,0.0,1,-0.011116713,0.17370002
coco500/000000063602.jpg,keyboard,0.5001,0.245,0.0,0,0.006256968,0.58987296
coco500/000000063602.jpg,book,0.4316,0.1591,0.0,1,-0.056914017,0.0011577
coco500/000000063602.jpg,book,0.4276,0.174,0.0,1,-0.043174416,0.0032090507
coco500/000000063602.jpg,book,0.4198,0.1831,0.0,1,-0.03152941,0.0055992436
coco500/000000063602.jpg,chair,0.3853,0.2378,1.0,0,0.007954419,0.1720094
coco500/000000063602.jpg,book,0.3812,0.1671,0.0,1,-0.049853116,0.0012113017
coco500/000000063602.jpg,book,0.3647,0.1752,0.0,1,-0.027034909,0.010349074
coco500/000000063602.jpg,chair,0.3635,0.2235,1.0,0,0.00077584386,0.08801084
coco500/000000063602.jpg,book,0.3484,0.2125,0.0,1,-0.0149026215,0.031018708
coco500/000000063602.jpg,book,0.3181,0.1447,0.0,1,-0.07904793,0.00012976577
coco500/000000063602.jpg,mouse,0.3101,0.1881,0.0,0,-0.022680491,0.011274577
coco500/000000063740.jpg,keyboard,0.8719,0.2634,0.0,1,0.0290353,0.8383116
coco500/000000063740.jpg,laptop,0.8115,0.2573,0.0,1,0.047848046,0.9516843
coco500/000000063740.jpg,cup,0.7622,0.2651,0.0,1,0.022176757,0.8660368
coco500/000000063740.jpg,cup,0.7415,0.2383,0.0,1,-0.01613444,0.15480469
coco500/000000063740.jpg,orange,0.7339,0.2766,0.0,1,0.045171514,0.981652
coco500/000000063740.jpg,tv,0.7081,0.2059,0.0,1,-0.014340222,0.15151936
coco500/000000063740.jpg,person,0.608,0.179,0.0,1,-0.011641398,0.02993512
coco500/000000063740.jpg,chair,0.5622,0.1624,0.0,0,-0.023770124,0.010991855
coco500/000000063740.jpg,person,0.5583,0.1787,0.0,1,0.003733322,0.15447134
coco500/000000063740.jpg,chair,0.5158,0.2296,0.0,0,0.0049798787,0.28503162
coco500/000000063740.jpg,person,0.4921,0.2024,0.0,1,-0.004059106,0.05634095
coco500/000000063740.jpg,teddy bear,0.4759,0.1792,0.0,0,-0.03297083,0.02751521
coco500/000000063740.jpg,cell phone,0.4229,0.2087,0.0,0,-0.03550072,0.009683113
coco500/000000063740.jpg,cell phone,0.3397,0.222,1.0,0,-5.081296e-06,0.16095306
coco500/000000063740.jpg,person,0.3114,0.1864,0.0,1,-0.007767841,0.12272193
coco500/000000063740.jpg,teddy bear,0.3034,0.1693,0.0,0,-0.01616259,0.051300198
