image,cls,confidence,clip_score,truncated,y,margin,softmax_scaled
openimages500_balanced/004e21eb2e686f40.jpg,cake,0.6075,0.2346,0.0,1,0.06426662,0.992959
openimages500_balanced/004e21eb2e686f40.jpg,plate,0.5109,0.2242,1.0,0,-0.015175864,0.041811146
openimages500_balanced/004e21eb2e686f40.jpg,toy,0.4492,0.1902,0.0,1,-0.019209698,0.09445386
openimages500_balanced/004e21eb2e686f40.jpg,toy,0.4468,0.2166,0.0,1,0.022193402,0.6896535
openimages500_balanced/004e21eb2e686f40.jpg,dining table,0.4444,0.1461,1.0,0,-0.09027958,0.00011795964
openimages500_balanced/004e21eb2e686f40.jpg,toy,0.4435,0.2073,0.0,1,0.010899782,0.48998615
openimages500_balanced/004e21eb2e686f40.jpg,toy,0.4419,0.1981,0.0,1,0.012027606,0.44483912
openimages500_balanced/004e21eb2e686f40.jpg,toy,0.4318,0.1864,0.0,1,-0.0109894425,0.10295711
openimages500_balanced/004e21eb2e686f40.jpg,toy,0.4316,0.2076,0.0,1,0.0001514405,0.39069036
openimages500_balanced/004e21eb2e686f40.jpg,toy,0.429,0.1864,0.0,1,-0.028861508,0.03668172
openimages500_balanced/004e21eb2e686f40.jpg,toy,0.4226,0.1995,0.0,1,0.0012549311,0.23662633
openimages500_balanced/004e21eb2e686f40.jpg,toy,0.4041,0.1993,0.0,1,0.0049135387,0.32759568
openimages500_balanced/004e21eb2e686f40.jpg,toy,0.3728,0.2124,0.0,1,0.005766079,0.31674463
openimages500_balanced/004e21eb2e686f40.jpg,fork,0.3687,0.2322,1.0,0,-0.0017984807,0.12355344
openimages500_balanced/004e21eb2e686f40.jpg,plate,0.3589,0.1724,0.0,0,-0.07053189,0.000858332
openimages500_balanced/00cd12b9ee1905a7.jpg,carrot,0.4729,0.1065,0.0,0,-0.08969253,6.9317444e-05
openimages500_balanced/00cd12b9ee1905a7.jpg,carrot,0.3856,0.1318,0.0,0,-0.09206176,8.1512444e-05
openimages500_balanced/00cd12b9ee1905a7.jpg,toy,0.3736,0.2241,0.0,1,-0.0055267364,0.14768314
openimages500_balanced/020b620f1958636a.jpg,truck,0.5631,0.2264,0.0,0,-0.001961276,0.37996042
openimages500_balanced/020b620f1958636a.jpg,truck,0.5553,0.2273,0.0,0,-0.008741617,0.26669955
openimages500_balanced/054e6e41e59175bc.jpg,toy,0.4479,0.1929,0.0,1,0.004110053,0.50858265
openimages500_balanced/0645a4aa8d1165d5.jpg,teddy bear,0.6593,0.1821,0.0,0,-0.012333721,0.11150319
openimages500_balanced/08f5c5a0622db3aa.jpg,toy,0.4946,0.1869,1.0,1,0.003730297,0.24816546
openimages500_balanced/0932995ad7c9a0d3.jpg,toy,0.5651,0.2034,0.0,1,0.01776667,0.75521153
openimages500_balanced/0932995ad7c9a0d3.jpg,chair,0.5093,0.2034,1.0,0,-0.0031137764,0.07740492
openimages500_balanced/0932995ad7c9a0d3.jpg,toy,0.3284,0.2034,1.0,1,-0.019435346,0.015989171
openimages500_balanced/0ab2b64f27f8baca.jpg,toy,0.3713,0.1808,0.0,1,-0.001698792,0.35212877
openimages500_balanced/0b5e89a49ffe9399.jpg,toy,0.4123,0.1704,0.0,1,-0.014526814,0.050046764
openimages500_balanced/0b5e89a49ffe9399.jpg,toy,0.4108,0.1931,0.0,1,-0.021276787,0.0929809
openimages500_balanced/0b5e89a49ffe9399.jpg,toy,0.4052,0.1737,0.0,1,-0.01248017,0.07269136
openimages500_balanced/0c7b07eba9d3a56b.jpg,cake,0.6608,0.161,0.0,0,-0.0005195737,0.14162882
openimages500_balanced/0c7b07eba9d3a56b.jpg,cake,0.6177,0.1564,0.0,0,-0.0033172965,0.16173026
openimages500_balanced/0c7b07eba9d3a56b.jpg,cake,0.5876,0.1776,0.0,0,0.0075102597,0.34705868
openimages500_balanced/0c7b07eba9d3a56b.jpg,cake,0.454,0.176,0.0,0,0.009263992,0.27880612
openimages500_balanced/0c7b07eba9d3a56b.jpg,cake,0.4408,0.1852,1.0,0,-0.029200658,0.01316549
openimages500_balanced/0c7b07eba9d3a56b.jpg,toy,0.4347,0.1851,0.0,1,0.0070786774,0.28373396
openimages500_balanced/0c7b07eba9d3a56b.jpg,toy,0.3902,0.1608,0.0,1,-0.022209734,0.06620956
openimages500_balanced/0c7b07eba9d3a56b.jpg,toy,0.3701,0.2036,0.0,1,0.0087170005,0.36133862
openimages500_balanced/0c7b07eba9d3a56b.jpg,toy,0.3238,0.1925,0.0,1,-0.00051787496,0.21665926
openimages500_balanced/0c7b07eba9d3a56b.jpg,toy,0.3193,0.1891,0.0,1,-0.0029729307,0.300279
openimages500_balanced/0c7b07eba9d3a56b.jpg,plate,0.3099,0.1532,1.0,0,-0.03884861,0.006085219
openimages500_balanced/01d715f1c31014df.jpg,doll,0.6283,0.2479,0.0,1,0.03620419,0.969341
openimages500_balanced/06e83fd457ccb4c0.jpg,toy,0.5408,0.2135,0.0,0,-0.021074653,0.04358151
openimages500_balanced/06e83fd457ccb4c0.jpg,toy,0.3142,0.1998,1.0,0,-0.021195963,0.007914742
openimages500_balanced/0ffac13dd8775446.jpg,doll,0.529,0.2084,1.0,1,0.024699911,0.9130397
openimages500_balanced/12b06cbeaa8b634a.jpg,doll,0.6492,0.2168,0.0,1,0.029640332,0.9418411
openimages500_balanced/19d85d98e3a84e43.jpg,toy,0.4697,0.2061,0.0,0,-0.018406078,0.13249637
openimages500_balanced/1dc281b492ef37ed.jpg,doll,0.5606,0.2407,1.0,1,0.03519261,0.96742946
openimages500_balanced/24c1fd7f6fdc6a9a.jpg,doll,0.5396,0.207,0.0,1,-0.0076646507,0.2805274
openimages500_balanced/24c1fd7f6fdc6a9a.jpg,doll,0.5217,0.2059,0.0,1,-0.0005091727,0.26487038
openimages500_balanced/24c1fd7f6fdc6a9a.jpg,doll,0.4973,0.2076,0.0,1,-0.005154133,0.3221489
openimages500_balanced/24c1fd7f6fdc6a9a.jpg,toy,0.4098,0.1952,0.0,1,0.0017087013,0.37711695
openimages500_balanced/24c1fd7f6fdc6a9a.jpg,plate,0.3246,0.1748,0.0,0,-0.042146772,0.0078368345
openimages500_balanced/24c1fd7f6fdc6a9a.jpg,plate,0.3222,0.1808,0.0,0,-0.03963156,0.007945744
openimages500_balanced/24c1fd7f6fdc6a9a.jpg,plate,0.3028,0.2025,0.0,0,-0.023547575,0.04006884
openimages500_balanced/2d57aca1cd5201aa.jpg,doll,0.5651,0.2255,0.0,1,0.02008371,0.8326633
openimages500_balanced/0709eb8e8c2d19fa.jpg,teddy bear,0.7392,0.2446,0.0,1,0.051050052,0.9892909
openimages500_balanced/0709eb8e8c2d19fa.jpg,chair,0.5002,0.1854,0.0,0,0.0008072555,0.05851322
openimages500_balanced/0709eb8e8c2d19fa.jpg,dining table,0.3531,0.1289,1.0,0,-0.11135201,1.430355e-05
openimages500_balanced/0709eb8e8c2d19fa.jpg,chair,0.3277,0.2002,0.0,0,-0.03952904,0.005589229
openimages500_balanced/34f7030f1a9eb95f.jpg,toy,0.5481,0.2098,0.0,0,-0.020909369,0.101802975
openimages500_balanced/34f7030f1a9eb95f.jpg,toy,0.5311,0.1875,1.0,0,0.0042430162,0.1976605
openimages500_balanced/3a15c1f701512008.jpg,teddy bear,0.6938,0.2556,0.0,1,0.035851106,0.95346135
openimages500_balanced/3a15c1f701512008.jpg,teddy bear,0.6475,0.2406,0.0,1,0.030883715,0.9017397
openimages500_balanced/3a15c1f701512008.jpg,bed,0.4061,0.2146,1.0,0,-0.0092756,0.092747025
openimages500_balanced/5287213f5368a583.jpg,teddy bear,0.4745,0.2134,0.0,1,0.014822945,0.77902395
openimages500_balanced/5287213f5368a583.jpg,teddy bear,0.4425,0.1759,0.0,1,-0.018407688,0.067216575
openimages500_balanced/5287213f5368a583.jpg,doll,0.3876,0.1906,1.0,1,0.021577239,0.67961365
openimages500_balanced/5287213f5368a583.jpg,doll,0.3461,0.1755,0.0,1,0.02483578,0.57215965
openimages500_balanced/68d0e5c92af45633.jpg,toy,0.5373,0.2416,0.0,0,0.020799816,0.787538
openimages500_balanced/68d0e5c92af45633.jpg,toy,0.4871,0.21,0.0,0,-0.016681,0.053974185
openimages500_balanced/68d0e5c92af45633.jpg,toy,0.4583,0.2301,0.0,0,0.009007484,0.57648194
openimages500_balanced/68d0e5c92af45633.jpg,doll,0.41,0.2336,0.0,0,0.008767962,0.5801041
openimages500_balanced/68d0e5c92af45633.jpg,teddy bear,0.3459,0.2092,0.0,1,-0.009053007,0.17678231
openimages500_balanced/6aefb6531736648a.jpg,teddy bear,0.6938,0.2544,1.0,1,0.049298212,0.98572075
openimages500_balanced/6aefb6531736648a.jpg,carrot,0.378,0.1757,1.0,0,-0.05222161,0.0016944756
openimages500_balanced/6aefb6531736648a.jpg,carrot,0.3361,0.2052,1.0,0,-0.023891523,0.014271347
openimages500_balanced/6b2f8618fcd83c05.jpg,dog,0.7012,0.2189,0.0,1,0.017937556,0.70033264
openimages500_balanced/6b2f8618fcd83c05.jpg,cake,0.6974,0.2454,0.0,0,0.026410758,0.9112438
openimages500_balanced/6b2f8618fcd83c05.jpg,teddy bear,0.649,0.2109,0.0,1,-0.00050246716,0.4321664
openimages500_balanced/6b2f8618fcd83c05.jpg,teddy bear,0.6368,0.2305,0.0,1,0.0038498938,0.49883458
openimages500_balanced/6b2f8618fcd83c05.jpg,plate,0.6089,0.1793,0.0,0,-0.0595181,0.002453243
openimages500_balanced/6b2f8618fcd83c05.jpg,teddy bear,0.5891,0.2556,0.0,1,0.029892623,0.94034773
openimages500_balanced/6b2f8618fcd83c05.jpg,teddy bear,0.5827,0.2336,0.0,1,0.03690259,0.91960585
openimages500_balanced/6b2f8618fcd83c05.jpg,teddy bear,0.5748,0.2124,0.0,1,0.008505851,0.5479519
openimages500_balanced/6b2f8618fcd83c05.jpg,teddy bear,0.4975,0.1755,0.0,1,-0.036263347,0.019106831
openimages500_balanced/6b2f8618fcd83c05.jpg,bed,0.4466,0.127,1.0,0,-0.048007354,0.0022903525
openimages500_balanced/6b2f8618fcd83c05.jpg,teddy bear,0.3939,0.1696,0.0,1,-0.040756047,0.009948023
openimages500_balanced/6b2f8618fcd83c05.jpg,teddy bear,0.3664,0.2266,0.0,1,0.0050019026,0.46335328
openimages500_balanced/6b2f8618fcd83c05.jpg,toy,0.3529,0.1794,0.0,1,-0.012458935,0.06951249
openimages500_balanced/6b2f8618fcd83c05.jpg,teddy bear,0.3174,0.1976,0.0,1,-0.02436532,0.0430179
openimages500_balanced/6b2f8618fcd83c05.jpg,pillow,0.3,0.1801,1.0,0,-0.013035998,0.019441525
openimages500_balanced/7942030bae05f205.jpg,plate,0.5651,0.1963,0.0,0,-0.07417394,0.0005964645
openimages500_balanced/7942030bae05f205.jpg,teddy bear,0.44,0.2505,0.0,1,0.020041972,0.864714
openimages500_balanced/7d1dc0fae60ed7e8.jpg,couch,0.834,0.1924,0.0,0,-0.066945255,0.0011723851
openimages500_balanced/7d1dc0fae60ed7e8.jpg,teddy bear,0.7053,0.234,0.0,1,0.040202618,0.95805633
openimages500_balanced/7d1dc0fae60ed7e8.jpg,pillow,0.6593,0.3022,0.0,0,0.053175062,0.9926345
openimages500_balanced/7d1dc0fae60ed7e8.jpg,pillow,0.583,0.2937,0.0,0,0.02184704,0.8808237
openimages500_balanced/7e838bcfab6fd1fb.jpg,teddy bear,0.7668,0.2207,1.0,1,0.010082215,0.34753123
openimages500_balanced/7e838bcfab6fd1fb.jpg,teddy bear,0.7355,0.2192,1.0,1,0.01737681,0.60898143
openimages500_balanced/7e838bcfab6fd1fb.jpg,teddy bear,0.7285,0.1772,1.0,1,-0.004390031,0.14725035
openimages500_balanced/01eeeccf29b85fa0.jpg,toy,0.4807,0.1882,0.0,0,-0.04624155,0.0075709266
openimages500_balanced/01eeeccf29b85fa0.jpg,dining table,0.3877,0.1559,1.0,0,-0.081257954,0.00024795663
openimages500_balanced/022caa5e84da4026.jpg,chair,0.3528,0.2384,0.0,0,0.025531664,0.86716694
openimages500_balanced/02760ace01bd113f.jpg,toy,0.3804,0.1669,1.0,0,-0.030886084,0.012525632
openimages500_balanced/0438c2d3613680bf.jpg,carrot,0.5621,0.1943,0.0,0,-0.01296556,0.01844596
openimages500_balanced/0438c2d3613680bf.jpg,carrot,0.356,0.183,1.0,0,-0.002232194,0.048197795
openimages500_balanced/0438c2d3613680bf.jpg,carrot,0.3544,0.1769,0.0,0,-0.023568138,0.0050333994
openimages500_balanced/0438c2d3613680bf.jpg,carrot,0.3137,0.2008,0.0,0,-0.016024634,0.01127516
openimages500_balanced/0438c2d3613680bf.jpg,carrot,0.303,0.1969,0.0,0,-0.012372941,0.076945186
openimages500_balanced/047e855c8b295d93.jpg,plate,0.4469,0.1962,1.0,0,0.0025332123,0.23700328
openimages500_balanced/00b585e025287555.jpg,ball,0.7019,0.1967,0.0,0,-0.018193379,0.094961114
openimages500_balanced/00b585e025287555.jpg,ball,0.462,0.1959,0.0,0,0.002977237,0.11666876
openimages500_balanced/00bdeda311caf18d.jpg,toy,0.3395,0.1881,0.0,0,-0.014945924,0.0243849
openimages500_balanced/00bdeda311caf18d.jpg,teddy bear,0.3001,0.1843,0.0,0,-0.056628734,0.003253095
openimages500_balanced/0d80e9ef29a2fffe.jpg,ball,0.5434,0.2056,1.0,0,-0.031527266,0.03323248
openimages500_balanced/0d80e9ef29a2fffe.jpg,ball,0.5412,0.1918,0.0,0,-0.07178673,0.0007600612
openimages500_balanced/0d80e9ef29a2fffe.jpg,ball,0.532,0.223,0.0,0,-0.032975256,0.027752556
openimages500_balanced/0d80e9ef29a2fffe.jpg,ball,0.5186,0.2373,0.0,0,-0.042740464,0.0135437725
openimages500_balanced/0da036e3b54d7edd.jpg,ball,0.733,0.212,0.0,0,-0.037203476,0.02351536
openimages500_balanced/131bd083b0a68588.jpg,chair,0.5611,0.2361,0.0,0,0.028063148,0.57841015
openimages500_balanced/131bd083b0a68588.jpg,ball,0.3794,0.2001,1.0,0,-0.05021414,0.0064500435
openimages500_balanced/131bd083b0a68588.jpg,ball,0.331,0.2399,0.0,0,-0.011267364,0.24232942
openimages500_balanced/131bd083b0a68588.jpg,ball,0.3297,0.2228,0.0,0,-0.051029608,0.006017632
openimages500_balanced/131bd083b0a68588.jpg,ball,0.3201,0.2397,0.0,0,-0.031912923,0.039344206
openimages500_balanced/131bd083b0a68588.jpg,ball,0.3146,0.2405,0.0,0,-0.035903886,0.026788758
openimages500_balanced/131bd083b0a68588.jpg,ball,0.3142,0.2585,0.0,0,-0.023306787,0.08835417
openimages500_balanced/131bd083b0a68588.jpg,ball,0.31,0.2563,0.0,0,-0.028580725,0.05357018
openimages500_balanced/131bd083b0a68588.jpg,ball,0.3098,0.2452,0.0,0,-0.033060476,0.03517789
openimages500_balanced/131bd083b0a68588.jpg,ball,0.301,0.2195,1.0,0,-0.02644816,0.06499563
openimages500_balanced/1a3e5ded7c79131c.jpg,tv,0.6603,0.2729,0.0,0,0.04599613,0.9812355
openimages500_balanced/1a3e5ded7c79131c.jpg,ball,0.5725,0.2625,1.0,1,0.011778176,0.72837603
openimages500_balanced/1a3e5ded7c79131c.jpg,ball,0.5684,0.2571,1.0,1,0.0153873265,0.75043696
openimages500_balanced/1a3e5ded7c79131c.jpg,chair,0.4127,0.2007,1.0,0,-0.044903934,0.00888396
openimages500_balanced/1a3e5ded7c79131c.jpg,handbag,0.3476,0.2389,0.0,0,-0.0015539378,0.4443332
openimages500_balanced/1d023ca5ecaec0fb.jpg,ball,0.7366,0.2084,0.0,0,-0.039237157,0.019284746
openimages500_balanced/1d023ca5ecaec0fb.jpg,carrot,0.4109,0.1862,0.0,0,-0.02239059,0.012062573
openimages500_balanced/1d3758d3b3a95d62.jpg,ball,0.4443,0.2537,1.0,0,0.0007659495,0.47555426
openimages500_balanced/1d3758d3b3a95d62.jpg,ball,0.3581,0.2346,0.0,0,-0.03515421,0.028311513
openimages500_balanced/1d3758d3b3a95d62.jpg,ball,0.3471,0.2098,0.0,0,-0.052305073,0.0053124335
openimages500_balanced/1d3758d3b3a95d62.jpg,ball,0.3074,0.2454,0.0,0,0.013720632,0.5907443
openimages500_balanced/1d3758d3b3a95d62.jpg,ball,0.3047,0.2446,0.0,0,0.019782811,0.7684878
openimages500_balanced/1e0d86c934e6e670.jpg,ball,0.3239,0.1954,0.0,0,-0.06548953,0.001417649
openimages500_balanced/24823e4fc31994e2.jpg,potted plant,0.6169,0.2129,0.0,0,-0.006009996,0.1659621
openimages500_balanced/24823e4fc31994e2.jpg,ball,0.3725,0.1779,0.0,0,-0.038386345,0.020211026
openimages500_balanced/24823e4fc31994e2.jpg,ball,0.3151,0.2041,0.0,0,-0.0666796,0.0012627287
openimages500_balanced/0f8c04a91af8c42a.jpg,pillow,0.4953,0.2072,0.0,1,0.052973405,0.990811
openimages500_balanced/17e05469444c8e0a.jpg,bed,0.6328,0.2333,1.0,1,0.054222345,0.99296725
openimages500_balanced/17e05469444c8e0a.jpg,pillow,0.5911,0.1809,0.0,1,-0.048473686,0.004083219
openimages500_balanced/17e05469444c8e0a.jpg,pillow,0.5848,0.2042,0.0,1,-0.029984638,0.0117301475
openimages500_balanced/17e05469444c8e0a.jpg,pillow,0.5761,0.2925,0.0,1,0.032912046,0.9549095
openimages500_balanced/17e05469444c8e0a.jpg,pillow,0.5015,0.2255,0.0,1,-0.0027805269,0.118551455
openimages500_balanced/18c8303c966a5ac6.jpg,pillow,0.6275,0.2452,1.0,1,0.044411182,0.9860387
openimages500_balanced/18c8303c966a5ac6.jpg,pillow,0.6178,0.2554,1.0,1,0.050913185,0.9918487
openimages500_balanced/18c8303c966a5ac6.jpg,pillow,0.5677,0.2291,0.0,1,0.020869821,0.8429133
openimages500_balanced/18c8303c966a5ac6.jpg,bed,0.5575,0.2444,1.0,1,-0.015775815,0.16076402
openimages500_balanced/18ced18aee04c48e.jpg,pillow,0.5359,0.2888,0.0,0,0.04562539,0.985185
openimages500_balanced/18ced18aee04c48e.jpg,pillow,0.4837,0.189,0.0,0,-0.024064258,0.05683498
openimages500_balanced/18ced18aee04c48e.jpg,bird,0.4564,0.2124,0.0,0,0.0092161,0.42047712
openimages500_balanced/18ced18aee04c48e.jpg,pillow,0.4522,0.2469,0.0,0,0.017417163,0.5290812
openimages500_balanced/18ced18aee04c48e.jpg,bed,0.4069,0.1885,1.0,1,-0.027024418,0.036800105
openimages500_balanced/18ced18aee04c48e.jpg,pillow,0.3895,0.2211,0.0,0,0.0019531995,0.082992435
openimages500_balanced/18ced18aee04c48e.jpg,bird,0.3634,0.2092,0.0,0,0.013741463,0.33006626
openimages500_balanced/1d5bb9d9a8a49e84.jpg,chair,0.7624,0.2864,1.0,1,0.05454108,0.9900691
openimages500_balanced/1d5bb9d9a8a49e84.jpg,pillow,0.6866,0.2656,0.0,1,0.024268031,0.79778373
openimages500_balanced/1d5bb9d9a8a49e84.jpg,pillow,0.6316,0.2255,0.0,1,0.0014545918,0.41726157
openimages500_balanced/1d5bb9d9a8a49e84.jpg,book,0.5215,0.2493,0.0,0,0.020558238,0.80095965
openimages500_balanced/1d5bb9d9a8a49e84.jpg,bed,0.4192,0.2446,1.0,1,0.03609374,0.9157816
openimages500_balanced/1d5bb9d9a8a49e84.jpg,backpack,0.407,0.2091,0.0,0,-0.00985688,0.08637911
openimages500_balanced/1d5bb9d9a8a49e84.jpg,cell phone,0.3985,0.1669,0.0,0,-0.038844243,0.002839393
openimages500_balanced/1d5bb9d9a8a49e84.jpg,backpack,0.3979,0.2354,0.0,0,-0.011920169,0.11969833
openimages500_balanced/1d5bb9d9a8a49e84.jpg,book,0.374,0.2058,0.0,0,-0.0010286272,0.2641649
openimages500_balanced/1d5bb9d9a8a49e84.jpg,remote,0.3026,0.1936,0.0,0,-0.047396913,0.007378629
openimages500_balanced/1f0f80903d2a46f8.jpg,pillow,0.7194,0.2357,0.0,0,0.055511624,0.99439245
openimages500_balanced/1f0f80903d2a46f8.jpg,pillow,0.7136,0.2281,0.0,0,0.05084899,0.99047124
openimages500_balanced/1f0f80903d2a46f8.jpg,pillow,0.7023,0.234,0.0,0,0.058444396,0.99554247
openimages500_balanced/1f0f80903d2a46f8.jpg,pillow,0.7002,0.2327,0.0,0,0.05140087,0.9885678
openimages500_balanced/1f0f80903d2a46f8.jpg,pillow,0.6893,0.2194,0.0,0,0.05548966,0.9911628
openimages500_balanced/1f0f80903d2a46f8.jpg,pillow,0.669,0.2369,0.0,0,0.035760567,0.96748805
openimages500_balanced/1fd97b32298d03ae.jpg,chair,0.6931,0.241,0.0,1,0.024615958,0.8808461
openimages500_balanced/1fd97b32298d03ae.jpg,pillow,0.6914,0.2668,0.0,1,0.04725626,0.98288834
openimages500_balanced/28c9331905cb8c5b.jpg,pillow,0.6682,0.2517,0.0,1,0.049820915,0.987987
openimages500_balanced/28c9331905cb8c5b.jpg,pillow,0.6499,0.2622,0.0,1,0.03405249,0.943319
openimages500_balanced/28c9331905cb8c5b.jpg,pillow,0.6367,0.2529,0.0,1,0.030564249,0.93138576
openimages500_balanced/28c9331905cb8c5b.jpg,toy,0.4929,0.2321,0.0,1,0.049327776,0.96971333
openimages500_balanced/28c9331905cb8c5b.jpg,toy,0.4537,0.2272,1.0,1,0.030932441,0.65812594
openimages500_balanced/28c9331905cb8c5b.jpg,toy,0.4508,0.2354,0.0,1,0.02410607,0.7882941
openimages500_balanced/28c9331905cb8c5b.jpg,book,0.3664,0.174,0.0,0,-0.029558688,0.009249187
openimages500_balanced/28c9331905cb8c5b.jpg,toy,0.3655,0.1848,0.0,1,-0.022730932,0.02296258
openimages500_balanced/28c9331905cb8c5b.jpg,book,0.3518,0.187,0.0,0,0.01003781,0.6766995
openimages500_balanced/28c9331905cb8c5b.jpg,toy,0.3444,0.1801,0.0,1,-0.016698971,0.054184347
openimages500_balanced/28c9331905cb8c5b.jpg,book,0.3396,0.2158,0.0,0,0.0046377927,0.30501652
openimages500_balanced/28c9331905cb8c5b.jpg,book,0.3264,0.2103,0.0,0,0.01686202,0.46538833
openimages500_balanced/28c9331905cb8c5b.jpg,book,0.3259,0.1909,1.0,0,0.0002655238,0.09896626
openimages500_balanced/28c9331905cb8c5b.jpg,book,0.3217,0.214,0.0,0,-0.010149404,0.14938529
openimages500_balanced/28c9331905cb8c5b.jpg,toy,0.317,0.1957,0.0,1,-0.0022452474,0.19950712
openimages500_balanced/28c9331905cb8c5b.jpg,book,0.3144,0.1865,0.0,0,-0.039073527,0.0047437064
openimages500_balanced/28c9331905cb8c5b.jpg,book,0.3079,0.1724,0.0,0,-0.016664013,0.01144164
openimages500_balanced/28c9331905cb8c5b.jpg,book,0.3063,0.2267,0.0,0,0.031380594,0.91300166
openimages500_balanced/28c9331905cb8c5b.jpg,book,0.306,0.2045,0.0,0,-0.01235944,0.05430493
openimages500_balanced/28c9331905cb8c5b.jpg,toy,0.3021,0.2343,0.0,1,0.019270599,0.6374311
openimages500_balanced/29614732b9d68b94.jpg,pillow,0.5963,0.17,1.0,1,-0.0032438338,0.13164282
openimages500_balanced/29614732b9d68b94.jpg,teddy bear,0.5702,0.1785,0.0,0,-0.010685861,0.0638293
openimages500_balanced/29614732b9d68b94.jpg,teddy bear,0.564,0.1805,0.0,0,-0.009658307,0.064215384
openimages500_balanced/29614732b9d68b94.jpg,teddy bear,0.5572,0.1993,0.0,0,-0.0053316057,0.08042901
openimages500_balanced/29614732b9d68b94.jpg,teddy bear,0.5496,0.2426,1.0,0,0.037613183,0.91342926
openimages500_balanced/29614732b9d68b94.jpg,teddy bear,0.5495,0.1772,0.0,0,-0.016499743,0.039196637
openimages500_balanced/2ed000d799794d71.jpg,bed,0.7324,0.2119,1.0,1,-0.02194035,0.02969632
openimages500_balanced/2ed000d799794d71.jpg,bottle,0.6892,0.2556,0.0,0,0.044664472,0.9390306
openimages500_balanced/2ed000d799794d71.jpg,cat,0.6207,0.2375,0.0,1,0.0051194727,0.46582446
openimages500_balanced/2ed000d799794d71.jpg,pillow,0.5303,0.2325,1.0,1,-0.0048134625,0.2184305
openimages500_balanced/2ed000d799794d71.jpg,cat,0.5103,0.2318,0.0,1,0.004439637,0.19573322
openimages500_balanced/182c1f2bfa4b4280.jpg,mug,0.7485,0.251,0.0,1,0.057680592,0.9825884
openimages500_balanced/182c1f2bfa4b4280.jpg,bowl,0.3733,0.2045,1.0,0,-0.009365454,0.031835128
openimages500_balanced/182c1f2bfa4b4280.jpg,bowl,0.3261,0.2021,1.0,0,-0.016254231,0.024956327
openimages500_balanced/18c116997ddb662b.jpg,mug,0.6032,0.2454,0.0,1,0.029832289,0.8602486
openimages500_balanced/18c116997ddb662b.jpg,cat,0.3644,0.1833,0.0,0,-0.013243601,0.03553782
openimages500_balanced/18c116997ddb662b.jpg,chair,0.3623,0.2134,0.0,0,-0.0110171735,0.05677805
openimages500_balanced/1d7929b66a611ea8.jpg,mug,0.5934,0.2161,1.0,1,-0.017389163,0.034790907
openimages500_balanced/1d7929b66a611ea8.jpg,mug,0.4267,0.2177,1.0,1,0.02385372,0.7461144
openimages500_balanced/1e6104d5518cb3f9.jpg,mug,0.7966,0.1902,0.0,1,0.0417275,0.92479885
openimages500_balanced/1e6104d5518cb3f9.jpg,spoon,0.7718,0.2448,1.0,1,0.002039522,0.3434841
openimages500_balanced/1e6104d5518cb3f9.jpg,plate,0.6424,0.1431,1.0,0,-0.043436557,0.005621413
openimages500_balanced/34aebaebe39bfaf0.jpg,mug,0.7939,0.2429,0.0,1,0.07352188,0.9956921
openimages500_balanced/42894a81eca95732.jpg,mug,0.772,0.2551,0.0,1,0.059591874,0.9893863
openimages500_balanced/42894a81eca95732.jpg,dining table,0.3074,0.1479,1.0,0,-0.100012064,4.4831624e-05
openimages500_balanced/460475ca9d34e13e.jpg,mug,0.5853,0.2416,0.0,1,0.031171143,0.8796342
openimages500_balanced/460475ca9d34e13e.jpg,mug,0.5212,0.2349,0.0,1,-0.0061561465,0.24074
openimages500_balanced/4756eb5d588de749.jpg,mug,0.7347,0.2717,0.0,1,0.040589392,0.94956124
openimages500_balanced/4a987796c9c03037.jpg,mug,0.505,0.2563,0.0,0,0.009944499,0.64669496
openimages500_balanced/4a987796c9c03037.jpg,mug,0.4614,0.2324,0.0,0,-0.021070033,0.047616668
openimages500_balanced/4a987796c9c03037.jpg,vase,0.438,0.2361,1.0,0,-0.0010949075,0.40993804
openimages500_balanced/4a987796c9c03037.jpg,vase,0.4288,0.2062,1.0,0,-0.00840722,0.050036628
openimages500_balanced/4a987796c9c03037.jpg,vase,0.427,0.244,0.0,0,-0.0019124746,0.41281798
openimages500_balanced/4a987796c9c03037.jpg,vase,0.4131,0.269,0.0,0,0.030775458,0.8813386
openimages500_balanced/4a987796c9c03037.jpg,vase,0.413,0.2517,0.0,0,-0.0024794638,0.395224
openimages500_balanced/4a987796c9c03037.jpg,vase,0.4125,0.2435,0.0,0,0.009345248,0.56845546
openimages500_balanced/4a987796c9c03037.jpg,vase,0.4044,0.2114,1.0,0,-0.020885974,0.053442422
openimages500_balanced/4a987796c9c03037.jpg,vase,0.4032,0.2094,0.0,0,0.0011107773,0.13432878
openimages500_balanced/4a987796c9c03037.jpg,mug,0.3986,0.2255,0.0,0,-0.026963025,0.048423026
openimages500_balanced/4a987796c9c03037.jpg,vase,0.3871,0.2107,0.0,0,-0.024131596,0.04831911
openimages500_balanced/4a987796c9c03037.jpg,vase,0.3674,0.2395,0.0,0,0.016355753,0.46296805
openimages500_balanced/4a987796c9c03037.jpg,vase,0.3567,0.2551,0.0,0,0.010509267,0.60049
openimages500_balanced/52072b5c865a4f30.jpg,mug,0.7021,0.2191,0.0,1,0.041020274,0.9673573
openimages500_balanced/0483900e6425b41a.jpg,plate,0.8196,0.2808,0.0,1,0.06519997,0.995654
openimages500_balanced/0713109a36fd0303.jpg,plate,0.5446,0.1838,0.0,1,-0.037787333,0.015139033
openimages500_balanced/0713109a36fd0303.jpg,mug,0.5355,0.2166,0.0,0,-0.021721229,0.054258626
openimages500_balanced/0713109a36fd0303.jpg,fork,0.5121,0.1942,0.0,0,-0.002711445,0.13544533
openimages500_balanced/0ad9245badbe2d4e.jpg,plate,0.6305,0.2002,0.0,1,-0.038953155,0.008282943
openimages500_balanced/0ad9245badbe2d4e.jpg,plate,0.618,0.1951,0.0,1,-0.0191295,0.061934058
openimages500_balanced/0ad9245badbe2d4e.jpg,plate,0.6045,0.2065,0.0,1,-0.040730983,0.009053649
openimages500_balanced/0ad9245badbe2d4e.jpg,dining table,0.5808,0.1942,1.0,0,-0.004250735,0.26980594
openimages500_balanced/0ad9245badbe2d4e.jpg,spoon,0.5555,0.2244,0.0,0,-0.0035433173,0.20917185
openimages500_balanced/0ad9245badbe2d4e.jpg,knife,0.5421,0.2113,0.0,0,-0.016976833,0.034049403
openimages500_balanced/0ad9245badbe2d4e.jpg,plate,0.531,0.1947,1.0,1,-0.021619216,0.012486777
openimages500_balanced/0ad9245badbe2d4e.jpg,plate,0.5194,0.1913,1.0,1,-0.011932522,0.022019617
openimages500_balanced/0ad9245badbe2d4e.jpg,fork,0.5185,0.2153,0.0,0,-0.007106662,0.19451442
openimages500_balanced/0ad9245badbe2d4e.jpg,bowl,0.5167,0.2627,0.0,0,0.03007172,0.798718
openimages500_balanced/0ad9245badbe2d4e.jpg,plate,0.4924,0.1981,1.0,1,-0.038415223,0.0050150407
openimages500_balanced/0ad9245badbe2d4e.jpg,sandwich,0.4561,0.2494,0.0,0,0.0026257932,0.5260278
openimages500_balanced/0ad9245badbe2d4e.jpg,sandwich,0.4464,0.2322,0.0,0,0.008615598,0.4221306
openimages500_balanced/0ad9245badbe2d4e.jpg,sandwich,0.4463,0.2458,0.0,0,0.011186093,0.6554442
openimages500_balanced/0ad9245badbe2d4e.jpg,plate,0.4405,0.2078,1.0,1,-0.028006062,0.01361726
openimages500_balanced/0ad9245badbe2d4e.jpg,plate,0.4264,0.2333,1.0,1,-0.007177189,0.12617217
openimages500_balanced/0ad9245badbe2d4e.jpg,bowl,0.4108,0.2137,1.0,0,-0.007433474,0.03310703
openimages500_balanced/0ad9245badbe2d4e.jpg,plate,0.4102,0.1741,0.0,1,-0.014585376,0.051826242
openimages500_balanced/0ad9245badbe2d4e.jpg,plate,0.393,0.1764,1.0,1,-0.054307133,0.0009137842
openimages500_balanced/0ad9245badbe2d4e.jpg,fork,0.3551,0.1796,0.0,0,-0.030492082,0.012088737
openimages500_balanced/0ad9245badbe2d4e.jpg,plate,0.3257,0.1912,1.0,1,-0.033036694,0.005436604
openimages500_balanced/0ad9245badbe2d4e.jpg,bowl,0.3139,0.1707,0.0,0,-0.041388422,0.009426468
openimages500_balanced/0d3431b3eac4300d.jpg,cake,0.3615,0.1858,0.0,0,-0.020509765,0.066839956
openimages500_balanced/1cee18a7a9d72c09.jpg,fork,0.7567,0.29,1.0,1,0.0465229,0.9890254
openimages500_balanced/1cee18a7a9d72c09.jpg,knife,0.6427,0.2539,1.0,0,0.005741164,0.39128473
openimages500_balanced/1cee18a7a9d72c09.jpg,plate,0.4157,0.1647,1.0,1,-0.07769889,0.00023663088
openimages500_balanced/1ef6f2ff4181b218.jpg,fork,0.7556,0.2361,0.0,0,-0.008009285,0.22406246
openimages500_balanced/1ef6f2ff4181b218.jpg,dining table,0.7069,0.2329,1.0,1,0.0063723475,0.6256577
openimages500_balanced/1ef6f2ff4181b218.jpg,knife,0.6981,0.2418,0.0,0,-0.0055618584,0.18964031
openimages500_balanced/1ef6f2ff4181b218.jpg,bowl,0.6226,0.2467,0.0,0,0.019044295,0.7076227
openimages500_balanced/1ef6f2ff4181b218.jpg,plate,0.6103,0.2747,0.0,0,0.02061078,0.87680596
openimages500_balanced/1ef6f2ff4181b218.jpg,plate,0.5901,0.2668,1.0,0,0.015447885,0.64677984
openimages500_balanced/1ef6f2ff4181b218.jpg,plate,0.5773,0.2371,0.0,0,0.011657149,0.32427928
openimages500_balanced/1ef6f2ff4181b218.jpg,cake,0.5731,0.2317,0.0,0,-0.019141853,0.10573747
openimages500_balanced/1ef6f2ff4181b218.jpg,plate,0.5539,0.2186,0.0,0,-0.012760654,0.02909545
openimages500_balanced/1ef6f2ff4181b218.jpg,plate,0.5531,0.2307,1.0,0,-0.035463303,0.02123093
openimages500_balanced/1ef6f2ff4181b218.jpg,plate,0.5469,0.2532,0.0,0,0.01790297,0.73044854
openimages500_balanced/1ef6f2ff4181b218.jpg,plate,0.5426,0.2196,0.0,0,-0.036513314,0.018073212
openimages500_balanced/1ef6f2ff4181b218.jpg,plate,0.5388,0.2314,0.0,0,0.0013769716,0.11231412
openimages500_balanced/1ef6f2ff4181b218.jpg,knife,0.5365,0.2301,0.0,0,-0.016708791,0.062713355
openimages500_balanced/1ef6f2ff4181b218.jpg,plate,0.5242,0.2445,0.0,0,0.013384119,0.3951044
openimages500_balanced/1ef6f2ff4181b218.jpg,plate,0.5164,0.2373,0.0,0,-0.029415041,0.046448972
openimages500_balanced/1ef6f2ff4181b218.jpg,knife,0.5067,0.2094,0.0,0,-0.014962837,0.050118286
openimages500_balanced/1ef6f2ff4181b218.jpg,chair,0.4958,0.2031,1.0,0,-0.001301974,0.083909474
openimages500_balanced/1ef6f2ff4181b218.jpg,plate,0.4836,0.2272,1.0,0,0.008630365,0.38652852
openimages500_balanced/1ef6f2ff4181b218.jpg,chair,0.4703,0.1815,1.0,0,-0.023087054,0.01258902
openimages500_balanced/1ef6f2ff4181b218.jpg,mug,0.4701,0.2158,0.0,0,-0.002290368,0.066877395
openimages500_balanced/1ef6f2ff4181b218.jpg,knife,0.4477,0.2112,0.0,0,-0.0080396235,0.06418189
openimages500_balanced/1ef6f2ff4181b218.jpg,plate,0.4364,0.2207,0.0,0,-0.00384596,0.09054475
openimages500_balanced/1ef6f2ff4181b218.jpg,plate,0.4257,0.2113,0.0,0,-0.005135983,0.09584666
openimages500_balanced/1ef6f2ff4181b218.jpg,spoon,0.4089,0.2625,0.0,0,0.014877915,0.7853336
openimages500_balanced/1ef6f2ff4181b218.jpg,fork,0.401,0.2109,0.0,0,-0.007088959,0.043932408
openimages500_balanced/1ef6f2ff4181b218.jpg,chair,0.3998,0.2021,1.0,0,-0.008441821,0.030331815
openimages500_balanced/1ef6f2ff4181b218.jpg,mug,0.3925,0.2217,0.0,0,-0.0075310767,0.10399074
openimages500_balanced/1ef6f2ff4181b218.jpg,plate,0.3662,0.1987,0.0,0,-0.029594958,0.0072364593
openimages500_balanced/1ef6f2ff4181b218.jpg,bottle,0.3516,0.2532,0.0,0,0.0042136163,0.4605136
openimages500_balanced/1ef6f2ff4181b218.jpg,chair,0.3499,0.1904,1.0,0,-0.005799085,0.034587674
openimages500_balanced/1ef6f2ff4181b218.jpg,spoon,0.3488,0.1891,0.0,0,-0.010745183,0.030318186
openimages500_balanced/1ef6f2ff4181b218.jpg,mug,0.3453,0.1989,0.0,0,-0.025499746,0.014102001
openimages500_balanced/1ef6f2ff4181b218.jpg,spoon,0.331,0.198,0.0,0,-0.021379918,0.02260114
openimages500_balanced/1ef6f2ff4181b218.jpg,spoon,0.3079,0.2123,0.0,0,-0.008022934,0.04425373
openimages500_balanced/239055529d19c566.jpg,dining table,0.6428,0.1929,1.0,0,-0.010396913,0.12847218
openimages500_balanced/239055529d19c566.jpg,plate,0.6244,0.2676,1.0,1,0.0031847358,0.5191252
openimages500_balanced/239055529d19c566.jpg,cake,0.6074,0.2487,0.0,0,0.018332973,0.7453776
openimages500_balanced/239055529d19c566.jpg,bowl,0.5493,0.2527,0.0,0,0.007357225,0.45190707
openimages500_balanced/239055529d19c566.jpg,potted plant,0.5011,0.1467,0.0,0,-0.019133762,0.018366784
openimages500_balanced/239055529d19c566.jpg,potted plant,0.4919,0.2351,1.0,0,-7.762015e-05,0.37592328
openimages500_balanced/239055529d19c566.jpg,potted plant,0.4881,0.2585,0.0,0,0.016844988,0.77022123
openimages500_balanced/239055529d19c566.jpg,orange,0.4696,0.245,0.0,0,0.028400406,0.8622113
openimages500_balanced/239055529d19c566.jpg,plate,0.4686,0.1919,0.0,1,-0.04929118,0.004284653
openimages500_balanced/239055529d19c566.jpg,plate,0.4401,0.1958,0.0,1,-0.0011365861,0.058540523
openimages500_balanced/239055529d19c566.jpg,plate,0.4055,0.2163,0.0,1,-0.0032147914,0.069857255
openimages500_balanced/239055529d19c566.jpg,plate,0.4034,0.1962,0.0,1,-0.010332227,0.022415236
openimages500_balanced/239055529d19c566.jpg,chair,0.3829,0.207,0.0,0,-0.03240545,0.022768065
openimages500_balanced/239055529d19c566.jpg,bowl,0.3796,0.2067,1.0,0,-0.001880303,0.15921998
openimages500_balanced/239055529d19c566.jpg,orange,0.3711,0.1973,0.0,0,-0.00066408515,0.110531166
openimages500_balanced/239055529d19c566.jpg,plate,0.3607,0.2245,0.0,1,0.0007342845,0.058311723
openimages500_balanced/239055529d19c566.jpg,potted plant,0.3526,0.2388,1.0,0,0.03171803,0.8519381
openimages500_balanced/239055529d19c566.jpg,vase,0.342,0.2147,0.0,0,0.0034441054,0.14261305
openimages500_balanced/239055529d19c566.jpg,knife,0.3411,0.2279,0.0,0,-0.00823687,0.15042502
openimages500_balanced/239055529d19c566.jpg,bowl,0.3256,0.2371,0.0,0,0.0066025853,0.3490892
openimages500_balanced/239055529d19c566.jpg,vase,0.325,0.1809,0.0,0,-0.025367394,0.009298963
openimages500_balanced/23c4936af39bedc9.jpg,plate,0.6901,0.203,1.0,1,-0.023515955,0.02125838
openimages500_balanced/23c4936af39bedc9.jpg,mug,0.5478,0.2378,1.0,0,-0.04062964,0.016633602
openimages500_balanced/246dc610b5ad61d2.jpg,plate,0.6745,0.1768,1.0,1,-0.05773993,0.0008670237
openimages500_balanced/246dc610b5ad61d2.jpg,bird,0.3318,0.2021,0.0,0,-0.035170406,0.009194515
openimages500_balanced/2669fd1d66e03b61.jpg,plate,0.6349,0.2219,0.0,1,0.006770715,0.65417945
openimages500_balanced/00d962525f1ea4e7.jpg,potted plant,0.3816,0.2075,1.0,1,-0.012153804,0.057037253
openimages500_balanced/00f695485d605b32.jpg,pillow,0.5703,0.1964,0.0,0,-0.008276328,0.028361108
openimages500_balanced/00f695485d605b32.jpg,pillow,0.5627,0.231,0.0,0,0.0017099082,0.15873866
openimages500_balanced/00f695485d605b32.jpg,pillow,0.5621,0.186,0.0,0,-0.017172024,0.011165966
openimages500_balanced/00f695485d605b32.jpg,chair,0.5553,0.2119,0.0,0,0.0056340545,0.11370621
openimages500_balanced/00f695485d605b32.jpg,chair,0.4978,0.2588,1.0,0,0.021926075,0.68882257
openimages500_balanced/00f695485d605b32.jpg,chair,0.4751,0.2,0.0,0,-0.014295265,0.045215867
openimages500_balanced/00f695485d605b32.jpg,dining table,0.4527,0.1665,0.0,1,-0.062241733,0.0008338891
openimages500_balanced/00f695485d605b32.jpg,chair,0.4497,0.205,0.0,0,-0.006393403,0.0903505
openimages500_balanced/00f695485d605b32.jpg,potted plant,0.4227,0.2417,0.0,1,-0.004333675,0.3746881
openimages500_balanced/00f695485d605b32.jpg,potted plant,0.3965,0.2114,0.0,1,-0.022568658,0.06709972
openimages500_balanced/00f695485d605b32.jpg,couch,0.395,0.2073,0.0,0,-0.018916428,0.018561868
openimages500_balanced/00f695485d605b32.jpg,dining table,0.3941,0.1689,0.0,1,-0.064981505,0.00041434198
openimages500_balanced/00f695485d605b32.jpg,vase,0.3463,0.2347,0.0,0,0.014271453,0.3366098
openimages500_balanced/00f695485d605b32.jpg,chair,0.3405,0.2045,0.0,0,-0.015786394,0.0188005
openimages500_balanced/00f695485d605b32.jpg,vase,0.3342,0.2463,0.0,0,-0.024351358,0.07795402
openimages500_balanced/00f695485d605b32.jpg,vase,0.3253,0.1934,0.0,0,-0.013977751,0.01752314
openimages500_balanced/00f695485d605b32.jpg,pillow,0.3145,0.2112,0.0,0,-0.0027590394,0.06393495
openimages500_balanced/0148fb9a454a9bd0.jpg,potted plant,0.4019,0.2289,0.0,1,-0.0012536347,0.40324146
openimages500_balanced/0148fb9a454a9bd0.jpg,vase,0.3433,0.2,0.0,0,-0.003021896,0.041038767
openimages500_balanced/047fb821481d7e6a.jpg,potted plant,0.3735,0.2032,1.0,0,0.0047231317,0.19047621
openimages500_balanced/0541fb11de1df8de.jpg,potted plant,0.4981,0.2175,0.0,1,-0.00784494,0.27107388
openimages500_balanced/0541fb11de1df8de.jpg,potted plant,0.4705,0.2253,0.0,1,-0.029961526,0.041934088
openimages500_balanced/0541fb11de1df8de.jpg,potted plant,0.4557,0.2236,0.0,1,-0.00779891,0.2678308
openimages500_balanced/0541fb11de1df8de.jpg,potted plant,0.4538,0.2095,0.0,1,0.000763312,0.28195915
openimages500_balanced/0541fb11de1df8de.jpg,potted plant,0.4527,0.2191,0.0,1,-0.016593069,0.14958383
openimages500_balanced/0541fb11de1df8de.jpg,potted plant,0.4518,0.219,0.0,1,-0.020666316,0.103415176
openimages500_balanced/0541fb11de1df8de.jpg,potted plant,0.4458,0.2212,0.0,1,-0.01995346,0.10865591
openimages500_balanced/0541fb11de1df8de.jpg,potted plant,0.4389,0.1973,0.0,1,-0.024426237,0.05861218
openimages500_balanced/0541fb11de1df8de.jpg,potted plant,0.3886,0.2045,0.0,1,0.021761969,0.5659577
openimages500_balanced/0541fb11de1df8de.jpg,potted plant,0.3839,0.1976,0.0,1,-0.03196083,0.037957765
openimages500_balanced/060091417ccafbcf.jpg,bowl,0.4211,0.2632,0.0,0,0.01575248,0.7168235
openimages500_balanced/060091417ccafbcf.jpg,potted plant,0.414,0.2172,1.0,1,-0.007820055,0.11484112
openimages500_balanced/0621a9f83d058188.jpg,potted plant,0.3506,0.2401,1.0,1,0.018363401,0.53862673
openimages500_balanced/0621a9f83d058188.jpg,potted plant,0.3158,0.2057,0.0,1,-0.030869558,0.036507368
openimages500_balanced/0621a9f83d058188.jpg,vase,0.301,0.226,1.0,0,-0.0053002685,0.073592395
openimages500_balanced/0867ed7b739f753a.jpg,potted plant,0.483,0.1995,1.0,1,0.0072218776,0.29300457
openimages500_balanced/089f5f735de590ef.jpg,potted plant,0.4447,0.2245,1.0,1,0.00051002204,0.46071443
openimages500_balanced/02d3d8579d152a67.jpg,chair,0.7645,0.2646,0.0,1,0.06825015,0.9949917
openimages500_balanced/02d3d8579d152a67.jpg,chair,0.724,0.2593,1.0,1,0.06104572,0.99406046
openimages500_balanced/02d3d8579d152a67.jpg,chair,0.7105,0.2666,0.0,1,0.045283243,0.9802991
openimages500_balanced/02d3d8579d152a67.jpg,chair,0.709,0.2593,0.0,1,0.046661377,0.9861778
openimages500_balanced/02d3d8579d152a67.jpg,chair,0.6889,0.2522,0.0,1,0.026471585,0.8742922
openimages500_balanced/02d3d8579d152a67.jpg,chair,0.6879,0.2357,0.0,1,0.05888246,0.9883888
openimages500_balanced/02d3d8579d152a67.jpg,chair,0.6334,0.25,1.0,1,0.011689186,0.2956615
openimages500_balanced/02d3d8579d152a67.jpg,chair,0.5744,0.2369,1.0,1,0.03916295,0.9388264
openimages500_balanced/02d3d8579d152a67.jpg,chair,0.5581,0.26,0.0,1,0.046453476,0.97868687
openimages500_balanced/06e011fbb8d24f19.jpg,chair,0.5892,0.2832,0.0,1,0.065562725,0.9940095
openimages500_balanced/06e011fbb8d24f19.jpg,chair,0.5756,0.2546,0.0,1,0.051729083,0.9870226
openimages500_balanced/06e011fbb8d24f19.jpg,chair,0.5562,0.2356,0.0,1,0.04187104,0.9760541
openimages500_balanced/07b12cccb39c75a5.jpg,cell phone,0.4018,0.2345,0.0,0,0.0033815503,0.26051944
openimages500_balanced/07b12cccb39c75a5.jpg,chair,0.3827,0.1681,1.0,1,-0.010983393,0.031741064
openimages500_balanced/07b12cccb39c75a5.jpg,chair,0.3243,0.162,0.0,1,-0.011336327,0.028355086
openimages500_balanced/07bb1574590ad7fd.jpg,chair,0.5852,0.2544,0.0,1,0.05462502,0.9859443
openimages500_balanced/07bb1574590ad7fd.jpg,chair,0.5695,0.2598,0.0,1,0.040888757,0.9276391
openimages500_balanced/07bb1574590ad7fd.jpg,chair,0.5681,0.2654,0.0,1,0.06410192,0.9876223
openimages500_balanced/07bb1574590ad7fd.jpg,chair,0.5121,0.2069,0.0,1,-0.010321796,0.039928887
openimages500_balanced/07bb1574590ad7fd.jpg,keyboard,0.4313,0.2412,0.0,0,0.0122003555,0.510599
openimages500_balanced/07bb1574590ad7fd.jpg,keyboard,0.404,0.177,0.0,0,-0.046401724,0.003901937
openimages500_balanced/07bb1574590ad7fd.jpg,keyboard,0.3432,0.219,0.0,0,0.009714454,0.4183294
openimages500_balanced/098456de2b81fc7b.jpg,chair,0.3751,0.1746,0.0,0,-0.015047088,0.015731396
openimages500_balanced/098456de2b81fc7b.jpg,chair,0.3736,0.2101,1.0,0,-0.015758172,0.03345998
openimages500_balanced/098456de2b81fc7b.jpg,chair,0.371,0.228,0.0,0,-0.00024582446,0.111152485
openimages500_balanced/098456de2b81fc7b.jpg,chair,0.3685,0.2086,0.0,0,-0.0045799613,0.055029254
openimages500_balanced/098456de2b81fc7b.jpg,chair,0.3655,0.212,0.0,0,-0.003777057,0.06680213
openimages500_balanced/098456de2b81fc7b.jpg,chair,0.3634,0.2788,0.0,0,0.051114455,0.99054176
openimages500_balanced/098456de2b81fc7b.jpg,chair,0.3622,0.202,1.0,0,-0.032421783,0.012650528
openimages500_balanced/098456de2b81fc7b.jpg,chair,0.359,0.2245,0.0,0,0.00036790967,0.11141425
openimages500_balanced/098456de2b81fc7b.jpg,chair,0.3549,0.2137,0.0,0,-0.014439985,0.05835715
openimages500_balanced/098456de2b81fc7b.jpg,chair,0.325,0.2009,0.0,0,-0.021350741,0.014929534
openimages500_balanced/098456de2b81fc7b.jpg,chair,0.3168,0.1835,0.0,0,-0.027596414,0.0065298793
openimages500_balanced/098456de2b81fc7b.jpg,chair,0.3131,0.2017,0.0,0,-0.0038185567,0.033326525
openimages500_balanced/098456de2b81fc7b.jpg,chair,0.3114,0.1868,1.0,0,-0.032501236,0.013200685
openimages500_balanced/098456de2b81fc7b.jpg,chair,0.3076,0.2043,0.0,0,-0.0048666,0.036331948
openimages500_balanced/098456de2b81fc7b.jpg,chair,0.3041,0.1989,0.0,0,-0.017425284,0.03093647
openimages500_balanced/09e094375efab7fe.jpg,chair,0.4795,0.2117,0.0,1,-0.007028505,0.102184325
openimages500_balanced/09e094375efab7fe.jpg,chair,0.3655,0.2607,0.0,1,0.026914924,0.870025
openimages500_balanced/09e094375efab7fe.jpg,chair,0.3644,0.1848,0.0,1,0.0066158473,0.3566909
openimages500_balanced/09e094375efab7fe.jpg,chair,0.347,0.1809,1.0,1,-0.0069663078,0.03163481
openimages500_balanced/09e094375efab7fe.jpg,chair,0.3426,0.2717,0.0,1,0.035342336,0.9216764
openimages500_balanced/09e094375efab7fe.jpg,chair,0.317,0.2235,1.0,1,-0.023862973,0.03256441
openimages500_balanced/09e094375efab7fe.jpg,handbag,0.309,0.2703,1.0,0,0.02261439,0.87436736
openimages500_balanced/09e094375efab7fe.jpg,chair,0.3022,0.2482,0.0,1,0.027601168,0.5654589
openimages500_balanced/09e617d9d3120b32.jpg,chair,0.5332,0.186,1.0,1,0.00856331,0.20704868
openimages500_balanced/0a6bc386b28f2aac.jpg,chair,0.6407,0.2129,0.0,1,-0.014688104,0.037779763
openimages500_balanced/0a6bc386b28f2aac.jpg,bed,0.5887,0.2549,0.0,1,0.028004006,0.88296044
openimages500_balanced/0a6bc386b28f2aac.jpg,bed,0.5619,0.2559,0.0,1,0.02649507,0.8738211
openimages500_balanced/0a6bc386b28f2aac.jpg,dining table,0.3544,0.2445,0.0,1,0.0011258721,0.2237912
openimages500_balanced/0a6bc386b28f2aac.jpg,book,0.3475,0.1907,0.0,0,-0.029044047,0.010548066
openimages500_balanced/0a7c597abf1e90d4.jpg,chair,0.7276,0.2612,0.0,1,0.023215055,0.77995074
openimages500_balanced/0a7c597abf1e90d4.jpg,chair,0.7068,0.2134,0.0,1,-0.011810914,0.055180285
openimages500_balanced/0a7c597abf1e90d4.jpg,laptop,0.7057,0.2018,0.0,0,-0.019038305,0.018825637
openimages500_balanced/0a7c597abf1e90d4.jpg,potted plant,0.5365,0.2286,0.0,0,-0.0004325956,0.35873923
openimages500_balanced/0a7c597abf1e90d4.jpg,potted plant,0.4372,0.2173,0.0,0,-0.015172377,0.12988672
openimages500_balanced/0a7c597abf1e90d4.jpg,vase,0.3681,0.2056,0.0,0,-0.0181676,0.030497333
openimages500_balanced/0a7c597abf1e90d4.jpg,vase,0.3534,0.2117,0.0,0,-0.030024663,0.022712916
openimages500_balanced/0b3445eeb72b3803.jpg,chair,0.5013,0.1985,0.0,0,-0.026274472,0.012462887
openimages500_balanced/0b3445eeb72b3803.jpg,chair,0.482,0.2737,0.0,0,0.014941096,0.7847479
openimages500_balanced/0b3445eeb72b3803.jpg,chair,0.4713,0.236,0.0,0,0.015587866,0.4789629
openimages500_balanced/0b3445eeb72b3803.jpg,chair,0.4616,0.2194,0.0,0,-0.03534338,0.025916908
openimages500_balanced/0b3445eeb72b3803.jpg,chair,0.4577,0.1967,0.0,0,-0.03060612,0.0084511945
openimages500_balanced/0b3445eeb72b3803.jpg,chair,0.4551,0.2566,0.0,0,-0.0059402585,0.33324662
openimages500_balanced/0b3445eeb72b3803.jpg,chair,0.4532,0.1959,0.0,0,-0.029935226,0.007674383
openimages500_balanced/0b3445eeb72b3803.jpg,chair,0.4462,0.272,0.0,0,0.0113322735,0.71635485
openimages500_balanced/0b3445eeb72b3803.jpg,chair,0.4379,0.2319,1.0,0,-0.0124230385,0.14053917
openimages500_balanced/0b3445eeb72b3803.jpg,dining table,0.437,0.2705,0.0,1,0.03365618,0.95393395
openimages500_balanced/0b3445eeb72b3803.jpg,chair,0.425,0.2017,0.0,0,-0.03081265,0.015937435
openimages500_balanced/0b3445eeb72b3803.jpg,chair,0.405,0.2003,0.0,0,-0.026014075,0.01549401
openimages500_balanced/0b3445eeb72b3803.jpg,chair,0.4046,0.2637,0.0,0,0.03271036,0.8774775
openimages500_balanced/0b3445eeb72b3803.jpg,chair,0.4031,0.1936,0.0,0,-0.030136347,0.017038647
openimages500_balanced/0b3445eeb72b3803.jpg,chair,0.4006,0.2612,1.0,0,0.011403173,0.7196897
openimages500_balanced/0b3445eeb72b3803.jpg,chair,0.3963,0.218,1.0,0,-0.0066990256,0.06263547
openimages500_balanced/0b3445eeb72b3803.jpg,dining table,0.3934,0.2412,1.0,1,0.013842791,0.622349
openimages500_balanced/0b3445eeb72b3803.jpg,chair,0.3925,0.2113,0.0,0,-0.018688396,0.021542585
openimages500_balanced/0b3445eeb72b3803.jpg,chair,0.3897,0.2372,0.0,0,-0.0042467415,0.2705221
openimages500_balanced/0b3445eeb72b3803.jpg,chair,0.3865,0.1718,0.0,0,-0.016142443,0.018891864
openimages500_balanced/0b3445eeb72b3803.jpg,chair,0.3861,0.2551,0.0,0,0.01320678,0.6406775
openimages500_balanced/0b3445eeb72b3803.jpg,chair,0.3833,0.241,0.0,0,-0.030310586,0.0455527
openimages500_balanced/0b3445eeb72b3803.jpg,chair,0.3736,0.2207,0.0,0,0.004730642,0.32634267
openimages500_balanced/0b3445eeb72b3803.jpg,dining table,0.3665,0.259,1.0,1,0.023723766,0.77466166
openimages500_balanced/0b3445eeb72b3803.jpg,chair,0.3586,0.2683,0.0,0,0.022020906,0.8579683
openimages500_balanced/0b3445eeb72b3803.jpg,chair,0.355,0.1942,0.0,0,-0.027695373,0.011191262
openimages500_balanced/0b3445eeb72b3803.jpg,chair,0.342,0.2043,0.0,0,-0.025238395,0.018474419
openimages500_balanced/0b3445eeb72b3803.jpg,chair,0.3397,0.2263,0.0,0,-0.015340924,0.09762831
openimages500_balanced/0b3445eeb72b3803.jpg,chair,0.3316,0.2517,0.0,0,0.0032863617,0.52595955
openimages500_balanced/0b3445eeb72b3803.jpg,dining table,0.3293,0.189,0.0,1,-0.024949178,0.0050219446
openimages500_balanced/0b3445eeb72b3803.jpg,dining table,0.3176,0.1733,0.0,1,-0.038239643,0.0038033612
openimages500_balanced/0b3445eeb72b3803.jpg,chair,0.3173,0.1907,1.0,0,-0.025291994,0.011346598
openimages500_balanced/0b3445eeb72b3803.jpg,chair,0.3134,0.2341,0.0,0,0.0030977875,0.19928567
openimages500_balanced/0b3445eeb72b3803.jpg,dining table,0.3093,0.1917,0.0,1,-0.0330351,0.008510184
openimages500_balanced/0b3445eeb72b3803.jpg,chair,0.3048,0.2563,0.0,0,0.021554977,0.7709214
openimages500_balanced/00f3dbbbf5bdf2cf.jpg,couch,0.6624,0.2371,1.0,1,0.00038403273,0.3715745
openimages500_balanced/00f3dbbbf5bdf2cf.jpg,potted plant,0.585,0.2131,0.0,0,-0.0012146533,0.20564586
openimages500_balanced/00f3dbbbf5bdf2cf.jpg,pillow,0.4886,0.2654,1.0,0,0.007270068,0.49292156
openimages500_balanced/00f3dbbbf5bdf2cf.jpg,pillow,0.4692,0.293,0.0,0,0.036018968,0.9486062
openimages500_balanced/00f3dbbbf5bdf2cf.jpg,pillow,0.4676,0.2903,1.0,0,0.040090263,0.96393746
openimages500_balanced/00f3dbbbf5bdf2cf.jpg,pillow,0.4505,0.2203,1.0,0,-0.009201989,0.035575345
openimages500_balanced/00f3dbbbf5bdf2cf.jpg,potted plant,0.371,0.1818,0.0,0,-0.03425142,0.004245092
openimages500_balanced/00f3dbbbf5bdf2cf.jpg,potted plant,0.3383,0.2069,0.0,0,0.0027760714,0.1467541
openimages500_balanced/00f3dbbbf5bdf2cf.jpg,vase,0.3249,0.2119,0.0,0,0.005475551,0.23726894
openimages500_balanced/00f3dbbbf5bdf2cf.jpg,bowl,0.3074,0.2069,0.0,0,-0.03913358,0.010546223
openimages500_balanced/01f26ca52e27a8d9.jpg,chair,0.4327,0.2428,1.0,0,0.010836467,0.6062161
openimages500_balanced/01f26ca52e27a8d9.jpg,chair,0.4018,0.2061,1.0,0,-0.0018479526,0.0793242
openimages500_balanced/01f26ca52e27a8d9.jpg,chair,0.3969,0.2397,1.0,0,0.006183073,0.17919587
openimages500_balanced/01f26ca52e27a8d9.jpg,chair,0.3691,0.1938,0.0,0,0.002370149,0.08217015
openimages500_balanced/01f26ca52e27a8d9.jpg,chair,0.3599,0.2034,0.0,0,-0.0015076995,0.06960975
openimages500_balanced/01f26ca52e27a8d9.jpg,chair,0.3553,0.1959,0.0,0,-0.010081023,0.02827225
openimages500_balanced/024f0e5cc2e7b405.jpg,knife,0.6177,0.2385,0.0,0,0.0030001253,0.15646844
openimages500_balanced/024f0e5cc2e7b405.jpg,knife,0.6111,0.2092,0.0,0,-0.0025651902,0.10635612
openimages500_balanced/024f0e5cc2e7b405.jpg,chair,0.6011,0.1898,1.0,0,-0.029557511,0.010264334
openimages500_balanced/024f0e5cc2e7b405.jpg,chair,0.5493,0.2002,1.0,0,-0.01248534,0.03309308
openimages500_balanced/024f0e5cc2e7b405.jpg,chair,0.5437,0.219,0.0,0,-0.02250816,0.021968717
openimages500_balanced/024f0e5cc2e7b405.jpg,plate,0.5076,0.2095,1.0,0,-0.012254268,0.031142034
openimages500_balanced/024f0e5cc2e7b405.jpg,chair,0.4956,0.1774,0.0,0,-0.033140376,0.0075645074
openimages500_balanced/024f0e5cc2e7b405.jpg,fork,0.49,0.2025,0.0,0,-0.02862291,0.032613125
openimages500_balanced/024f0e5cc2e7b405.jpg,vase,0.4844,0.2476,0.0,0,-0.016454518,0.14828973
openimages500_balanced/024f0e5cc2e7b405.jpg,chair,0.4838,0.1843,0.0,0,-0.008071065,0.02997111
openimages500_balanced/024f0e5cc2e7b405.jpg,dining table,0.4782,0.1765,1.0,1,-0.0732719,0.00043656712
openimages500_balanced/024f0e5cc2e7b405.jpg,chair,0.4693,0.2006,0.0,0,-0.012856349,0.037726518
openimages500_balanced/024f0e5cc2e7b405.jpg,chair,0.4615,0.1974,0.0,0,-0.0079845935,0.04601601
openimages500_balanced/024f0e5cc2e7b405.jpg,chair,0.4395,0.2008,0.0,0,-0.025959685,0.025946533
openimages500_balanced/024f0e5cc2e7b405.jpg,chair,0.4153,0.1608,0.0,0,-0.041406274,0.0042238473
openimages500_balanced/024f0e5cc2e7b405.jpg,chair,0.4026,0.1879,1.0,0,-0.042615876,0.0039555607
openimages500_balanced/024f0e5cc2e7b405.jpg,spoon,0.3934,0.1791,0.0,0,-0.002019763,0.056026116
openimages500_balanced/024f0e5cc2e7b405.jpg,spoon,0.3909,0.2263,0.0,0,-0.0063830167,0.12147296
openimages500_balanced/024f0e5cc2e7b405.jpg,fork,0.3731,0.1924,0.0,0,-0.010258138,0.0868126
openimages500_balanced/024f0e5cc2e7b405.jpg,bowl,0.3702,0.2252,0.0,0,0.0020831972,0.13560589
openimages500_balanced/024f0e5cc2e7b405.jpg,vase,0.3284,0.235,0.0,0,0.0152866095,0.52463067
openimages500_balanced/024f0e5cc2e7b405.jpg,chair,0.3154,0.1725,0.0,0,-0.03677766,0.0033495193
openimages500_balanced/024f0e5cc2e7b405.jpg,chair,0.3083,0.1948,0.0,0,-0.03038697,0.014166609
openimages500_balanced/024f0e5cc2e7b405.jpg,vase,0.3066,0.2161,0.0,0,-0.047587425,0.008164068
openimages500_balanced/0256e00527830a41.jpg,mug,0.3912,0.2229,0.0,0,-0.0065168887,0.17929277
openimages500_balanced/0256e00527830a41.jpg,mug,0.39,0.2234,0.0,0,-0.0032868683,0.23860188
openimages500_balanced/0256e00527830a41.jpg,mug,0.3868,0.2224,0.0,0,-0.0017261803,0.21496446
openimages500_balanced/036c89a81d6bd616.jpg,tv,0.4576,0.2346,0.0,0,0.011406735,0.2978037
openimages500_balanced/036c89a81d6bd616.jpg,chair,0.3501,0.2192,1.0,0,0.006460324,0.15102676
openimages500_balanced/03d9eaadefad5eaf.jpg,chair,0.33,0.2148,1.0,0,0.0004451871,0.0847727
openimages500_balanced/03646bb2f288eaae.jpg,dog,0.8696,0.2186,1.0,1,0.03308803,0.8706516
openimages500_balanced/03646bb2f288eaae.jpg,pillow,0.5473,0.1896,0.0,0,-0.033640563,0.009134794
openimages500_balanced/03646bb2f288eaae.jpg,bed,0.4859,0.1747,1.0,1,-0.054736674,0.0037831187
openimages500_balanced/03646bb2f288eaae.jpg,pillow,0.4654,0.233,1.0,0,0.004097238,0.1967315
openimages500_balanced/0fb3a760f909c8c9.jpg,bed,0.5173,0.2407,1.0,1,0.035641164,0.904914
openimages500_balanced/0fb3a760f909c8c9.jpg,bed,0.3224,0.2455,1.0,1,0.003924817,0.28687978
openimages500_balanced/1229d5e203956ac6.jpg,pillow,0.5824,0.26,1.0,0,0.005140573,0.50161624
openimages500_balanced/1229d5e203956ac6.jpg,chair,0.562,0.2727,0.0,0,0.009508193,0.633915
openimages500_balanced/1229d5e203956ac6.jpg,pillow,0.4547,0.1962,0.0,0,-0.07252258,0.00052180706
openimages500_balanced/1229d5e203956ac6.jpg,bed,0.4439,0.2712,0.0,1,0.051357448,0.98672765
openimages500_balanced/1229d5e203956ac6.jpg,bed,0.4258,0.2537,1.0,1,0.025094345,0.8234483
openimages500_balanced/1229d5e203956ac6.jpg,dining table,0.3959,0.1943,1.0,1,-0.008379728,0.045622133
openimages500_balanced/1229d5e203956ac6.jpg,chair,0.3752,0.2487,0.0,0,0.0030914694,0.3569507
openimages500_balanced/1229d5e203956ac6.jpg,bed,0.3518,0.2483,1.0,1,0.054996505,0.98750836
openimages500_balanced/1229d5e203956ac6.jpg,bed,0.3364,0.2456,1.0,1,0.054645553,0.980791
openimages500_balanced/1229d5e203956ac6.jpg,book,0.3247,0.2048,1.0,0,0.0034544915,0.11307606
openimages500_balanced/1229d5e203956ac6.jpg,bed,0.3109,0.2585,1.0,1,0.05575709,0.9867855
openimages500_balanced/15e9f230f8f0609f.jpg,bed,0.5457,0.2184,1.0,1,0.00986512,0.38924655
openimages500_balanced/15e9f230f8f0609f.jpg,pillow,0.3118,0.1971,0.0,0,0.0020141006,0.11726028
openimages500_balanced/208e95b8f33fecda.jpg,bed,0.6887,0.2462,1.0,1,0.04965593,0.9781069
openimages500_balanced/208e95b8f33fecda.jpg,pillow,0.6134,0.2458,0.0,0,0.009258524,0.51236707
openimages500_balanced/208e95b8f33fecda.jpg,pillow,0.5789,0.2708,0.0,0,0.01611361,0.7710738
openimages500_balanced/208e95b8f33fecda.jpg,ball,0.3826,0.2017,0.0,0,-0.047411233,0.005230653
openimages500_balanced/0f731adcd7458c2b.jpg,dog,0.8731,0.2081,0.0,1,0.044488415,0.94903976
openimages500_balanced/0f731adcd7458c2b.jpg,tv,0.8309,0.2469,1.0,1,0.040727988,0.9556695
openimages500_balanced/0f731adcd7458c2b.jpg,chair,0.5443,0.2266,0.0,1,-0.0020219088,0.1377451
openimages500_balanced/0f731adcd7458c2b.jpg,chair,0.434,0.2021,1.0,1,-0.012646884,0.019015208
openimages500_balanced/0f731adcd7458c2b.jpg,book,0.3314,0.1678,0.0,0,-0.053509414,0.0009325026
openimages500_balanced/1050b3c3f36090a3.jpg,couch,0.5711,0.1951,1.0,1,-0.0017133653,0.20112683
openimages500_balanced/115ca6aa3522da5a.jpg,chair,0.5792,0.2382,1.0,1,0.011195868,0.6410896
openimages500_balanced/115ca6aa3522da5a.jpg,pillow,0.5176,0.2898,0.0,0,0.050323457,0.9871366
openimages500_balanced/1250a079d3fbd919.jpg,couch,0.4444,0.1259,1.0,1,-0.036483914,0.0050209076
openimages500_balanced/15f0965b63397a40.jpg,pillow,0.5518,0.2527,0.0,0,0.024244994,0.77198017
openimages500_balanced/15f0965b63397a40.jpg,bed,0.5315,0.2625,0.0,0,-0.011582822,0.21326612
openimages500_balanced/15f0965b63397a40.jpg,pillow,0.512,0.2251,0.0,0,0.02539,0.75071144
openimages500_balanced/15f0965b63397a40.jpg,book,0.3146,0.1897,0.0,0,-0.042153433,0.006468274
openimages500_balanced/1ead457c867be1cd.jpg,tv,0.7725,0.2566,0.0,1,0.014991641,0.3204015
openimages500_balanced/1ead457c867be1cd.jpg,couch,0.6316,0.2598,1.0,1,0.043516263,0.96805465
openimages500_balanced/1ead457c867be1cd.jpg,dining table,0.6054,0.2437,0.0,1,0.032361656,0.95527107
openimages500_balanced/1ead457c867be1cd.jpg,microwave,0.5932,0.252,0.0,0,-0.0031033158,0.39351174
openimages500_balanced/1ead457c867be1cd.jpg,chair,0.5686,0.2615,0.0,0,0.019541964,0.80206275
openimages500_balanced/1ead457c867be1cd.jpg,chair,0.567,0.25,0.0,0,0.0170784,0.7208649
openimages500_balanced/1ead457c867be1cd.jpg,oven,0.5607,0.3042,0.0,0,0.023508012,0.9118033
openimages500_balanced/1ead457c867be1cd.jpg,chair,0.5601,0.2311,0.0,0,0.011041731,0.4037434
openimages500_balanced/1ead457c867be1cd.jpg,chair,0.5398,0.2186,0.0,0,-0.004456967,0.32005325
openimages500_balanced/1ead457c867be1cd.jpg,chair,0.4284,0.2527,0.0,0,-0.005453229,0.2954412
openimages500_balanced/1ead457c867be1cd.jpg,chair,0.3651,0.2334,0.0,0,-0.026143014,0.06358019
openimages500_balanced/1ead457c867be1cd.jpg,remote,0.3586,0.1829,0.0,0,-0.039964646,0.008032575
openimages500_balanced/1ead457c867be1cd.jpg,sink,0.3284,0.1588,0.0,0,-0.039492607,0.0016490134
openimages500_balanced/1ead457c867be1cd.jpg,pillow,0.3266,0.2135,0.0,0,-0.004945025,0.067184456
openimages500_balanced/1ead457c867be1cd.jpg,pillow,0.302,0.248,0.0,0,0.00040775537,0.34176707
openimages500_balanced/248b5f914b325928.jpg,remote,0.4551,0.2249,0.0,0,-0.028135642,0.026967382
openimages500_balanced/248b5f914b325928.jpg,pillow,0.4453,0.1825,1.0,0,-0.03826873,0.0073790695
openimages500_balanced/248b5f914b325928.jpg,couch,0.3395,0.1816,1.0,1,-0.008906588,0.031135526
openimages500_balanced/248b5f914b325928.jpg,pillow,0.335,0.2334,0.0,0,0.006528616,0.18276338
openimages500_balanced/248b5f914b325928.jpg,tv,0.3322,0.1492,1.0,0,-0.02768819,0.01482798
openimages500_balanced/2a0905a2ff63f09e.jpg,chair,0.5314,0.2277,1.0,1,-0.012682319,0.0765655
openimages500_balanced/2a0905a2ff63f09e.jpg,chair,0.4695,0.2483,0.0,1,0.012913644,0.7514284
openimages500_balanced/2a0905a2ff63f09e.jpg,couch,0.4442,0.2622,1.0,1,-0.009523928,0.253179
openimages500_balanced/2a0905a2ff63f09e.jpg,plate,0.397,0.2239,0.0,0,0.0035333484,0.112607956
openimages500_balanced/2a0905a2ff63f09e.jpg,tv,0.3449,0.2329,1.0,0,0.020823017,0.6409613
openimages500_balanced/2b2c4fe6d63a13e4.jpg,couch,0.7506,0.2969,0.0,1,0.021341294,0.8731884
openimages500_balanced/2b2c4fe6d63a13e4.jpg,chair,0.7347,0.2793,0.0,1,0.062732816,0.990928
openimages500_balanced/2b2c4fe6d63a13e4.jpg,chair,0.7284,0.2783,0.0,1,0.014800966,0.7589138
openimages500_balanced/2b2c4fe6d63a13e4.jpg,potted plant,0.6674,0.2812,0.0,0,0.028101653,0.9255724
openimages500_balanced/2b2c4fe6d63a13e4.jpg,pillow,0.664,0.208,0.0,0,-0.008168504,0.04361175
openimages500_balanced/2b2c4fe6d63a13e4.jpg,pillow,0.6491,0.293,0.0,0,0.04583454,0.9800583
openimages500_balanced/2b2c4fe6d63a13e4.jpg,chair,0.599,0.2581,0.0,1,0.016689986,0.5973473
openimages500_balanced/2b2c4fe6d63a13e4.jpg,remote,0.5321,0.2517,0.0,0,0.01717119,0.6938144
openimages500_balanced/2b2c4fe6d63a13e4.jpg,remote,0.5189,0.2316,0.0,0,-0.0024762005,0.20276415
openimages500_balanced/2b2c4fe6d63a13e4.jpg,laptop,0.4875,0.2394,1.0,0,0.016966552,0.41833115
openimages500_balanced/2b2c4fe6d63a13e4.jpg,dining table,0.4428,0.2651,0.0,0,0.026664257,0.87694263
openimages500_balanced/2b2c4fe6d63a13e4.jpg,chair,0.4301,0.2729,1.0,1,0.0066382885,0.56967515
openimages500_balanced/2b2c4fe6d63a13e4.jpg,book,0.3481,0.2245,0.0,0,-0.0068712234,0.074168
openimages500_balanced/2b2c4fe6d63a13e4.jpg,chair,0.3338,0.2026,1.0,1,-0.011616528,0.028732706
openimages500_balanced/04311ae05c027377.jpg,book,0.4169,0.2201,1.0,1,0.026097015,0.8136794
openimages500_balanced/04311ae05c027377.jpg,book,0.4082,0.2448,0.0,1,0.045539573,0.9056906
openimages500_balanced/04311ae05c027377.jpg,book,0.4077,0.2153,0.0,1,0.007351786,0.31534758
openimages500_balanced/04311ae05c027377.jpg,book,0.3979,0.1864,0.0,1,-0.018809289,0.030934498
openimages500_balanced/04311ae05c027377.jpg,book,0.3844,0.2253,0.0,1,0.049548537,0.9407736
openimages500_balanced/04311ae05c027377.jpg,book,0.3834,0.1813,0.0,1,-0.04689552,0.002290416
openimages500_balanced/04311ae05c027377.jpg,toy,0.3802,0.1914,1.0,0,-0.020842403,0.079224065
openimages500_balanced/04311ae05c027377.jpg,book,0.3727,0.213,0.0,1,0.018413007,0.44861308
openimages500_balanced/04311ae05c027377.jpg,toy,0.3715,0.1858,0.0,0,-0.010824636,0.11646596
openimages500_balanced/04311ae05c027377.jpg,book,0.3702,0.2234,1.0,1,0.027323619,0.81425154
openimages500_balanced/04311ae05c027377.jpg,book,0.3683,0.2402,1.0,1,0.02951175,0.7789431
openimages500_balanced/04311ae05c027377.jpg,book,0.3668,0.1842,0.0,1,-0.05111617,0.00091683154
openimages500_balanced/04311ae05c027377.jpg,book,0.3585,0.2366,1.0,1,0.016292572,0.4688736
openimages500_balanced/04311ae05c027377.jpg,book,0.3584,0.2007,0.0,1,-0.015786067,0.055187196
openimages500_balanced/04311ae05c027377.jpg,book,0.3457,0.2312,0.0,1,0.03483951,0.83538526
openimages500_balanced/04311ae05c027377.jpg,book,0.3447,0.222,0.0,1,-0.008257672,0.11429788
openimages500_balanced/04311ae05c027377.jpg,book,0.3372,0.199,0.0,1,-0.006840214,0.08718075
openimages500_balanced/04311ae05c027377.jpg,book,0.3354,0.2302,0.0,1,0.045252383,0.89334166
openimages500_balanced/04311ae05c027377.jpg,toy,0.3337,0.1929,1.0,0,0.013158187,0.34379667
openimages500_balanced/04311ae05c027377.jpg,book,0.3295,0.197,0.0,1,0.020121261,0.4460382
openimages500_balanced/04311ae05c027377.jpg,book,0.3283,0.2272,1.0,1,0.040398106,0.8351425
openimages500_balanced/04311ae05c027377.jpg,book,0.3273,0.2343,0.0,1,0.056463987,0.9727428
openimages500_balanced/04311ae05c027377.jpg,book,0.3176,0.1963,0.0,1,0.020037115,0.42927456
openimages500_balanced/04311ae05c027377.jpg,book,0.3176,0.1919,0.0,1,-0.039506078,0.007526571
openimages500_balanced/04311ae05c027377.jpg,book,0.3174,0.192,0.0,1,-0.034493163,0.004548176
openimages500_balanced/04311ae05c027377.jpg,book,0.3116,0.1971,0.0,1,-0.008171782,0.07398198
openimages500_balanced/04311ae05c027377.jpg,book,0.3101,0.2151,0.0,1,0.047657967,0.95789015
openimages500_balanced/04311ae05c027377.jpg,book,0.31,0.2275,0.0,1,0.034694046,0.8435408
openimages500_balanced/04311ae05c027377.jpg,book,0.309,0.2206,0.0,1,0.05348608,0.95984745
openimages500_balanced/04311ae05c027377.jpg,book,0.3083,0.2074,0.0,1,0.031569988,0.752817
openimages500_balanced/04311ae05c027377.jpg,book,0.3017,0.2346,0.0,1,0.034716144,0.82264173
openimages500_balanced/0a3873442ad329c2.jpg,book,0.4484,0.2461,0.0,1,0.044341013,0.9154556
openimages500_balanced/0b19fbf13f8296d6.jpg,book,0.3501,0.1926,1.0,0,-0.011785492,0.03438683
openimages500_balanced/0b19fbf13f8296d6.jpg,book,0.3443,0.1675,1.0,0,-0.020246163,0.008383557
openimages500_balanced/0b19fbf13f8296d6.jpg,handbag,0.3287,0.2269,0.0,0,0.023192123,0.7278726
openimages500_balanced/0b19fbf13f8296d6.jpg,book,0.3016,0.2395,0.0,0,0.021761581,0.5833441
openimages500_balanced/0dbd358b804cdc0d.jpg,book,0.3643,0.2241,1.0,1,0.04954888,0.96445006
openimages500_balanced/0dbd358b804cdc0d.jpg,book,0.3553,0.2472,1.0,1,0.055598676,0.972736
openimages500_balanced/0dbd358b804cdc0d.jpg,book,0.3506,0.2291,0.0,1,0.042350873,0.9554454
openimages500_balanced/0dbd358b804cdc0d.jpg,book,0.3362,0.1803,0.0,1,-0.035382137,0.003123489
openimages500_balanced/0dbd358b804cdc0d.jpg,book,0.3268,0.2234,1.0,1,0.05121234,0.96100867
openimages500_balanced/0dbd358b804cdc0d.jpg,book,0.3178,0.1675,1.0,1,-0.020246163,0.008383558
openimages500_balanced/0dbd358b804cdc0d.jpg,book,0.312,0.1902,1.0,1,-0.029947042,0.0047942954
openimages500_balanced/0dbd358b804cdc0d.jpg,book,0.3067,0.1879,1.0,1,-0.028262302,0.004185348
openimages500_balanced/0dbd358b804cdc0d.jpg,book,0.3047,0.2228,1.0,1,0.051325962,0.9589864
openimages500_balanced/0dbd358b804cdc0d.jpg,book,0.3027,0.2161,0.0,1,0.020651892,0.55723566
openimages500_balanced/0e5613a5e521f5c5.jpg,plate,0.4215,0.2333,0.0,0,-0.0019590706,0.118709736
openimages500_balanced/0e5613a5e521f5c5.jpg,chair,0.4029,0.2502,1.0,0,0.010617718,0.42115048
openimages500_balanced/0e5613a5e521f5c5.jpg,book,0.3748,0.2494,0.0,1,0.029519826,0.8583072
openimages500_balanced/0e5613a5e521f5c5.jpg,book,0.3734,0.2159,0.0,1,0.0017088354,0.17484461
openimages500_balanced/0e5613a5e521f5c5.jpg,book,0.3674,0.2401,0.0,1,0.041739196,0.89966774
openimages500_balanced/0e5613a5e521f5c5.jpg,book,0.3585,0.2496,0.0,1,0.048153296,0.9404738
openimages500_balanced/0e5613a5e521f5c5.jpg,book,0.3562,0.2432,0.0,1,0.04491639,0.9269096
openimages500_balanced/0e5613a5e521f5c5.jpg,book,0.3558,0.2023,0.0,1,-0.005945295,0.06293823
openimages500_balanced/0e5613a5e521f5c5.jpg,book,0.3521,0.2283,0.0,1,0.039977968,0.7712787
openimages500_balanced/0e5613a5e521f5c5.jpg,book,0.3489,0.2362,0.0,1,0.035394803,0.918484
openimages500_balanced/0e5613a5e521f5c5.jpg,book,0.3454,0.1959,0.0,1,-0.008028343,0.07984534
openimages500_balanced/0e5613a5e521f5c5.jpg,book,0.3452,0.2312,0.0,1,0.04688409,0.9463517
openimages500_balanced/0e5613a5e521f5c5.jpg,book,0.3446,0.2408,0.0,1,0.047218814,0.91809237
openimages500_balanced/0e5613a5e521f5c5.jpg,book,0.3435,0.2258,0.0,1,0.043492123,0.9411915
openimages500_balanced/0e5613a5e521f5c5.jpg,book,0.3421,0.223,0.0,1,0.03488417,0.8656223
openimages500_balanced/0e5613a5e521f5c5.jpg,book,0.3413,0.1675,0.0,1,-0.020246103,0.008383563
openimages500_balanced/0e5613a5e521f5c5.jpg,book,0.3408,0.2153,0.0,1,0.017641902,0.4665212
openimages500_balanced/0e5613a5e521f5c5.jpg,book,0.337,0.2385,0.0,1,0.03871782,0.87374765
openimages500_balanced/0e5613a5e521f5c5.jpg,book,0.3369,0.2391,0.0,1,0.04747638,0.90340805
openimages500_balanced/0e5613a5e521f5c5.jpg,plate,0.3357,0.2084,0.0,0,0.0051620156,0.117277905
openimages500_balanced/0e5613a5e521f5c5.jpg,book,0.3326,0.2239,0.0,1,0.039060593,0.90186083
openimages500_balanced/0e5613a5e521f5c5.jpg,book,0.3322,0.2349,0.0,1,0.03426364,0.87026834
openimages500_balanced/0e5613a5e521f5c5.jpg,book,0.3307,0.2295,0.0,1,0.04712504,0.9094852
openimages500_balanced/0e5613a5e521f5c5.jpg,book,0.3184,0.2302,0.0,1,0.03360732,0.86716497
openimages500_balanced/0e5613a5e521f5c5.jpg,book,0.3178,0.2473,0.0,1,0.04133524,0.89903665
openimages500_balanced/0e5613a5e521f5c5.jpg,book,0.3169,0.2345,0.0,1,0.03241895,0.793352
openimages500_balanced/0e5613a5e521f5c5.jpg,book,0.3163,0.2284,0.0,1,0.047237054,0.92815393
openimages500_balanced/0e5613a5e521f5c5.jpg,book,0.3146,0.2429,0.0,1,0.04808703,0.9541335
openimages500_balanced/0e5613a5e521f5c5.jpg,book,0.3116,0.2251,0.0,1,0.028479949,0.7514835
openimages500_balanced/0e5613a5e521f5c5.jpg,book,0.311,0.2239,0.0,1,0.046085298,0.92934006
openimages500_balanced/0e5613a5e521f5c5.jpg,book,0.3088,0.2487,0.0,1,0.03988889,0.8414541
openimages500_balanced/12435d88b4504d3f.jpg,book,0.5098,0.2413,1.0,0,0.03806834,0.85139287
openimages500_balanced/12435d88b4504d3f.jpg,book,0.4678,0.1932,1.0,0,-0.01643698,0.015056052
openimages500_balanced/12435d88b4504d3f.jpg,book,0.4548,0.1733,1.0,0,-0.03401956,0.00520145
openimages500_balanced/12435d88b4504d3f.jpg,book,0.4515,0.2291,1.0,0,0.01937607,0.43382102
openimages500_balanced/12435d88b4504d3f.jpg,book,0.4165,0.2397,1.0,0,0.037878945,0.865984
openimages500_balanced/12435d88b4504d3f.jpg,book,0.4046,0.1976,1.0,0,-0.038468122,0.0048052724
openimages500_balanced/12435d88b4504d3f.jpg,book,0.402,0.1904,1.0,0,-0.027350351,0.013632587
openimages500_balanced/12435d88b4504d3f.jpg,book,0.3905,0.2382,1.0,0,0.018533647,0.4696119
openimages500_balanced/12435d88b4504d3f.jpg,book,0.3474,0.2076,1.0,0,-0.027945891,0.023882478
openimages500_balanced/12435d88b4504d3f.jpg,book,0.3117,0.1678,1.0,0,-0.057115763,0.0013353605
openimages500_balanced/15e2134bf1363429.jpg,book,0.395,0.2239,1.0,1,0.008041635,0.13998942
openimages500_balanced/15e2134bf1363429.jpg,book,0.3868,0.2239,0.0,1,0.035954326,0.7780724
openimages500_balanced/15e2134bf1363429.jpg,book,0.371,0.2427,1.0,1,0.01811698,0.5518718
openimages500_balanced/15e2134bf1363429.jpg,book,0.3682,0.2157,0.0,1,0.011083007,0.1511697
openimages500_balanced/15e2134bf1363429.jpg,book,0.3672,0.2283,1.0,1,0.036388412,0.78694916
openimages500_balanced/15e2134bf1363429.jpg,book,0.358,0.2437,0.0,1,0.036204875,0.73597085
openimages500_balanced/15e2134bf1363429.jpg,book,0.3579,0.208,1.0,1,0.030612871,0.54183304
openimages500_balanced/15e2134bf1363429.jpg,book,0.3526,0.2012,1.0,1,-0.0019722134,0.06367133
openimages500_balanced/15e2134bf1363429.jpg,book,0.3479,0.1868,0.0,1,-0.042529285,0.0036171898
openimages500_balanced/15e2134bf1363429.jpg,book,0.3384,0.2162,0.0,1,-0.0064836293,0.073136196
openimages500_balanced/15e2134bf1363429.jpg,book,0.3304,0.188,1.0,1,0.013996333,0.15249698
openimages500_balanced/15e2134bf1363429.jpg,book,0.3259,0.2354,1.0,1,0.0346466,0.6432386
openimages500_balanced/15e2134bf1363429.jpg,book,0.3219,0.1818,0.0,1,-0.023410782,0.0061653005
openimages500_balanced/15e2134bf1363429.jpg,book,0.3206,0.2145,0.0,1,0.0030459762,0.116300605
openimages500_balanced/15e2134bf1363429.jpg,book,0.3182,0.1415,0.0,1,-0.046163976,0.0011297517
openimages500_balanced/15e2134bf1363429.jpg,book,0.3161,0.2272,1.0,1,0.022521913,0.3073123
openimages500_balanced/15e2134bf1363429.jpg,book,0.3108,0.1703,0.0,1,-0.03836377,0.0061016562
openimages500_balanced/15e2134bf1363429.jpg,book,0.3093,0.2406,0.0,1,0.016436398,0.35773715
openimages500_balanced/15e2134bf1363429.jpg,book,0.3084,0.2134,0.0,1,-0.013089582,0.028932445
openimages500_balanced/15e2134bf1363429.jpg,book,0.3028,0.2216,0.0,1,0.031315684,0.7260318
openimages500_balanced/15e2134bf1363429.jpg,book,0.3012,0.2443,0.0,1,0.03867595,0.7657366
openimages500_balanced/15e2134bf1363429.jpg,book,0.3005,0.2126,0.0,1,0.022248432,0.40718588
openimages500_balanced/19822f5f6db7de1f.jpg,book,0.3542,0.2163,1.0,0,0.02813892,0.5554237
openimages500_balanced/19822f5f6db7de1f.jpg,book,0.3537,0.2296,1.0,0,0.034265265,0.8069873
openimages500_balanced/19822f5f6db7de1f.jpg,book,0.301,0.2059,1.0,0,-0.02021727,0.013966249
openimages500_balanced/19822f5f6db7de1f.jpg,book,0.3002,0.2175,0.0,0,0.03772758,0.74925244
openimages500_balanced/19822f5f6db7de1f.jpg,book,0.3,0.2542,1.0,0,0.03528732,0.7946521
openimages500_balanced/19aa0e0ad2fa06b6.jpg,handbag,0.5639,0.1877,0.0,0,0.016482681,0.8157061
openimages500_balanced/19aa0e0ad2fa06b6.jpg,book,0.3847,0.1779,0.0,1,-0.052114934,0.0014722445
openimages500_balanced/19aa0e0ad2fa06b6.jpg,book,0.3267,0.2485,0.0,1,0.03066805,0.7400715
openimages500_balanced/19aa0e0ad2fa06b6.jpg,book,0.3194,0.1779,0.0,1,-0.06673062,0.0006201278
openimages500_balanced/19aa0e0ad2fa06b6.jpg,book,0.3093,0.2346,1.0,1,0.05320847,0.9595397
openimages500_balanced/19aa0e0ad2fa06b6.jpg,book,0.3053,0.1843,1.0,1,-0.017274007,0.008409655
openimages500_balanced/1a00561698778497.jpg,book,0.3054,0.1675,0.0,0,-0.020246163,0.008383558
openimages500_balanced/1a00561698778497.jpg,book,0.3015,0.1753,0.0,0,-0.04423201,0.0030706413
openimages500_balanced/00a36f96e31731c4.jpg,mouse,0.8569,0.2269,0.0,0,-0.016715392,0.07944407
openimages500_balanced/00a36f96e31731c4.jpg,laptop,0.7326,0.2788,0.0,0,0.038497955,0.97072744
openimages500_balanced/00a36f96e31731c4.jpg,bottle,0.6895,0.2455,0.0,1,0.033552542,0.79181725
openimages500_balanced/00a36f96e31731c4.jpg,laptop,0.6403,0.1936,0.0,0,-0.03068088,0.014323154
openimages500_balanced/00a36f96e31731c4.jpg,mug,0.6331,0.23,0.0,0,-0.022939503,0.046732254
openimages500_balanced/00a36f96e31731c4.jpg,keyboard,0.5981,0.2864,0.0,0,0.008139968,0.6847973
openimages500_balanced/00a36f96e31731c4.jpg,tv,0.4434,0.1819,0.0,0,-0.012411818,0.13405278
openimages500_balanced/02deba0102b5ce2a.jpg,bottle,0.619,0.2159,0.0,1,0.030531675,0.8266047
openimages500_balanced/02deba0102b5ce2a.jpg,keyboard,0.4832,0.2305,1.0,0,-0.0055030286,0.14099951
openimages500_balanced/02deba0102b5ce2a.jpg,bottle,0.3739,0.2308,1.0,1,0.006791085,0.23440546
openimages500_balanced/031244297d177089.jpg,bottle,0.7605,0.2252,1.0,1,0.047601253,0.9646753
openimages500_balanced/031244297d177089.jpg,bottle,0.7484,0.2015,1.0,1,0.04926932,0.9395433
openimages500_balanced/03abc39ad2c14097.jpg,bottle,0.7807,0.259,0.0,1,0.0008944571,0.4603944
openimages500_balanced/03abc39ad2c14097.jpg,bottle,0.7788,0.2365,0.0,1,0.0048239976,0.3585934
openimages500_balanced/049720d842de2d3e.jpg,bottle,0.6077,0.2693,1.0,1,0.036014408,0.89677614
openimages500_balanced/049720d842de2d3e.jpg,bottle,0.5821,0.2294,1.0,1,0.006841615,0.1776309
openimages500_balanced/049720d842de2d3e.jpg,dining table,0.4333,0.1556,1.0,0,-0.020993337,0.06695865
openimages500_balanced/049720d842de2d3e.jpg,bottle,0.3549,0.2015,1.0,1,-0.017333776,0.018224735
openimages500_balanced/04d9284ebdc41aeb.jpg,bottle,0.6756,0.2273,1.0,1,0.0467754,0.97019124
openimages500_balanced/04d9284ebdc41aeb.jpg,bottle,0.5378,0.2264,0.0,1,-0.0019684732,0.12194616
openimages500_balanced/04d9284ebdc41aeb.jpg,bird,0.4254,0.218,0.0,0,0.020359665,0.6027097
openimages500_balanced/04d9284ebdc41aeb.jpg,bottle,0.4119,0.2091,0.0,1,-0.02597569,0.031897318
openimages500_balanced/04d9284ebdc41aeb.jpg,bottle,0.3481,0.2124,0.0,1,0.0053317696,0.11012399
openimages500_balanced/04d9284ebdc41aeb.jpg,dining table,0.3067,0.1429,1.0,0,-0.061760068,0.0019844533
openimages500_balanced/06a4a9b49707a673.jpg,handbag,0.6181,0.2312,0.0,1,0.025396839,0.9096751
openimages500_balanced/06a4a9b49707a673.jpg,bottle,0.6022,0.2119,0.0,1,0.008429006,0.3106575
openimages500_balanced/06a4a9b49707a673.jpg,toy,0.4115,0.163,0.0,0,-0.054879934,0.0019447893
openimages500_balanced/06a4a9b49707a673.jpg,handbag,0.3413,0.2202,0.0,1,0.037822172,0.97366446
openimages500_balanced/06a4a9b49707a673.jpg,toy,0.3377,0.1632,0.0,0,-0.042185903,0.00723238
openimages500_balanced/06a4a9b49707a673.jpg,book,0.3339,0.1753,0.0,0,0.006008774,0.18717104
openimages500_balanced/06a4a9b49707a673.jpg,toy,0.3286,0.1478,0.0,0,-0.05754906,0.001332464
openimages500_balanced/07f328166c0ebbf7.jpg,bottle,0.6608,0.2429,0.0,0,0.042960063,0.9455983
openimages500_balanced/07f328166c0ebbf7.jpg,bottle,0.6506,0.2517,0.0,0,0.035878196,0.890188
openimages500_balanced/07f328166c0ebbf7.jpg,bottle,0.6485,0.2489,0.0,0,0.046467572,0.9482675
openimages500_balanced/07f328166c0ebbf7.jpg,bottle,0.6389,0.2399,0.0,0,0.051941946,0.94152695
openimages500_balanced/07f328166c0ebbf7.jpg,bottle,0.616,0.2404,1.0,0,0.04073897,0.8743046
openimages500_balanced/07f328166c0ebbf7.jpg,bottle,0.5946,0.2428,0.0,0,0.053063184,0.958584
openimages500_balanced/07f328166c0ebbf7.jpg,bottle,0.5731,0.2219,0.0,0,-0.009642571,0.14708467
openimages500_balanced/07f328166c0ebbf7.jpg,bottle,0.5722,0.2076,0.0,0,0.0018315911,0.06951915
openimages500_balanced/07f328166c0ebbf7.jpg,bottle,0.5106,0.2422,1.0,0,0.026323408,0.5760244
openimages500_balanced/07f328166c0ebbf7.jpg,bottle,0.4319,0.2147,0.0,0,-0.0019529462,0.068917476
openimages500_balanced/07f328166c0ebbf7.jpg,bottle,0.4194,0.2307,0.0,0,0.024107516,0.5189733
openimages500_balanced/07f328166c0ebbf7.jpg,bottle,0.4052,0.2502,0.0,0,0.058077097,0.97139996
openimages500_balanced/07f328166c0ebbf7.jpg,bottle,0.3958,0.1714,0.0,0,-0.033582866,0.004667177
openimages500_balanced/07f328166c0ebbf7.jpg,bottle,0.3823,0.1953,0.0,0,-0.01732187,0.018240208
openimages500_balanced/07f328166c0ebbf7.jpg,bottle,0.374,0.2302,0.0,0,0.0072803646,0.19207448
openimages500_balanced/07f328166c0ebbf7.jpg,toy,0.3697,0.1951,0.0,0,-0.0023057014,0.22294185
openimages500_balanced/07f328166c0ebbf7.jpg,bottle,0.3649,0.2101,0.0,0,0.0029385686,0.18890847
openimages500_balanced/07f328166c0ebbf7.jpg,bottle,0.3362,0.21,1.0,0,0.009034336,0.14323162
openimages500_balanced/09b27cac767ccc61.jpg,bottle,0.6667,0.2378,0.0,0,0.0027189702,0.30173245
openimages500_balanced/09b27cac767ccc61.jpg,bottle,0.6626,0.2413,0.0,0,0.011982769,0.40914536
openimages500_balanced/09b27cac767ccc61.jpg,bottle,0.6571,0.2388,0.0,0,0.0022444576,0.2002944
openimages500_balanced/09b27cac767ccc61.jpg,bottle,0.6543,0.246,0.0,0,0.01371035,0.6900074
openimages500_balanced/09b27cac767ccc61.jpg,bottle,0.6525,0.2306,0.0,0,0.016414702,0.43048915
openimages500_balanced/0acfa779589204bf.jpg,bottle,0.6238,0.2288,1.0,1,0.03902933,0.8561712
openimages500_balanced/0035a4bfeda1b637.jpg,bowl,0.5759,0.175,0.0,1,0.0012942255,0.13173991
openimages500_balanced/0035a4bfeda1b637.jpg,spoon,0.575,0.228,0.0,1,0.008878633,0.440557
openimages500_balanced/0035a4bfeda1b637.jpg,spoon,0.5497,0.1797,0.0,1,0.0011223704,0.32120997
openimages500_balanced/0035a4bfeda1b637.jpg,spoon,0.5493,0.2278,1.0,1,0.019209772,0.6051009
openimages500_balanced/0035a4bfeda1b637.jpg,spoon,0.5401,0.1987,1.0,1,-0.021479413,0.035113573
openimages500_balanced/0035a4bfeda1b637.jpg,spoon,0.5322,0.2106,1.0,1,0.007196933,0.29571334
openimages500_balanced/0035a4bfeda1b637.jpg,spoon,0.5256,0.1932,1.0,1,0.004980311,0.37793446
openimages500_balanced/0035a4bfeda1b637.jpg,spoon,0.525,0.1771,1.0,1,-0.017287001,0.10604069
openimages500_balanced/0035a4bfeda1b637.jpg,spoon,0.5086,0.2292,1.0,1,0.026129588,0.6778936
openimages500_balanced/0035a4bfeda1b637.jpg,spoon,0.4991,0.1954,1.0,1,-0.017111093,0.021483613
openimages500_balanced/0035a4bfeda1b637.jpg,dining table,0.3869,0.1523,1.0,0,-0.013249114,0.07916001
openimages500_balanced/0ad99d610a9092e6.jpg,bowl,0.7999,0.2296,1.0,0,0.021472886,0.74534523
openimages500_balanced/0ad99d610a9092e6.jpg,bowl,0.7445,0.2168,1.0,0,0.053265095,0.9692867
openimages500_balanced/0ad99d610a9092e6.jpg,bowl,0.7083,0.245,0.0,0,0.022367418,0.6719805
openimages500_balanced/0ad99d610a9092e6.jpg,bowl,0.6974,0.245,1.0,0,0.025306761,0.7019279
openimages500_balanced/0ad99d610a9092e6.jpg,bowl,0.6873,0.2029,1.0,0,0.04265693,0.9694812
openimages500_balanced/0ad99d610a9092e6.jpg,bowl,0.3331,0.191,1.0,0,-0.046038,0.0029881722
openimages500_balanced/0d1c49afcf00e948.jpg,bowl,0.733,0.2484,1.0,1,0.051501304,0.98901075
openimages500_balanced/1a164284f6016581.jpg,bowl,0.6578,0.2527,0.0,1,0.009414643,0.47262698
openimages500_balanced/1b8500e0e4938e77.jpg,couch,0.8047,0.2341,0.0,0,0.03843814,0.9488883
openimages500_balanced/1b8500e0e4938e77.jpg,chair,0.7316,0.2512,1.0,0,0.028637663,0.8159327
openimages500_balanced/1b8500e0e4938e77.jpg,chair,0.7252,0.2559,0.0,0,0.029429495,0.91964096
openimages500_balanced/1b8500e0e4938e77.jpg,potted plant,0.7132,0.2649,0.0,1,0.03652376,0.9415503
openimages500_balanced/1b8500e0e4938e77.jpg,chair,0.7023,0.2551,1.0,0,0.030281454,0.6655804
openimages500_balanced/1b8500e0e4938e77.jpg,pillow,0.695,0.2659,0.0,0,0.040343106,0.97879076
openimages500_balanced/1b8500e0e4938e77.jpg,potted plant,0.6781,0.28,1.0,1,0.034792125,0.96602106
openimages500_balanced/1b8500e0e4938e77.jpg,pillow,0.6767,0.2712,0.0,0,0.049272686,0.98433775
openimages500_balanced/1b8500e0e4938e77.jpg,potted plant,0.6067,0.2439,1.0,1,0.003236726,0.36042073
openimages500_balanced/1b8500e0e4938e77.jpg,bowl,0.6012,0.25,0.0,1,0.022056803,0.7675403
openimages500_balanced/1b8500e0e4938e77.jpg,vase,0.593,0.2551,1.0,0,0.018297225,0.7034303
openimages500_balanced/1b8500e0e4938e77.jpg,chair,0.5353,0.1854,1.0,0,-0.02120258,0.017276146
openimages500_balanced/1b8500e0e4938e77.jpg,vase,0.5096,0.2659,0.0,0,0.017879754,0.76237977
openimages500_balanced/1b8500e0e4938e77.jpg,plate,0.4876,0.1857,1.0,0,-0.051073954,0.002442745
openimages500_balanced/1b8500e0e4938e77.jpg,dining table,0.4769,0.179,0.0,1,-0.06785041,0.0007625416
openimages500_balanced/1b8500e0e4938e77.jpg,dining table,0.474,0.1885,1.0,1,-0.062893644,0.0014396987
openimages500_balanced/1b8500e0e4938e77.jpg,chair,0.4627,0.2791,1.0,0,0.02979049,0.90293324
openimages500_balanced/1b8500e0e4938e77.jpg,vase,0.4523,0.2357,0.0,0,-0.0026607662,0.28290862
openimages500_balanced/1b8500e0e4938e77.jpg,dining table,0.4509,0.1959,1.0,1,-0.048602223,0.0053403904
openimages500_balanced/1b8500e0e4938e77.jpg,chair,0.3676,0.2368,0.0,0,-0.0073420554,0.2900149
openimages500_balanced/1b8500e0e4938e77.jpg,bowl,0.3538,0.2141,0.0,1,-0.018927887,0.025298402
openimages500_balanced/1b8500e0e4938e77.jpg,book,0.349,0.1788,0.0,0,-0.04740624,0.001725021
openimages500_balanced/1fc8f41dad194e06.jpg,vase,0.7507,0.25,0.0,1,0.054342538,0.9742154
openimages500_balanced/1fc8f41dad194e06.jpg,bowl,0.6606,0.252,0.0,1,0.041712403,0.92136276
openimages500_balanced/1fc8f41dad194e06.jpg,bowl,0.6376,0.2722,0.0,1,0.04677762,0.94958144
openimages500_balanced/1fc8f41dad194e06.jpg,vase,0.6275,0.2206,1.0,1,0.030695021,0.811324
openimages500_balanced/1fc8f41dad194e06.jpg,bowl,0.6129,0.2393,1.0,1,0.016392827,0.48639578
openimages500_balanced/1fc8f41dad194e06.jpg,bowl,0.5952,0.2347,0.0,1,0.010423407,0.5530651
openimages500_balanced/218fd63442dff679.jpg,bowl,0.478,0.2094,0.0,0,-0.014292434,0.14325139
openimages500_balanced/218fd63442dff679.jpg,bowl,0.476,0.2274,0.0,0,-0.008586794,0.24335772
openimages500_balanced/218fd63442dff679.jpg,bowl,0.4743,0.2225,1.0,0,-0.011823803,0.18267801
openimages500_balanced/218fd63442dff679.jpg,bowl,0.4596,0.2499,0.0,0,-0.01813358,0.1307103
openimages500_balanced/218fd63442dff679.jpg,bowl,0.4547,0.2399,1.0,0,-0.004622996,0.2782003
openimages500_balanced/218fd63442dff679.jpg,bowl,0.4521,0.244,1.0,0,-0.0017396808,0.29916996
openimages500_balanced/218fd63442dff679.jpg,bowl,0.4506,0.2405,1.0,0,-0.01970312,0.10110298
openimages500_balanced/218fd63442dff679.jpg,bowl,0.45,0.213,0.0,0,-0.008276746,0.16479549
openimages500_balanced/218fd63442dff679.jpg,bowl,0.4432,0.2255,0.0,0,-0.032045335,0.03744426
openimages500_balanced/218fd63442dff679.jpg,bowl,0.4421,0.1603,0.0,0,-0.05271849,0.0012596912
openimages500_balanced/218fd63442dff679.jpg,bowl,0.4305,0.2184,1.0,0,-0.035936862,0.022670703
openimages500_balanced/218fd63442dff679.jpg,bowl,0.4302,0.2266,0.0,0,-0.017802894,0.124682724
openimages500_balanced/218fd63442dff679.jpg,bowl,0.4292,0.2064,0.0,0,0.0012016892,0.29787835
openimages500_balanced/218fd63442dff679.jpg,bowl,0.4282,0.2301,0.0,0,0.0017237663,0.47551098
openimages500_balanced/218fd63442dff679.jpg,bowl,0.4133,0.2218,0.0,0,0.010326266,0.26067176
openimages500_balanced/218fd63442dff679.jpg,bowl,0.4122,0.2324,1.0,0,-0.032073498,0.035131533
openimages500_balanced/218fd63442dff679.jpg,bowl,0.4092,0.2401,1.0,0,-0.026137546,0.06454096
openimages500_balanced/218fd63442dff679.jpg,bowl,0.392,0.2217,1.0,0,-0.0064947307,0.15983768
openimages500_balanced/218fd63442dff679.jpg,bowl,0.3827,0.1587,0.0,0,-0.0327681,0.0035296162
openimages500_balanced/218fd63442dff679.jpg,bowl,0.3806,0.236,0.0,0,-0.028688073,0.050903652
openimages500_balanced/218fd63442dff679.jpg,bowl,0.3767,0.2421,1.0,0,0.0018636882,0.31344387
openimages500_balanced/218fd63442dff679.jpg,bowl,0.3691,0.2211,1.0,0,-0.004788667,0.28713626
openimages500_balanced/218fd63442dff679.jpg,bowl,0.3429,0.202,0.0,0,-0.018112466,0.04287898
openimages500_balanced/218fd63442dff679.jpg,bowl,0.332,0.2279,1.0,0,0.0019530058,0.13560648
openimages500_balanced/218fd63442dff679.jpg,bowl,0.331,0.1981,1.0,0,-0.022485077,0.019450346
openimages500_balanced/218fd63442dff679.jpg,bowl,0.3061,0.2527,1.0,0,-0.0049300194,0.33676204
openimages500_balanced/2224582bc4a8ec9a.jpg,bowl,0.6098,0.1993,0.0,0,-0.024610117,0.007285386
openimages500_balanced/2224582bc4a8ec9a.jpg,bowl,0.5934,0.2542,0.0,0,0.036928236,0.86692196
openimages500_balanced/2224582bc4a8ec9a.jpg,bowl,0.5786,0.2646,0.0,0,0.041855276,0.9421307
openimages500_balanced/2224582bc4a8ec9a.jpg,bowl,0.5777,0.2791,0.0,0,0.036614567,0.8895131
openimages500_balanced/2224582bc4a8ec9a.jpg,bowl,0.5657,0.2491,0.0,0,0.017534778,0.71108043
openimages500_balanced/2224582bc4a8ec9a.jpg,plate,0.5283,0.2417,0.0,0,0.026328206,0.8278855
openimages500_balanced/2224582bc4a8ec9a.jpg,bowl,0.5202,0.2395,0.0,0,0.011093259,0.44931534
openimages500_balanced/2224582bc4a8ec9a.jpg,bowl,0.516,0.249,0.0,0,0.010998964,0.46116298
openimages500_balanced/2224582bc4a8ec9a.jpg,bowl,0.49,0.2217,1.0,0,0.00041854382,0.17678918
openimages500_balanced/2224582bc4a8ec9a.jpg,bowl,0.4722,0.2411,0.0,0,0.017601058,0.5030682
openimages500_balanced/2224582bc4a8ec9a.jpg,bowl,0.4526,0.2427,1.0,0,0.008762151,0.32618767
openimages500_balanced/2224582bc4a8ec9a.jpg,bowl,0.4304,0.2415,0.0,0,0.015384242,0.6090717
openimages500_balanced/2224582bc4a8ec9a.jpg,vase,0.4278,0.2312,0.0,0,-0.0040855855,0.2922723
openimages500_balanced/2224582bc4a8ec9a.jpg,vase,0.416,0.2563,0.0,0,-0.0006366968,0.40234607
openimages500_balanced/2224582bc4a8ec9a.jpg,bowl,0.4113,0.1787,1.0,0,-0.034863725,0.0064657596
openimages500_balanced/2224582bc4a8ec9a.jpg,bowl,0.4058,0.2382,0.0,0,0.00042456388,0.24940738
openimages500_balanced/2224582bc4a8ec9a.jpg,plate,0.3972,0.1969,0.0,0,0.00035494566,0.112103224
openimages500_balanced/2224582bc4a8ec9a.jpg,bowl,0.3866,0.2292,0.0,0,0.009066895,0.49469352
openimages500_balanced/2224582bc4a8ec9a.jpg,bowl,0.373,0.2167,1.0,0,0.007926315,0.1177418
openimages500_balanced/2224582bc4a8ec9a.jpg,bowl,0.3623,0.2157,0.0,0,-0.008594573,0.07288105
openimages500_balanced/2224582bc4a8ec9a.jpg,bowl,0.3608,0.2299,0.0,0,-0.00013266504,0.16078743
openimages500_balanced/2224582bc4a8ec9a.jpg,bowl,0.3516,0.2001,1.0,0,-0.009040266,0.06876629
openimages500_balanced/2224582bc4a8ec9a.jpg,bottle,0.3451,0.2302,0.0,0,0.013290435,0.6487944
openimages500_balanced/2224582bc4a8ec9a.jpg,bowl,0.339,0.2363,1.0,0,0.005753234,0.35089895
openimages500_balanced/2224582bc4a8ec9a.jpg,bowl,0.3377,0.1782,1.0,0,-0.05756049,0.001150595
openimages500_balanced/2224582bc4a8ec9a.jpg,spoon,0.3326,0.2693,0.0,0,0.018666536,0.83332074
openimages500_balanced/2224582bc4a8ec9a.jpg,bowl,0.3182,0.1985,0.0,0,-0.007960454,0.106912404
openimages500_balanced/2224582bc4a8ec9a.jpg,plate,0.317,0.2406,1.0,0,-0.0075582415,0.15229364
openimages500_balanced/2224582bc4a8ec9a.jpg,bowl,0.3161,0.1815,0.0,0,-0.0076832324,0.026888428
openimages500_balanced/238450f5d97b2d2b.jpg,tv,0.7234,0.2847,1.0,1,0.015634775,0.8028388
openimages500_balanced/238450f5d97b2d2b.jpg,bowl,0.6585,0.2925,0.0,1,0.06341687,0.9938898
openimages500_balanced/238450f5d97b2d2b.jpg,remote,0.5533,0.1793,0.0,0,-0.035108298,0.0052082236
openimages500_balanced/238450f5d97b2d2b.jpg,laptop,0.552,0.2583,0.0,0,-0.007686943,0.28742763
openimages500_balanced/238450f5d97b2d2b.jpg,bowl,0.533,0.2837,0.0,1,0.04236096,0.92936045
openimages500_balanced/238450f5d97b2d2b.jpg,book,0.5122,0.2118,0.0,0,-0.019180015,0.023026474
openimages500_balanced/238450f5d97b2d2b.jpg,remote,0.5097,0.2007,0.0,0,-0.020056412,0.008866702
openimages500_balanced/238450f5d97b2d2b.jpg,dining table,0.4628,0.2404,1.0,1,0.046906173,0.96689314
openimages500_balanced/238450f5d97b2d2b.jpg,bottle,0.4348,0.2423,0.0,0,0.035138458,0.8742679
openimages500_balanced/238450f5d97b2d2b.jpg,bottle,0.3933,0.2236,0.0,0,-0.018677026,0.040160257
openimages500_balanced/238450f5d97b2d2b.jpg,toy,0.3832,0.1954,1.0,0,-0.0036185682,0.1149762
openimages500_balanced/238450f5d97b2d2b.jpg,remote,0.3605,0.1677,0.0,0,-0.018639028,0.010218817
openimages500_balanced/238450f5d97b2d2b.jpg,plate,0.3395,0.2064,0.0,0,-0.048616976,0.0063465456
openimages500_balanced/238450f5d97b2d2b.jpg,bowl,0.3269,0.2311,0.0,1,-0.017001003,0.06627518
openimages500_balanced/238450f5d97b2d2b.jpg,plate,0.3094,0.2162,0.0,0,-0.03201604,0.024827348
openimages500_balanced/238450f5d97b2d2b.jpg,mug,0.3086,0.2274,0.0,0,-0.00091314316,0.124341615
openimages500_balanced/238450f5d97b2d2b.jpg,book,0.3003,0.2427,0.0,0,0.027372599,0.6664268
openimages500_balanced/0173241beb1633e9.jpg,mug,0.6899,0.172,1.0,0,0.032492325,0.73551035
openimages500_balanced/0173241beb1633e9.jpg,plate,0.6166,0.1808,0.0,0,-0.030648634,0.017337414
openimages500_balanced/0173241beb1633e9.jpg,spoon,0.5225,0.2346,1.0,1,-0.009982452,0.15298985
openimages500_balanced/02d46139315081c5.jpg,spoon,0.7889,0.3091,0.0,1,0.065611765,0.9980453
openimages500_balanced/02d46139315081c5.jpg,spoon,0.717,0.3044,0.0,1,0.058126926,0.9954698
openimages500_balanced/02d46139315081c5.jpg,dining table,0.318,0.1622,1.0,0,-0.115586,9.539316e-06
openimages500_balanced/02eaecd683dbdb9f.jpg,mug,0.782,0.2054,0.0,0,0.03082043,0.86336917
openimages500_balanced/02eaecd683dbdb9f.jpg,spoon,0.7509,0.2957,0.0,1,0.04500544,0.986782
openimages500_balanced/02eaecd683dbdb9f.jpg,plate,0.6637,0.2349,1.0,0,-0.014905646,0.056534808
openimages500_balanced/02eaecd683dbdb9f.jpg,plate,0.6315,0.1852,0.0,0,-0.039125487,0.013559648
openimages500_balanced/02eaecd683dbdb9f.jpg,dining table,0.4654,0.1362,1.0,0,-0.06893125,0.00088771165
openimages500_balanced/02eaecd683dbdb9f.jpg,bowl,0.4517,0.1937,1.0,0,-0.029350385,0.006866476
openimages500_balanced/02eaecd683dbdb9f.jpg,spoon,0.4092,0.2006,1.0,1,-0.0011351407,0.07768152
openimages500_balanced/0344cade36bbd4f4.jpg,spoon,0.7269,0.2839,0.0,1,0.053412557,0.99331445
openimages500_balanced/0344cade36bbd4f4.jpg,plate,0.6405,0.1482,0.0,0,-0.05130972,0.0018688334
openimages500_balanced/0344cade36bbd4f4.jpg,dining table,0.5063,0.1691,1.0,0,-0.058695763,0.002377317
openimages500_balanced/0344cade36bbd4f4.jpg,bowl,0.4017,0.1796,0.0,0,-0.01623106,0.044410653
openimages500_balanced/086224b8c3266d3e.jpg,plate,0.4015,0.1774,1.0,0,-0.07360837,0.00023697018
openimages500_balanced/086224b8c3266d3e.jpg,bowl,0.3241,0.1682,1.0,0,-0.027308568,0.025934137
openimages500_balanced/0b5b9dc7c5f88bff.jpg,plate,0.7334,0.2004,0.0,0,-0.0400531,0.013438682
openimages500_balanced/0b5b9dc7c5f88bff.jpg,dining table,0.5106,0.1537,1.0,0,-0.044255108,0.0057707867
openimages500_balanced/0b5b9dc7c5f88bff.jpg,spoon,0.49,0.2239,0.0,1,0.00059367716,0.30050588
openimages500_balanced/0b5b9dc7c5f88bff.jpg,spoon,0.3853,0.2325,0.0,1,0.0036348999,0.33368054
openimages500_balanced/0b5b9dc7c5f88bff.jpg,mug,0.3602,0.2212,0.0,0,-0.007581353,0.10208799
openimages500_balanced/1172ad179f7d27c6.jpg,spoon,0.7881,0.2559,0.0,1,0.016960308,0.6736203
openimages500_balanced/1172ad179f7d27c6.jpg,plate,0.7437,0.1655,0.0,0,-0.04263933,0.009959143
openimages500_balanced/1172ad179f7d27c6.jpg,plate,0.7053,0.2417,1.0,0,-0.001990348,0.28637844
openimages500_balanced/1172ad179f7d27c6.jpg,dining table,0.6002,0.1849,1.0,1,-0.008284807,0.11796966
openimages500_balanced/1172ad179f7d27c6.jpg,mug,0.5672,0.222,1.0,0,0.025770098,0.5096367
openimages500_balanced/1172ad179f7d27c6.jpg,mug,0.4932,0.2244,0.0,0,0.010396853,0.35421765
openimages500_balanced/1172ad179f7d27c6.jpg,chair,0.4529,0.1892,0.0,0,-0.014381453,0.02651603
openimages500_balanced/1172ad179f7d27c6.jpg,chair,0.4331,0.1809,1.0,0,-0.0069663078,0.03163481
openimages500_balanced/1172ad179f7d27c6.jpg,mug,0.3166,0.2292,0.0,0,-0.010807693,0.12756574
openimages500_balanced/155600e5f1221f8c.jpg,mug,0.7712,0.2397,0.0,0,0.04171723,0.8835349
openimages500_balanced/155600e5f1221f8c.jpg,plate,0.736,0.1902,0.0,0,-0.012626126,0.07285043
openimages500_balanced/155600e5f1221f8c.jpg,spoon,0.7234,0.2139,0.0,1,-0.00947988,0.20742223
openimages500_balanced/155600e5f1221f8c.jpg,dining table,0.4157,0.186,1.0,0,-0.013213292,0.081200734
openimages500_balanced/155600e5f1221f8c.jpg,book,0.3075,0.176,0.0,0,-0.029300436,0.02113684
openimages500_balanced/172a9a6ce2fd2fe8.jpg,spoon,0.8447,0.269,0.0,1,0.031082824,0.9532995
openimages500_balanced/172a9a6ce2fd2fe8.jpg,dining table,0.3794,0.196,1.0,0,-0.07174212,0.0007426696
openimages500_balanced/026fa3777c04b863.jpg,bowl,0.601,0.1938,0.0,0,0.008322164,0.2986814
openimages500_balanced/026fa3777c04b863.jpg,plate,0.5258,0.233,0.0,0,-0.007692352,0.1458456
openimages500_balanced/026fa3777c04b863.jpg,fork,0.4359,0.2096,0.0,1,-0.033270866,0.009781346
openimages500_balanced/026fa3777c04b863.jpg,fork,0.3443,0.2854,0.0,1,0.04026124,0.94841677
openimages500_balanced/07de9510e802a400.jpg,fork,0.7562,0.2805,0.0,1,0.057124615,0.99007016
openimages500_balanced/07de9510e802a400.jpg,knife,0.6227,0.2322,1.0,0,-0.009786949,0.21722956
openimages500_balanced/07de9510e802a400.jpg,bottle,0.3107,0.186,1.0,0,-0.0038411915,0.040153388
openimages500_balanced/0e88bb0edb41c82c.jpg,fork,0.8157,0.2546,0.0,1,0.01330784,0.5581158
openimages500_balanced/0e88bb0edb41c82c.jpg,knife,0.801,0.2329,1.0,0,0.025509596,0.8767353
openimages500_balanced/0e88bb0edb41c82c.jpg,plate,0.6663,0.1735,0.0,0,-0.035968274,0.018329693
openimages500_balanced/0e88bb0edb41c82c.jpg,plate,0.5713,0.1986,1.0,0,-0.011435717,0.042204343
openimages500_balanced/0e88bb0edb41c82c.jpg,plate,0.5055,0.1815,1.0,0,-0.009742707,0.017926337
openimages500_balanced/1b7fae3b7e77482a.jpg,fork,0.5834,0.2308,0.0,1,0.0036535114,0.33464202
openimages500_balanced/1b7fae3b7e77482a.jpg,spoon,0.5536,0.1866,1.0,1,-0.025911674,0.02341315
openimages500_balanced/1b7fae3b7e77482a.jpg,fork,0.4286,0.2261,0.0,1,0.0013716519,0.113892384
openimages500_balanced/1b7fae3b7e77482a.jpg,knife,0.3989,0.1945,1.0,0,-0.016045317,0.03256674
openimages500_balanced/1b7fae3b7e77482a.jpg,fork,0.3893,0.2603,0.0,1,-0.004311204,0.3280834
openimages500_balanced/1b7fae3b7e77482a.jpg,toy,0.3636,0.2228,1.0,0,0.032117635,0.75377214
openimages500_balanced/1b7fae3b7e77482a.jpg,fork,0.3362,0.2452,0.0,1,-0.0186688,0.09527935
openimages500_balanced/1b7fae3b7e77482a.jpg,fork,0.3177,0.2371,0.0,1,-0.015305147,0.099761255
openimages500_balanced/20406256853c0e5c.jpg,spoon,0.7835,0.2732,0.0,1,0.0076212287,0.67864716
openimages500_balanced/20406256853c0e5c.jpg,fork,0.763,0.2734,0.0,1,0.040679768,0.98096085
openimages500_balanced/20406256853c0e5c.jpg,dining table,0.4156,0.2048,1.0,0,-0.05586016,0.003325949
openimages500_balanced/2c1e31e2accd1b5c.jpg,fork,0.4448,0.1998,1.0,1,-0.009871125,0.08396968
openimages500_balanced/2c1e31e2accd1b5c.jpg,fork,0.3786,0.2057,1.0,1,-0.004355684,0.08479586
openimages500_balanced/2c1e31e2accd1b5c.jpg,spoon,0.3521,0.2324,1.0,0,-0.0023504645,0.218908
openimages500_balanced/3d1110968f4e690e.jpg,fork,0.6808,0.2502,0.0,1,0.015586764,0.6170971
openimages500_balanced/3d1110968f4e690e.jpg,fork,0.4095,0.2399,0.0,1,0.0089477,0.35389557
openimages500_balanced/3f2fee7cf68ec3ff.jpg,fork,0.7045,0.2769,0.0,1,0.002992481,0.55554163
openimages500_balanced/3f2fee7cf68ec3ff.jpg,plate,0.6863,0.1731,1.0,0,-0.02699621,0.055381943
openimages500_balanced/41bf39cbdf4b0a05.jpg,spoon,0.7725,0.2539,0.0,1,0.008490771,0.61560583
openimages500_balanced/41bf39cbdf4b0a05.jpg,fork,0.7622,0.2394,0.0,1,0.0031391382,0.3845995
openimages500_balanced/41bf39cbdf4b0a05.jpg,dining table,0.5486,0.2146,0.0,1,-0.030525818,0.037108082
openimages500_balanced/41bf39cbdf4b0a05.jpg,knife,0.425,0.2385,0.0,0,-0.008488715,0.12980786
openimages500_balanced/01b9021aa05e6e46.jpg,knife,0.8324,0.2379,0.0,1,0.05898732,0.99130917
openimages500_balanced/01b9021aa05e6e46.jpg,knife,0.8061,0.2407,0.0,1,0.060965374,0.99485695
openimages500_balanced/01b9021aa05e6e46.jpg,knife,0.756,0.2275,0.0,1,0.051588133,0.9886446
openimages500_balanced/01b9021aa05e6e46.jpg,knife,0.6035,0.2261,0.0,1,0.018613383,0.42753646
openimages500_balanced/0565bcccb1266f62.jpg,knife,0.7031,0.2629,0.0,1,0.025951192,0.8558475
openimages500_balanced/0565bcccb1266f62.jpg,knife,0.6568,0.249,1.0,1,0.01550144,0.67269087
openimages500_balanced/085622859f9b4eb2.jpg,knife,0.8196,0.245,0.0,1,0.042666316,0.9689632
openimages500_balanced/096c39dfb17068cf.jpg,knife,0.6285,0.2451,0.0,1,0.010701895,0.3732705
openimages500_balanced/09a9a9d1fe0a592a.jpg,knife,0.8044,0.2499,0.0,1,0.047334313,0.97364706
openimages500_balanced/09a9a9d1fe0a592a.jpg,cake,0.5222,0.2294,1.0,0,0.035953492,0.9272502
openimages500_balanced/0d854d62b14b9b92.jpg,knife,0.5706,0.2394,1.0,1,0.037876666,0.95316553
openimages500_balanced/0d854d62b14b9b92.jpg,knife,0.3509,0.2522,1.0,1,0.021937698,0.85033107
openimages500_balanced/0d854d62b14b9b92.jpg,knife,0.3444,0.261,1.0,1,0.046863973,0.97838736
openimages500_balanced/1228bfe2f3dc2d29.jpg,knife,0.5997,0.2334,0.0,1,0.04828438,0.9503285
openimages500_balanced/12b9323540615016.jpg,knife,0.8274,0.2372,0.0,1,0.046025902,0.9633681
openimages500_balanced/1904def4db553499.jpg,knife,0.7615,0.2455,0.0,1,0.011308581,0.63950104
openimages500_balanced/19aaf40e64cdfb7b.jpg,knife,0.5895,0.2422,0.0,1,-0.0054788142,0.29594868
openimages500_balanced/007f71665b0812a7.jpg,tv,0.5834,0.2115,1.0,1,0.04558158,0.94161683
openimages500_balanced/007f71665b0812a7.jpg,tv,0.5678,0.2307,1.0,1,0.031705514,0.9306469
openimages500_balanced/00ec4ba83d648c33.jpg,tv,0.6664,0.1826,1.0,1,-0.019579053,0.019479875
openimages500_balanced/00ec4ba83d648c33.jpg,bottle,0.4151,0.1809,0.0,0,-0.004153833,0.06629664
openimages500_balanced/00ec4ba83d648c33.jpg,chair,0.4022,0.1985,0.0,0,-0.004527539,0.04034328
openimages500_balanced/00ec4ba83d648c33.jpg,tv,0.3905,0.181,0.0,1,-0.024161488,0.025804656
openimages500_balanced/140d247f79fc0516.jpg,tv,0.6801,0.2659,0.0,1,0.031174868,0.91231316
openimages500_balanced/140d247f79fc0516.jpg,chair,0.5868,0.2415,0.0,1,0.014902011,0.64123964
openimages500_balanced/140d247f79fc0516.jpg,chair,0.3866,0.2345,0.0,1,0.003130272,0.19860063
openimages500_balanced/140d247f79fc0516.jpg,book,0.3318,0.2096,0.0,0,-0.0035645217,0.04691656
openimages500_balanced/159f1e673e2b5dd7.jpg,tv,0.6171,0.2225,0.0,1,0.04441318,0.98068136
openimages500_balanced/159f1e673e2b5dd7.jpg,backpack,0.3458,0.1912,0.0,0,-0.0016244203,0.08551904
openimages500_balanced/1f8d2f13a6cd1206.jpg,tv,0.4811,0.1761,0.0,1,-0.025776342,0.047038253
openimages500_balanced/1f8d2f13a6cd1206.jpg,tv,0.4049,0.1758,0.0,1,-0.026802808,0.03839771
openimages500_balanced/24e4a46f7ce04aa6.jpg,tv,0.6404,0.1758,1.0,1,-0.0015164316,0.12541
openimages500_balanced/24e4a46f7ce04aa6.jpg,tv,0.6332,0.192,1.0,1,0.013229132,0.46769008
openimages500_balanced/24e4a46f7ce04aa6.jpg,remote,0.4298,0.2361,0.0,0,0.008964643,0.44984403
openimages500_balanced/24e4a46f7ce04aa6.jpg,mouse,0.3022,0.1804,0.0,0,-0.035111427,0.011252773
openimages500_balanced/24e4a46f7ce04aa6.jpg,chair,0.3,0.197,1.0,0,-0.0049949884,0.15701155
openimages500_balanced/0421a6e230527185.jpg,laptop,0.6029,0.2021,1.0,1,0.014890358,0.44708803
openimages500_balanced/0421a6e230527185.jpg,keyboard,0.5488,0.1802,1.0,0,-0.0060546994,0.044494893
openimages500_balanced/09ea349ee555b61d.jpg,laptop,0.4095,0.1624,1.0,1,0.0013603568,0.3052339
openimages500_balanced/0e09767b7dab9237.jpg,laptop,0.6419,0.1863,1.0,1,-0.053486273,0.0008614074
openimages500_balanced/14be91e9e9170798.jpg,laptop,0.5483,0.2065,1.0,1,-0.062298715,0.0019377312
openimages500_balanced/16bb316c7c76b5a5.jpg,mouse,0.8452,0.245,0.0,0,0.048601627,0.95735174
openimages500_balanced/16bb316c7c76b5a5.jpg,keyboard,0.7763,0.28,0.0,1,0.05976683,0.99540734
openimages500_balanced/16bb316c7c76b5a5.jpg,laptop,0.7649,0.2366,0.0,1,0.031563178,0.9237482
openimages500_balanced/16bb316c7c76b5a5.jpg,bottle,0.4419,0.2352,0.0,0,0.030681431,0.8535659
openimages500_balanced/16bb316c7c76b5a5.jpg,bottle,0.4406,0.2339,0.0,0,0.015206993,0.5471035
openimages500_balanced/16bb316c7c76b5a5.jpg,plate,0.3235,0.1592,0.0,0,-0.036426693,0.013435986
openimages500_balanced/3fe67f409f9db441.jpg,bottle,0.5895,0.1945,0.0,0,0.018097416,0.65159756
openimages500_balanced/3fe67f409f9db441.jpg,laptop,0.5797,0.1643,1.0,1,-0.026216745,0.007270934
openimages500_balanced/3fe67f409f9db441.jpg,laptop,0.4508,0.1595,1.0,1,-0.04363832,0.007952324
openimages500_balanced/3fe67f409f9db441.jpg,doll,0.4093,0.2026,1.0,0,0.007753104,0.5586087
openimages500_balanced/3fe67f409f9db441.jpg,keyboard,0.3436,0.1691,1.0,0,-0.027217671,0.005761233
openimages500_balanced/3fe67f409f9db441.jpg,keyboard,0.3331,0.1702,1.0,0,-0.06836018,0.00046461972
openimages500_balanced/3fefc0feb476ed7e.jpg,laptop,0.6662,0.233,0.0,1,0.05969061,0.98712057
openimages500_balanced/403656193dc35cad.jpg,laptop,0.7358,0.186,1.0,1,-0.03944379,0.0101833
openimages500_balanced/403656193dc35cad.jpg,laptop,0.7186,0.2224,1.0,1,-0.015147969,0.099513374
openimages500_balanced/403656193dc35cad.jpg,keyboard,0.3473,0.1882,0.0,0,-0.013477504,0.02813661
openimages500_balanced/403656193dc35cad.jpg,keyboard,0.3162,0.1874,0.0,0,-0.038057,0.004495569
openimages500_balanced/4342a7037ea1bdea.jpg,laptop,0.7691,0.2195,1.0,1,0.039321557,0.94930184
openimages500_balanced/435d906eb2bbc878.jpg,laptop,0.584,0.2458,0.0,1,0.06738123,0.99448204
openimages500_balanced/1735d6aa0d62cb00.jpg,keyboard,0.721,0.2539,1.0,1,0.060844317,0.9952886
openimages500_balanced/1735d6aa0d62cb00.jpg,tv,0.5105,0.2151,1.0,0,-0.01481767,0.09129934
openimages500_balanced/1f5cf6e96f0e0690.jpg,keyboard,0.6522,0.2788,0.0,1,0.035657987,0.92489254
openimages500_balanced/1f5cf6e96f0e0690.jpg,mouse,0.6245,0.1862,0.0,0,-0.040768698,0.012298984
openimages500_balanced/1f5cf6e96f0e0690.jpg,tv,0.5826,0.1813,0.0,0,0.01599887,0.47992262
openimages500_balanced/1f5cf6e96f0e0690.jpg,mouse,0.4942,0.2042,0.0,0,-0.004902154,0.17774375
openimages500_balanced/20d72fbd291c1f84.jpg,keyboard,0.6808,0.2625,1.0,1,0.05917117,0.99469227
openimages500_balanced/2c9c2d81fff100a2.jpg,keyboard,0.8075,0.226,1.0,1,0.0034540594,0.14688364
openimages500_balanced/2c9c2d81fff100a2.jpg,mouse,0.5227,0.2257,0.0,1,-0.006446108,0.10563101
openimages500_balanced/2c9c2d81fff100a2.jpg,mouse,0.3048,0.1927,0.0,1,-0.032381937,0.013487073
openimages500_balanced/44615bece0a97866.jpg,mouse,0.7861,0.2639,0.0,1,0.04849778,0.98049945
openimages500_balanced/44615bece0a97866.jpg,laptop,0.4194,0.2437,1.0,0,0.017068878,0.3498078
openimages500_balanced/46b3ee69cede9f7c.jpg,laptop,0.8093,0.1953,0.0,1,0.02524969,0.85004306
openimages500_balanced/46b3ee69cede9f7c.jpg,laptop,0.8056,0.2008,0.0,1,0.015888914,0.57319033
openimages500_balanced/46b3ee69cede9f7c.jpg,mouse,0.4831,0.1942,0.0,0,-0.017800242,0.02081488
openimages500_balanced/46b3ee69cede9f7c.jpg,laptop,0.4766,0.1926,1.0,1,0.0031714141,0.247122
openimages500_balanced/46b3ee69cede9f7c.jpg,bottle,0.4759,0.1895,0.0,0,-0.024044335,0.014909909
openimages500_balanced/46b3ee69cede9f7c.jpg,mouse,0.3205,0.1888,0.0,0,-0.012973055,0.027095925
openimages500_balanced/46b3ee69cede9f7c.jpg,keyboard,0.3185,0.2786,0.0,1,0.028512448,0.94060266
openimages500_balanced/46b3ee69cede9f7c.jpg,bottle,0.3094,0.2197,0.0,0,-0.001201883,0.07985894
openimages500_balanced/46b3ee69cede9f7c.jpg,book,0.3068,0.2252,0.0,0,-0.0034681708,0.09061446
openimages500_balanced/46b3ee69cede9f7c.jpg,keyboard,0.3051,0.2576,0.0,1,0.008715987,0.3730476
openimages500_balanced/46b3ee69cede9f7c.jpg,book,0.3027,0.2489,0.0,0,0.03477505,0.70673984
openimages500_balanced/128f92487d754a0c.jpg,mouse,0.6625,0.239,1.0,1,0.04515803,0.9764945
openimages500_balanced/128f92487d754a0c.jpg,mouse,0.5195,0.2678,0.0,1,0.051418275,0.975746
openimages500_balanced/398328305b2ed3d7.jpg,mouse,0.825,0.2603,0.0,1,0.0454697,0.9758381
openimages500_balanced/4e5a06da84daf5d8.jpg,mouse,0.6204,0.2168,0.0,1,0.0049860924,0.24389102
openimages500_balanced/4fe2fb3816b91c44.jpg,mouse,0.3647,0.2174,0.0,1,-0.016535267,0.073157586
openimages500_balanced/579a1a7868334127.jpg,mouse,0.7199,0.2042,0.0,1,-0.018196702,0.01862794
openimages500_balanced/579a1a7868334127.jpg,mouse,0.62,0.2537,0.0,1,-0.0017697215,0.39142355
openimages500_balanced/579a1a7868334127.jpg,keyboard,0.325,0.2194,1.0,0,-0.0049512982,0.09723512
openimages500_balanced/579a1a7868334127.jpg,toy,0.3204,0.2181,0.0,0,-0.020988017,0.0559047
openimages500_balanced/579a1a7868334127.jpg,keyboard,0.3115,0.1616,1.0,0,-0.06477845,0.00069459405
openimages500_balanced/5907a0344543cd13.jpg,mouse,0.7891,0.2747,0.0,1,0.035311982,0.9575871
openimages500_balanced/5907a0344543cd13.jpg,mouse,0.7861,0.2766,0.0,1,0.042493895,0.9722021
openimages500_balanced/5907a0344543cd13.jpg,mouse,0.7837,0.2732,0.0,1,0.0388411,0.9569838
openimages500_balanced/5907a0344543cd13.jpg,mouse,0.7592,0.2725,0.0,1,0.039434284,0.9672468
openimages500_balanced/5907a0344543cd13.jpg,mouse,0.7257,0.2935,1.0,1,0.0618753,0.9956233
openimages500_balanced/6463145caf94b8a6.jpg,mouse,0.8264,0.2162,0.0,1,0.02460587,0.85608184
openimages500_balanced/6ee72e953b30a67b.jpg,mouse,0.8697,0.2494,0.0,1,0.036761418,0.9480968
openimages500_balanced/012dc31b561d4214.jpg,cell phone,0.4421,0.2133,1.0,1,0.038033515,0.96174484
openimages500_balanced/012dc31b561d4214.jpg,keyboard,0.3919,0.0917,1.0,0,-0.11535938,9.671393e-06
openimages500_balanced/012dc31b561d4214.jpg,keyboard,0.3609,0.1934,1.0,0,-0.017698511,0.01156975
openimages500_balanced/012dc31b561d4214.jpg,keyboard,0.3442,0.1979,0.0,0,-0.027966678,0.009009766
openimages500_balanced/043f3655deab6e7c.jpg,cell phone,0.5639,0.2053,0.0,1,0.02315101,0.7358619
openimages500_balanced/0be7e90070cde378.jpg,cell phone,0.5674,0.2104,0.0,1,0.037663758,0.9631769
openimages500_balanced/0c5dc73c4cb7559b.jpg,cell phone,0.4832,0.1572,0.0,1,0.022203937,0.6838611
openimages500_balanced/0c5dc73c4cb7559b.jpg,cell phone,0.4733,0.1306,0.0,1,0.009771824,0.47363755
openimages500_balanced/0d4d1169ecf7e56e.jpg,laptop,0.427,0.2137,1.0,0,-0.025488272,0.07118304
openimages500_balanced/0d4d1169ecf7e56e.jpg,laptop,0.4042,0.2211,1.0,0,0.0033169538,0.10408542
openimages500_balanced/10dda8b9e1534f15.jpg,remote,0.5109,0.2352,0.0,0,0.020407572,0.76396364
openimages500_balanced/10dda8b9e1534f15.jpg,remote,0.403,0.2166,1.0,0,-0.019441634,0.10625432
openimages500_balanced/12e529ac3ceecdb3.jpg,cell phone,0.7368,0.2411,0.0,1,0.015491694,0.7457744
openimages500_balanced/12e529ac3ceecdb3.jpg,cell phone,0.727,0.2393,0.0,1,0.018154025,0.76698995
openimages500_balanced/12e529ac3ceecdb3.jpg,cell phone,0.5325,0.2012,0.0,1,0.031493798,0.73479307
openimages500_balanced/12e529ac3ceecdb3.jpg,cell phone,0.5107,0.2245,1.0,1,-0.018191516,0.13391547
openimages500_balanced/12e529ac3ceecdb3.jpg,bicycle,0.3824,0.162,0.0,0,-0.057963163,0.0008087866
openimages500_balanced/12e529ac3ceecdb3.jpg,cell phone,0.3764,0.2291,0.0,1,0.022952631,0.698971
openimages500_balanced/14dc34954fe89fc2.jpg,cell phone,0.6667,0.1914,1.0,1,0.0078068674,0.34936544
openimages500_balanced/169e92cc01e9e571.jpg,cell phone,0.6624,0.2008,0.0,1,0.023105606,0.88403434
openimages500_balanced/17c496b766f8b5ef.jpg,cell phone,0.8043,0.2401,0.0,1,0.021586314,0.8574263
openimages500_balanced/17c496b766f8b5ef.jpg,plate,0.6682,0.2125,1.0,0,-0.028516471,0.011634806
openimages500_balanced/17c496b766f8b5ef.jpg,plate,0.643,0.217,1.0,0,-0.029061615,0.026833128
openimages500_balanced/17c496b766f8b5ef.jpg,dining table,0.4617,0.1653,1.0,0,-0.06423089,0.0012896274
openimages500_balanced/17c496b766f8b5ef.jpg,mug,0.3918,0.2096,1.0,0,-0.020757005,0.01745248
openimages500_balanced/17c496b766f8b5ef.jpg,spoon,0.3889,0.2384,0.0,0,-0.021523178,0.07405036
openimages500_balanced/17c496b766f8b5ef.jpg,plate,0.3414,0.2257,1.0,0,-0.00974232,0.064245045
openimages500_balanced/3fcd4d7ee5c3b03d.jpg,remote,0.5461,0.2413,0.0,1,0.02765274,0.8717028
openimages500_balanced/3fcd4d7ee5c3b03d.jpg,remote,0.345,0.1992,0.0,1,0.008655861,0.5548914
openimages500_balanced/6347108949f5cbe2.jpg,mouse,0.3304,0.1793,0.0,0,-0.08782408,0.00015082378
openimages500_balanced/8357a23d186680d7.jpg,remote,0.7456,0.282,0.0,1,0.059586957,0.99672073
openimages500_balanced/8357a23d186680d7.jpg,remote,0.7257,0.2664,0.0,1,0.045111895,0.9854087
openimages500_balanced/8357a23d186680d7.jpg,remote,0.6496,0.2827,0.0,1,0.06311494,0.9977443
openimages500_balanced/8357a23d186680d7.jpg,remote,0.5627,0.2693,0.0,1,0.042042285,0.9829352
openimages500_balanced/c48ad3322299db3e.jpg,remote,0.3775,0.2379,1.0,1,0.0062643886,0.6371903
openimages500_balanced/c48ad3322299db3e.jpg,remote,0.3159,0.2291,1.0,1,0.018500522,0.85147923
openimages500_balanced/fa50309ada7120e0.jpg,remote,0.6711,0.2515,0.0,1,0.018407881,0.81073445
openimages500_balanced/0477154c66e5ddcb.jpg,refrigerator,0.8368,0.2515,0.0,1,0.059332028,0.99396306
openimages500_balanced/04b5017f1384f197.jpg,refrigerator,0.7052,0.2479,1.0,1,0.015297115,0.755342
openimages500_balanced/04b5017f1384f197.jpg,bottle,0.6366,0.2598,0.0,0,0.046542272,0.93950707
openimages500_balanced/04f2044207c1bff1.jpg,refrigerator,0.7409,0.2625,1.0,1,0.058140337,0.99534506
openimages500_balanced/04f2044207c1bff1.jpg,bottle,0.4822,0.2454,0.0,0,0.007586494,0.39205867
openimages500_balanced/04f2044207c1bff1.jpg,carrot,0.4518,0.1808,0.0,0,-0.061832085,0.001841079
openimages500_balanced/04f2044207c1bff1.jpg,bottle,0.3462,0.1949,1.0,0,-0.012464896,0.023812745
openimages500_balanced/0b730c49ccf74eae.jpg,refrigerator,0.4579,0.1667,1.0,1,-0.046353757,0.007410789
openimages500_balanced/0b730c49ccf74eae.jpg,donut,0.4279,0.1863,0.0,0,-0.024324417,0.022290915
openimages500_balanced/0b730c49ccf74eae.jpg,donut,0.4178,0.2009,0.0,0,-0.01674141,0.06042692
openimages500_balanced/0b730c49ccf74eae.jpg,donut,0.4118,0.1989,0.0,0,-0.0123761445,0.042787608
openimages500_balanced/0b730c49ccf74eae.jpg,donut,0.4094,0.201,0.0,0,-0.015085056,0.014870008
openimages500_balanced/0b730c49ccf74eae.jpg,donut,0.4079,0.2062,0.0,0,-0.011465818,0.07212397
openimages500_balanced/0b730c49ccf74eae.jpg,donut,0.4032,0.2195,0.0,0,-0.01231204,0.1309581
openimages500_balanced/0b730c49ccf74eae.jpg,donut,0.4003,0.1931,0.0,0,-0.017861202,0.021511635
openimages500_balanced/0b730c49ccf74eae.jpg,donut,0.3992,0.2004,0.0,0,-0.02057907,0.011682862
openimages500_balanced/0b730c49ccf74eae.jpg,donut,0.3933,0.1809,0.0,0,-0.016555578,0.011156458
openimages500_balanced/0b730c49ccf74eae.jpg,donut,0.3861,0.1965,0.0,0,-0.030060038,0.013806956
openimages500_balanced/0b730c49ccf74eae.jpg,donut,0.3851,0.1882,0.0,0,-0.02178894,0.00916869
openimages500_balanced/0b730c49ccf74eae.jpg,donut,0.3847,0.209,0.0,0,-0.008507788,0.047027733
openimages500_balanced/0b730c49ccf74eae.jpg,donut,0.3835,0.2048,0.0,0,-0.016050786,0.04426769
openimages500_balanced/0b730c49ccf74eae.jpg,donut,0.3805,0.1846,0.0,0,-0.020247817,0.02954131
openimages500_balanced/0b730c49ccf74eae.jpg,donut,0.379,0.2068,0.0,0,-0.01721695,0.05188342
openimages500_balanced/0b730c49ccf74eae.jpg,donut,0.3782,0.1821,0.0,0,-0.0076398104,0.04294847
openimages500_balanced/0b730c49ccf74eae.jpg,donut,0.3733,0.2136,0.0,0,-0.0018324256,0.118915714
openimages500_balanced/0b730c49ccf74eae.jpg,donut,0.3726,0.1941,0.0,0,-0.020167708,0.010753561
openimages500_balanced/0b730c49ccf74eae.jpg,donut,0.3715,0.2024,0.0,0,-0.004503697,0.049071353
openimages500_balanced/0b730c49ccf74eae.jpg,donut,0.3669,0.1813,0.0,0,-0.029617444,0.006431009
openimages500_balanced/0b730c49ccf74eae.jpg,donut,0.3662,0.1852,0.0,0,-0.026848853,0.010593519
openimages500_balanced/0b730c49ccf74eae.jpg,donut,0.3639,0.1838,0.0,0,-0.023433417,0.008077835
openimages500_balanced/0b730c49ccf74eae.jpg,donut,0.3419,0.1875,0.0,0,-0.017462477,0.019623661
openimages500_balanced/0b730c49ccf74eae.jpg,donut,0.3225,0.174,0.0,0,-0.013889238,0.015830921
openimages500_balanced/0b730c49ccf74eae.jpg,donut,0.3216,0.209,0.0,0,-0.008708969,0.033141468
openimages500_balanced/0b730c49ccf74eae.jpg,donut,0.3191,0.1848,0.0,0,-0.035601586,0.0045117713
openimages500_balanced/0b730c49ccf74eae.jpg,donut,0.3178,0.1879,0.0,0,-0.033816367,0.003040556
openimages500_balanced/0b730c49ccf74eae.jpg,donut,0.3153,0.1956,0.0,0,-0.008207113,0.03414945
openimages500_balanced/0b730c49ccf74eae.jpg,donut,0.3033,0.1897,0.0,0,-0.02438736,0.0050473115
openimages500_balanced/1459f98b6a04c90e.jpg,bottle,0.7061,0.2408,1.0,0,0.027949467,0.7967944
openimages500_balanced/1459f98b6a04c90e.jpg,bottle,0.6448,0.2222,0.0,0,0.03495936,0.8937636
openimages500_balanced/1459f98b6a04c90e.jpg,bottle,0.6442,0.2603,0.0,0,0.028619632,0.8116716
openimages500_balanced/1459f98b6a04c90e.jpg,refrigerator,0.5853,0.2478,1.0,1,0.050662413,0.9878136
openimages500_balanced/1459f98b6a04c90e.jpg,bottle,0.5582,0.241,0.0,0,0.0125373155,0.63818187
openimages500_balanced/1459f98b6a04c90e.jpg,bottle,0.5378,0.248,1.0,0,0.03238824,0.88535064
openimages500_balanced/1459f98b6a04c90e.jpg,bottle,0.444,0.2062,0.0,0,-0.008522078,0.10243186
openimages500_balanced/1459f98b6a04c90e.jpg,bottle,0.4349,0.1869,0.0,0,-0.015644789,0.014062252
openimages500_balanced/1459f98b6a04c90e.jpg,bottle,0.4112,0.1985,0.0,0,-0.025417224,0.01618093
openimages500_balanced/1459f98b6a04c90e.jpg,bottle,0.3936,0.2242,0.0,0,-0.015222445,0.10400999
openimages500_balanced/1459f98b6a04c90e.jpg,bottle,0.3877,0.2159,0.0,0,0.007654175,0.23231795
openimages500_balanced/1459f98b6a04c90e.jpg,bottle,0.3823,0.2119,0.0,0,-0.00094744563,0.16328871
openimages500_balanced/1459f98b6a04c90e.jpg,bottle,0.3815,0.2335,0.0,0,-0.0015108138,0.1844522
openimages500_balanced/1459f98b6a04c90e.jpg,bottle,0.3691,0.1858,0.0,0,-0.02269809,0.019060059
openimages500_balanced/1459f98b6a04c90e.jpg,bottle,0.367,0.24,0.0,0,0.008862346,0.23319922
openimages500_balanced/1459f98b6a04c90e.jpg,bottle,0.3624,0.2114,0.0,0,-0.0009265542,0.053619023
openimages500_balanced/1459f98b6a04c90e.jpg,bottle,0.3605,0.1979,0.0,0,0.003781885,0.17655332
openimages500_balanced/1459f98b6a04c90e.jpg,bottle,0.3569,0.2343,1.0,0,-0.005129859,0.30841285
openimages500_balanced/1459f98b6a04c90e.jpg,bottle,0.3552,0.2125,0.0,0,0.00519529,0.16020367
openimages500_balanced/1459f98b6a04c90e.jpg,bottle,0.3533,0.2274,0.0,0,0.021037832,0.5176719
openimages500_balanced/1459f98b6a04c90e.jpg,bowl,0.3346,0.2148,0.0,0,0.017776296,0.5366339
openimages500_balanced/1459f98b6a04c90e.jpg,bottle,0.3234,0.2166,1.0,0,0.017683074,0.31188834
openimages500_balanced/1459f98b6a04c90e.jpg,bottle,0.3231,0.2369,0.0,0,0.012519881,0.35433722
openimages500_balanced/1459f98b6a04c90e.jpg,bottle,0.3177,0.1782,0.0,0,-0.030031681,0.008568947
openimages500_balanced/1459f98b6a04c90e.jpg,bottle,0.3169,0.2108,0.0,0,-0.03125283,0.019053152
openimages500_balanced/1459f98b6a04c90e.jpg,bottle,0.3108,0.2423,0.0,0,0.018289596,0.52523434
openimages500_balanced/2523ac25dfbfa2f8.jpg,refrigerator,0.7701,0.2747,1.0,1,0.027484909,0.9231556
openimages500_balanced/2523ac25dfbfa2f8.jpg,microwave,0.7656,0.2966,0.0,1,0.031187147,0.9546748
openimages500_balanced/2523ac25dfbfa2f8.jpg,sink,0.5093,0.2419,1.0,1,0.00603126,0.19342713
openimages500_balanced/2523ac25dfbfa2f8.jpg,couch,0.4519,0.229,0.0,0,-0.0027646422,0.07006481
openimages500_balanced/2523ac25dfbfa2f8.jpg,oven,0.4343,0.2781,0.0,1,0.016230106,0.8299894
openimages500_balanced/2523ac25dfbfa2f8.jpg,sink,0.3519,0.2158,1.0,1,-0.04627548,0.0069311736
openimages500_balanced/3dd40beb8e7f03b9.jpg,microwave,0.7592,0.2517,0.0,1,-0.00092840195,0.28495538
openimages500_balanced/3dd40beb8e7f03b9.jpg,refrigerator,0.7476,0.2744,0.0,1,0.020900548,0.8339417
openimages500_balanced/3dd40beb8e7f03b9.jpg,bottle,0.3873,0.2361,0.0,0,0.023165643,0.75443536
openimages500_balanced/3dd40beb8e7f03b9.jpg,bottle,0.3605,0.2156,0.0,0,0.0136528015,0.6045235
openimages500_balanced/566c52c5dbe43c4a.jpg,refrigerator,0.717,0.2532,1.0,1,0.06337279,0.99472344
openimages500_balanced/566c52c5dbe43c4a.jpg,bottle,0.5658,0.261,0.0,0,0.03937134,0.9380757
openimages500_balanced/566c52c5dbe43c4a.jpg,bottle,0.5318,0.2189,0.0,0,-0.015627384,0.044251364
openimages500_balanced/566c52c5dbe43c4a.jpg,bottle,0.5176,0.235,1.0,0,0.0010642409,0.34918538
openimages500_balanced/566c52c5dbe43c4a.jpg,bottle,0.5,0.188,0.0,0,-0.019680351,0.022863561
openimages500_balanced/566c52c5dbe43c4a.jpg,bottle,0.4883,0.2396,0.0,0,0.022378966,0.46793047
openimages500_balanced/566c52c5dbe43c4a.jpg,bottle,0.4544,0.2175,0.0,0,-0.0029154718,0.25751606
openimages500_balanced/566c52c5dbe43c4a.jpg,bottle,0.4515,0.2397,0.0,0,0.022746816,0.5579652
openimages500_balanced/566c52c5dbe43c4a.jpg,bottle,0.4472,0.212,0.0,0,-0.0075052083,0.16887437
openimages500_balanced/566c52c5dbe43c4a.jpg,bottle,0.4409,0.1747,0.0,0,-0.04512112,0.0023272035
openimages500_balanced/566c52c5dbe43c4a.jpg,bottle,0.4316,0.2563,0.0,0,0.043734327,0.9252246
openimages500_balanced/566c52c5dbe43c4a.jpg,bottle,0.4271,0.2194,0.0,0,-0.006193936,0.07683593
openimages500_balanced/566c52c5dbe43c4a.jpg,bottle,0.4119,0.2491,0.0,0,0.02048026,0.6338237
openimages500_balanced/566c52c5dbe43c4a.jpg,bottle,0.4104,0.193,0.0,0,-0.008269176,0.02426564
openimages500_balanced/566c52c5dbe43c4a.jpg,bottle,0.3996,0.2037,0.0,0,0.00507991,0.19845267
openimages500_balanced/566c52c5dbe43c4a.jpg,bottle,0.3734,0.1779,0.0,0,-0.040592223,0.0059757396
openimages500_balanced/566c52c5dbe43c4a.jpg,bottle,0.3683,0.2028,0.0,0,-0.012247771,0.027704919
openimages500_balanced/566c52c5dbe43c4a.jpg,bottle,0.362,0.2197,0.0,0,-5.851686e-05,0.15395284
openimages500_balanced/566c52c5dbe43c4a.jpg,bottle,0.348,0.2649,0.0,0,0.036736146,0.7854356
openimages500_balanced/566c52c5dbe43c4a.jpg,bottle,0.3392,0.2179,0.0,0,0.034536034,0.7940391
openimages500_balanced/566c52c5dbe43c4a.jpg,bottle,0.3344,0.2196,0.0,0,0.0049705654,0.21291763
openimages500_balanced/566c52c5dbe43c4a.jpg,bottle,0.3329,0.2061,0.0,0,-0.008276552,0.06816647
openimages500_balanced/566c52c5dbe43c4a.jpg,bowl,0.33,0.2034,0.0,0,-0.023183629,0.012514807
openimages500_balanced/566c52c5dbe43c4a.jpg,bottle,0.3186,0.2311,0.0,0,0.006145358,0.4085579
openimages500_balanced/566c52c5dbe43c4a.jpg,bowl,0.3157,0.2012,0.0,0,-0.020784229,0.015418296
openimages500_balanced/566c52c5dbe43c4a.jpg,bottle,0.3056,0.207,1.0,0,-0.003702581,0.064897075
openimages500_balanced/63effbadae784aed.jpg,refrigerator,0.473,0.2302,0.0,1,0.03134148,0.90228736
openimages500_balanced/63effbadae784aed.jpg,bowl,0.439,0.2057,0.0,0,-0.0023338348,0.18487933
openimages500_balanced/63effbadae784aed.jpg,bowl,0.4247,0.2023,0.0,0,-0.008516893,0.04495653
openimages500_balanced/63effbadae784aed.jpg,bowl,0.4039,0.2617,0.0,0,0.026693285,0.71796787
openimages500_balanced/63effbadae784aed.jpg,bowl,0.3879,0.2172,0.0,0,-0.00011894107,0.16909398
openimages500_balanced/63effbadae784aed.jpg,bowl,0.3865,0.1766,0.0,0,-0.02601628,0.008820498
openimages500_balanced/63effbadae784aed.jpg,bowl,0.3751,0.1982,0.0,0,-0.012837842,0.020102352
openimages500_balanced/63effbadae784aed.jpg,bowl,0.3653,0.2515,0.0,0,0.008834392,0.41294083
openimages500_balanced/63effbadae784aed.jpg,bowl,0.3614,0.2401,0.0,0,0.021316737,0.48554063
openimages500_balanced/63effbadae784aed.jpg,bowl,0.35,0.1887,0.0,0,-0.015545696,0.043619946
openimages500_balanced/63effbadae784aed.jpg,bowl,0.3493,0.2146,0.0,0,-0.01589647,0.05565758
openimages500_balanced/63effbadae784aed.jpg,bowl,0.3475,0.2031,0.0,0,-0.02577579,0.01672441
openimages500_balanced/63effbadae784aed.jpg,bowl,0.3367,0.1803,0.0,0,-0.036518604,0.0056862114
openimages500_balanced/63effbadae784aed.jpg,bowl,0.3352,0.2178,0.0,0,-0.012170076,0.088758305
openimages500_balanced/63effbadae784aed.jpg,bowl,0.3347,0.1494,0.0,0,-0.024670169,0.0086967265
openimages500_balanced/63effbadae784aed.jpg,plate,0.3237,0.2147,0.0,0,-0.012526944,0.062010206
openimages500_balanced/63effbadae784aed.jpg,bowl,0.3072,0.2264,0.0,0,0.0019879192,0.09125914
openimages500_balanced/63effbadae784aed.jpg,bowl,0.3058,0.2378,0.0,0,0.010920018,0.3260452
openimages500_balanced/63effbadae784aed.jpg,bowl,0.3049,0.1943,0.0,0,-0.022043616,0.020310247
openimages500_balanced/63effbadae784aed.jpg,bowl,0.3033,0.1945,0.0,0,-0.029446274,0.011027108
openimages500_balanced/701eaffd38f3bdcf.jpg,refrigerator,0.8082,0.177,0.0,1,-0.04877767,0.001082131
openimages500_balanced/701eaffd38f3bdcf.jpg,sink,0.6603,0.2135,1.0,0,-0.009849042,0.03314499
openimages500_balanced/701eaffd38f3bdcf.jpg,bottle,0.6474,0.2512,0.0,0,0.012083724,0.47408265
openimages500_balanced/701eaffd38f3bdcf.jpg,scissors,0.6468,0.2338,0.0,0,0.020569474,0.70811486
openimages500_balanced/701eaffd38f3bdcf.jpg,microwave,0.6441,0.3101,0.0,1,0.0412699,0.98154044
openimages500_balanced/701eaffd38f3bdcf.jpg,oven,0.4857,0.2595,0.0,1,0.015688151,0.8119266
openimages500_balanced/701eaffd38f3bdcf.jpg,bottle,0.4667,0.1846,0.0,0,0.015799701,0.27305204
openimages500_balanced/701eaffd38f3bdcf.jpg,bottle,0.4278,0.2184,0.0,0,0.018854663,0.4346617
openimages500_balanced/701eaffd38f3bdcf.jpg,bottle,0.3998,0.2345,0.0,0,0.018710524,0.33160657
openimages500_balanced/701eaffd38f3bdcf.jpg,bottle,0.382,0.2037,0.0,0,0.009353563,0.27730116
openimages500_balanced/701eaffd38f3bdcf.jpg,bottle,0.3764,0.1935,0.0,0,-0.014294282,0.018109856
openimages500_balanced/701eaffd38f3bdcf.jpg,bowl,0.3741,0.2018,0.0,0,-0.020458356,0.013939077
openimages500_balanced/701eaffd38f3bdcf.jpg,bottle,0.3705,0.2037,0.0,0,0.015753627,0.3464897
openimages500_balanced/701eaffd38f3bdcf.jpg,bottle,0.364,0.2014,0.0,0,0.0058495104,0.11980348
openimages500_balanced/701eaffd38f3bdcf.jpg,bottle,0.3581,0.2386,0.0,0,0.03296104,0.8163393
openimages500_balanced/701eaffd38f3bdcf.jpg,bottle,0.3453,0.1776,0.0,0,-0.017366037,0.018142004
openimages500_balanced/701eaffd38f3bdcf.jpg,bottle,0.3309,0.2057,0.0,0,0.0056015253,0.17446963
openimages500_balanced/701eaffd38f3bdcf.jpg,bottle,0.3251,0.2515,0.0,0,0.027965158,0.7880677
openimages500_balanced/701eaffd38f3bdcf.jpg,bottle,0.3151,0.2401,0.0,0,0.0199406,0.5409624
openimages500_balanced/701eaffd38f3bdcf.jpg,knife,0.3128,0.2258,0.0,0,-0.0107293725,0.14031103
openimages500_balanced/154bb12ff0554141.jpg,oven,0.4497,0.2654,1.0,1,0.0007440448,0.51819736
openimages500_balanced/1c638bccdd166c99.jpg,microwave,0.6722,0.2844,0.0,1,0.057184324,0.99599445
openimages500_balanced/1c638bccdd166c99.jpg,bottle,0.37,0.1986,1.0,0,-0.01603295,0.040994786
openimages500_balanced/1f2dc2f1001d56d7.jpg,oven,0.3914,0.2362,1.0,1,0.013192043,0.50801325
openimages500_balanced/1f2dc2f1001d56d7.jpg,plate,0.3428,0.2103,0.0,0,0.0008780658,0.23599778
openimages500_balanced/3692c7b2c4697ed9.jpg,oven,0.5891,0.2583,1.0,1,0.03480032,0.9670039
openimages500_balanced/3692c7b2c4697ed9.jpg,sink,0.5267,0.2627,0.0,1,0.03188482,0.8198656
openimages500_balanced/3692c7b2c4697ed9.jpg,sink,0.3691,0.1975,0.0,1,-0.05133131,0.0029893513
openimages500_balanced/3692c7b2c4697ed9.jpg,sink,0.3317,0.2394,0.0,1,0.009692162,0.3070231
openimages500_balanced/4d50416ae9b368c1.jpg,microwave,0.7724,0.3179,0.0,1,0.06382713,0.99559814
openimages500_balanced/4d50416ae9b368c1.jpg,refrigerator,0.7432,0.1665,0.0,0,-0.021319717,0.007530168
openimages500_balanced/4d50416ae9b368c1.jpg,bowl,0.4496,0.2378,0.0,0,0.0010678619,0.18509346
openimages500_balanced/4d50416ae9b368c1.jpg,sink,0.439,0.1694,1.0,0,-0.034705132,0.0045069996
openimages500_balanced/4d50416ae9b368c1.jpg,bottle,0.3317,0.1777,0.0,0,-0.043223396,0.006341541
openimages500_balanced/58b5c1b5a4add461.jpg,oven,0.4726,0.2097,1.0,1,-0.0061037093,0.17923914
openimages500_balanced/5b0a470ee1672296.jpg,oven,0.47,0.2781,0.0,1,-0.0072672963,0.28240007
openimages500_balanced/5b0a470ee1672296.jpg,sink,0.4598,0.1827,1.0,1,-0.071379825,0.00032578353
openimages500_balanced/6142a6f0fdcaf904.jpg,oven,0.3726,0.2156,1.0,1,-0.0041099936,0.122346476
openimages500_balanced/10c183f776fe5e73.jpg,toaster,0.6394,0.2034,0.0,0,-0.05639644,0.0027783806
openimages500_balanced/10c183f776fe5e73.jpg,oven,0.6231,0.2571,1.0,1,0.021516472,0.77462846
openimages500_balanced/10c183f776fe5e73.jpg,bowl,0.5891,0.251,0.0,0,0.020895004,0.43505505
openimages500_balanced/10c183f776fe5e73.jpg,sink,0.4618,0.1995,1.0,0,-0.017756954,0.01191798
openimages500_balanced/10c183f776fe5e73.jpg,bottle,0.4532,0.2494,0.0,0,0.037049398,0.84182334
openimages500_balanced/10c183f776fe5e73.jpg,bowl,0.4282,0.2098,0.0,0,0.0075831413,0.10855545
openimages500_balanced/10c183f776fe5e73.jpg,bottle,0.3924,0.2053,0.0,0,-0.008768156,0.04072949
openimages500_balanced/10c183f776fe5e73.jpg,bottle,0.3765,0.1898,0.0,0,-0.034132898,0.012509024
openimages500_balanced/10c183f776fe5e73.jpg,bowl,0.3467,0.1724,0.0,0,-0.035527468,0.0028449146
openimages500_balanced/10c183f776fe5e73.jpg,bowl,0.3139,0.1854,0.0,0,-0.01565826,0.016711714
openimages500_balanced/13959d4be0ed2e5e.jpg,oven,0.5243,0.2329,0.0,1,0.02288732,0.8522112
openimages500_balanced/1c15929e31f4ff7f.jpg,oven,0.4293,0.1963,0.0,1,0.02454497,0.7225416
openimages500_balanced/258d4b14b0a13e52.jpg,oven,0.4002,0.2128,0.0,1,-0.01610884,0.077432595
openimages500_balanced/258d4b14b0a13e52.jpg,oven,0.3855,0.2517,1.0,1,0.034568235,0.9656038
openimages500_balanced/05042cfa44abe4f6.jpg,plate,0.6526,0.2196,0.0,0,-0.03290108,0.015372039
openimages500_balanced/05042cfa44abe4f6.jpg,bottle,0.5807,0.2355,0.0,0,0.0010876209,0.20762251
openimages500_balanced/05042cfa44abe4f6.jpg,sink,0.5191,0.1865,0.0,1,-0.01860547,0.022166966
openimages500_balanced/05042cfa44abe4f6.jpg,mug,0.5081,0.2478,0.0,0,0.03150232,0.7445226
openimages500_balanced/05042cfa44abe4f6.jpg,bottle,0.4632,0.2274,0.0,0,0.033385947,0.8475675
openimages500_balanced/05042cfa44abe4f6.jpg,knife,0.4476,0.2172,0.0,0,-0.00887233,0.08502173
openimages500_balanced/05042cfa44abe4f6.jpg,sink,0.4434,0.2115,0.0,1,-0.017096967,0.023568282
openimages500_balanced/05042cfa44abe4f6.jpg,knife,0.427,0.2023,0.0,0,-0.017602563,0.04417221
openimages500_balanced/05042cfa44abe4f6.jpg,mug,0.4201,0.1611,0.0,0,-0.05532956,0.0012388489
openimages500_balanced/05042cfa44abe4f6.jpg,mug,0.3941,0.1884,0.0,0,-0.014290988,0.031078147
openimages500_balanced/05042cfa44abe4f6.jpg,knife,0.3878,0.205,0.0,0,-0.0023344606,0.17328332
openimages500_balanced/05042cfa44abe4f6.jpg,knife,0.3823,0.2219,0.0,0,-0.0035120696,0.09642002
openimages500_balanced/05042cfa44abe4f6.jpg,knife,0.3606,0.2,0.0,0,-0.01669611,0.053498685
openimages500_balanced/05042cfa44abe4f6.jpg,mug,0.3532,0.1908,0.0,0,-0.026089147,0.010167245
openimages500_balanced/05042cfa44abe4f6.jpg,knife,0.3333,0.2277,0.0,0,-0.020010844,0.08214534
openimages500_balanced/05042cfa44abe4f6.jpg,knife,0.3159,0.2102,0.0,0,-0.00087732077,0.10245842
openimages500_balanced/05042cfa44abe4f6.jpg,sink,0.3151,0.2217,0.0,1,0.0009938627,0.16083373
openimages500_balanced/05a18d04f2f02d4b.jpg,sink,0.4351,0.2203,1.0,1,-0.012404248,0.19143245
openimages500_balanced/066a928c92d07120.jpg,sink,0.4805,0.2496,0.0,1,0.033361703,0.9469168
openimages500_balanced/066a928c92d07120.jpg,teddy bear,0.4101,0.2042,0.0,0,-0.021893844,0.023735302
openimages500_balanced/066a928c92d07120.jpg,bottle,0.4007,0.2515,0.0,0,0.01494126,0.5984645
openimages500_balanced/0af4ba8fd2a7e628.jpg,bottle,0.5053,0.2141,1.0,0,0.0262378,0.8221394
openimages500_balanced/0af4ba8fd2a7e628.jpg,sink,0.4184,0.2671,1.0,1,0.058655858,0.99216026
openimages500_balanced/0e2868759e7a615c.jpg,potted plant,0.7562,0.2637,0.0,0,0.03525707,0.9189291
openimages500_balanced/0e2868759e7a615c.jpg,potted plant,0.6485,0.2394,0.0,0,0.0035417676,0.36654744
openimages500_balanced/0e2868759e7a615c.jpg,potted plant,0.6472,0.2236,0.0,0,-0.0053749233,0.167493
openimages500_balanced/0e2868759e7a615c.jpg,bottle,0.5307,0.2102,0.0,0,-0.001738742,0.21345963
openimages500_balanced/0e2868759e7a615c.jpg,oven,0.4374,0.236,0.0,0,-0.004180476,0.1822957
openimages500_balanced/0e2868759e7a615c.jpg,sink,0.4357,0.1909,0.0,1,-0.02006787,0.012714623
openimages500_balanced/0e2868759e7a615c.jpg,bottle,0.4327,0.22,0.0,0,-0.006942898,0.049061555
openimages500_balanced/0e2868759e7a615c.jpg,sink,0.429,0.2017,0.0,1,-0.025300384,0.011092442
openimages500_balanced/0e2868759e7a615c.jpg,oven,0.3934,0.2057,1.0,0,-0.009756565,0.033910908
openimages500_balanced/0e2868759e7a615c.jpg,potted plant,0.387,0.1904,0.0,0,-0.030644119,0.020461362
openimages500_balanced/0e2868759e7a615c.jpg,microwave,0.3723,0.2244,1.0,0,-0.014545187,0.026714474
openimages500_balanced/0e2868759e7a615c.jpg,potted plant,0.3589,0.2227,0.0,0,0.0009306371,0.1585319
openimages500_balanced/0e2868759e7a615c.jpg,bowl,0.344,0.1973,0.0,0,-0.018277615,0.030484369
openimages500_balanced/0e2868759e7a615c.jpg,vase,0.337,0.2228,0.0,0,-0.00620535,0.22651425
openimages500_balanced/0e2868759e7a615c.jpg,vase,0.3111,0.2272,0.0,0,0.004560843,0.14677122
openimages500_balanced/0e2868759e7a615c.jpg,bowl,0.3034,0.1902,0.0,0,-0.014513105,0.028534316
openimages500_balanced/0e2868759e7a615c.jpg,mug,0.3026,0.1938,0.0,0,-0.0042929053,0.06788005
openimages500_balanced/0e2868759e7a615c.jpg,mug,0.3005,0.1749,0.0,0,-0.020230472,0.019181663
openimages500_balanced/0faf733d08b38efa.jpg,sink,0.4553,0.2252,0.0,1,-0.015329808,0.065119095
openimages500_balanced/0faf733d08b38efa.jpg,sink,0.4532,0.2095,0.0,1,-0.049151912,0.005006798
openimages500_balanced/0faf733d08b38efa.jpg,sink,0.3054,0.2108,0.0,1,-0.016544327,0.044728834
openimages500_balanced/2305e785c4e0bf51.jpg,sink,0.6778,0.2769,0.0,1,0.054945916,0.9933688
openimages500_balanced/3a511ef0f68cc438.jpg,toilet,0.6223,0.2415,0.0,1,-0.0059556663,0.26408342
openimages500_balanced/3a511ef0f68cc438.jpg,sink,0.4007,0.28,0.0,1,0.07128492,0.9969072
openimages500_balanced/0d0719cfd8e417b7.jpg,toilet,0.5998,0.2228,0.0,1,-0.0033378005,0.21019511
openimages500_balanced/17f698ec871569ca.jpg,toilet,0.6761,0.2225,0.0,1,0.018125698,0.63047856
openimages500_balanced/17f698ec871569ca.jpg,toilet,0.6714,0.236,0.0,1,0.02561012,0.7472978
openimages500_balanced/217b95a71cb220f8.jpg,toilet,0.6753,0.2578,0.0,1,0.021314919,0.7836833
openimages500_balanced/2f0a18a409d5a769.jpg,toilet,0.4337,0.2671,1.0,1,0.03416115,0.89505774
openimages500_balanced/2f0a18a409d5a769.jpg,bottle,0.3387,0.2,0.0,0,-0.010082707,0.03424689
openimages500_balanced/2ff2bb609a057f7a.jpg,toilet,0.4187,0.2385,0.0,1,0.038228244,0.91709566
openimages500_balanced/3454c87a14067798.jpg,toilet,0.5537,0.2386,1.0,1,-0.0043354034,0.20044586
openimages500_balanced/3454c87a14067798.jpg,toilet,0.5291,0.2311,1.0,1,0.009306908,0.4755899
openimages500_balanced/3454c87a14067798.jpg,toilet,0.5026,0.2119,1.0,1,-0.04484187,0.004189406
openimages500_balanced/3454c87a14067798.jpg,toilet,0.4235,0.2042,1.0,1,-0.030351728,0.006977429
openimages500_balanced/36d8c654fba5f337.jpg,toilet,0.7263,0.2426,1.0,1,0.023035794,0.83631545
openimages500_balanced/36d8c654fba5f337.jpg,cat,0.4921,0.2253,1.0,0,0.0058627427,0.30243257
openimages500_balanced/36d8c654fba5f337.jpg,toilet,0.3167,0.201,1.0,1,-0.054625988,0.0016784801
openimages500_balanced/40a69f79da2aeaaa.jpg,toilet,0.4924,0.26,1.0,1,0.036759526,0.9363426
openimages500_balanced/27d4b3f273ee822d.jpg,banana,0.4507,0.2629,1.0,0,0.065452695,0.99024385
openimages500_balanced/27d4b3f273ee822d.jpg,banana,0.445,0.2734,1.0,0,0.069515064,0.99453753
openimages500_balanced/27d4b3f273ee822d.jpg,banana,0.3997,0.2783,1.0,0,0.057541683,0.9927222
openimages500_balanced/27d4b3f273ee822d.jpg,banana,0.3981,0.2727,1.0,0,0.06197673,0.99076754
openimages500_balanced/27d4b3f273ee822d.jpg,banana,0.3955,0.269,0.0,0,0.06768659,0.99395
openimages500_balanced/27d4b3f273ee822d.jpg,banana,0.3861,0.2659,1.0,0,0.058984727,0.9886419
openimages500_balanced/27d4b3f273ee822d.jpg,banana,0.3858,0.2761,0.0,0,0.0641236,0.9943251
openimages500_balanced/27d4b3f273ee822d.jpg,banana,0.3836,0.282,1.0,0,0.0648381,0.9948243
openimages500_balanced/27d4b3f273ee822d.jpg,banana,0.3814,0.2844,0.0,0,0.065000504,0.9938758
openimages500_balanced/27d4b3f273ee822d.jpg,banana,0.3669,0.2783,0.0,0,0.04756312,0.9842147
openimages500_balanced/27d4b3f273ee822d.jpg,banana,0.3201,0.2866,0.0,0,0.060614318,0.9938835
openimages500_balanced/356b1b9ddd7e3b22.jpg,banana,0.4627,0.184,1.0,0,-0.036668137,0.006934969
openimages500_balanced/356b1b9ddd7e3b22.jpg,banana,0.452,0.2524,1.0,0,0.06733194,0.99296486
openimages500_balanced/356b1b9ddd7e3b22.jpg,banana,0.4425,0.2808,1.0,0,0.057492495,0.9905543
openimages500_balanced/356b1b9ddd7e3b22.jpg,banana,0.4036,0.2389,1.0,0,0.056273624,0.9801625
openimages500_balanced/356b1b9ddd7e3b22.jpg,banana,0.38,0.2681,1.0,0,0.06550148,0.9924271
openimages500_balanced/356b1b9ddd7e3b22.jpg,bowl,0.3599,0.1945,1.0,0,-0.010102108,0.04023757
openimages500_balanced/356b1b9ddd7e3b22.jpg,banana,0.3313,0.2593,1.0,0,0.06817675,0.99288815
openimages500_balanced/356b1b9ddd7e3b22.jpg,banana,0.3246,0.2776,1.0,0,0.05738084,0.9916517
openimages500_balanced/3b86a77cb70f180d.jpg,banana,0.4322,0.2688,0.0,0,0.06452797,0.99412197
openimages500_balanced/3b86a77cb70f180d.jpg,banana,0.42,0.2754,0.0,0,0.06479856,0.99049544
openimages500_balanced/3b86a77cb70f180d.jpg,banana,0.4062,0.2759,1.0,0,0.05993536,0.99066633
openimages500_balanced/3b86a77cb70f180d.jpg,banana,0.3948,0.2615,1.0,0,0.06266832,0.98666996
openimages500_balanced/3b86a77cb70f180d.jpg,bottle,0.392,0.202,1.0,0,-0.003944099,0.04251091
openimages500_balanced/3b86a77cb70f180d.jpg,banana,0.3893,0.2703,0.0,0,0.058739513,0.9883901
openimages500_balanced/3b86a77cb70f180d.jpg,banana,0.3662,0.2754,0.0,0,0.062468857,0.99121326
openimages500_balanced/53737b934851332b.jpg,banana,0.4333,0.2449,1.0,0,0.06428453,0.98768556
openimages500_balanced/53737b934851332b.jpg,banana,0.3678,0.2708,1.0,0,0.06676501,0.99537235
openimages500_balanced/53737b934851332b.jpg,banana,0.3633,0.2573,0.0,0,0.060451806,0.98925376
openimages500_balanced/53737b934851332b.jpg,banana,0.3556,0.2656,1.0,0,0.05819884,0.9886952
openimages500_balanced/53737b934851332b.jpg,banana,0.3337,0.2725,1.0,0,0.057122886,0.9896646
openimages500_balanced/53737b934851332b.jpg,banana,0.3312,0.2433,1.0,0,0.065366164,0.9904005
openimages500_balanced/53737b934851332b.jpg,banana,0.3105,0.2463,0.0,0,0.06521365,0.9917212
openimages500_balanced/5c2648a41a9e8de2.jpg,plate,0.5074,0.165,1.0,0,-0.024738595,0.024324546
openimages500_balanced/5c2648a41a9e8de2.jpg,dining table,0.3682,0.1788,1.0,0,-0.0433809,0.0050360193
openimages500_balanced/5c2648a41a9e8de2.jpg,sandwich,0.3636,0.1892,0.0,0,-0.007350847,0.10648036
openimages500_balanced/5c2648a41a9e8de2.jpg,sandwich,0.3051,0.1665,0.0,0,-0.0059797466,0.13643004
openimages500_balanced/5ce4d7ca15f2bb3a.jpg,banana,0.429,0.2186,1.0,0,0.061559692,0.98297095
openimages500_balanced/5ce4d7ca15f2bb3a.jpg,banana,0.3891,0.2773,0.0,0,0.041991398,0.933652
openimages500_balanced/5ce4d7ca15f2bb3a.jpg,banana,0.3713,0.2778,0.0,0,0.06514257,0.99544275
openimages500_balanced/5ce4d7ca15f2bb3a.jpg,banana,0.3626,0.2314,0.0,0,0.06170319,0.98890215
openimages500_balanced/5ce4d7ca15f2bb3a.jpg,banana,0.3491,0.2053,0.0,0,-0.0146449655,0.12612104
openimages500_balanced/5ce4d7ca15f2bb3a.jpg,banana,0.3374,0.2642,0.0,0,0.028633416,0.8767463
openimages500_balanced/5ce4d7ca15f2bb3a.jpg,banana,0.335,0.2529,1.0,0,0.056051254,0.98631626
openimages500_balanced/5ce4d7ca15f2bb3a.jpg,banana,0.3209,0.2729,1.0,0,0.06379333,0.9932433
openimages500_balanced/5ce4d7ca15f2bb3a.jpg,banana,0.3197,0.2339,0.0,0,-0.0068611205,0.18948852
openimages500_balanced/5ce4d7ca15f2bb3a.jpg,banana,0.3156,0.1768,1.0,0,-0.011111021,0.020900758
openimages500_balanced/5ce4d7ca15f2bb3a.jpg,banana,0.3098,0.2764,1.0,0,0.042267397,0.9741367
openimages500_balanced/5ce4d7ca15f2bb3a.jpg,banana,0.3093,0.2754,0.0,0,0.04023066,0.9711701
openimages500_balanced/74a44994e3d6b962.jpg,plate,0.6027,0.1775,1.0,0,-0.023871183,0.066793226
openimages500_balanced/74a44994e3d6b962.jpg,banana,0.4533,0.27,0.0,1,0.05502066,0.9857982
openimages500_balanced/74a44994e3d6b962.jpg,banana,0.3945,0.2637,0.0,1,0.06031382,0.9847964
openimages500_balanced/74a44994e3d6b962.jpg,banana,0.3885,0.2705,0.0,1,0.05612439,0.98252743
openimages500_balanced/74a44994e3d6b962.jpg,banana,0.385,0.2712,0.0,1,0.05943398,0.9866
openimages500_balanced/74a44994e3d6b962.jpg,banana,0.3327,0.2495,0.0,1,0.026002198,0.53496385
openimages500_balanced/89ac39a9dc0d169c.jpg,banana,0.4453,0.2397,0.0,0,0.05419895,0.97502226
openimages500_balanced/89ac39a9dc0d169c.jpg,orange,0.3448,0.2384,0.0,0,0.04024732,0.9316493
openimages500_balanced/89ac39a9dc0d169c.jpg,bowl,0.344,0.181,0.0,0,-0.020852596,0.05432571
openimages500_balanced/89ac39a9dc0d169c.jpg,orange,0.3371,0.2556,0.0,0,0.028010532,0.8757183
openimages500_balanced/89ac39a9dc0d169c.jpg,orange,0.3349,0.2454,0.0,0,0.022355556,0.8071442
openimages500_balanced/89ac39a9dc0d169c.jpg,orange,0.328,0.2571,0.0,0,0.03849344,0.94851017
openimages500_balanced/89ac39a9dc0d169c.jpg,orange,0.3157,0.2329,0.0,0,0.024817735,0.8275499
openimages500_balanced/89ac39a9dc0d169c.jpg,orange,0.303,0.2595,0.0,0,0.035993442,0.9455466
openimages500_balanced/89ac39a9dc0d169c.jpg,orange,0.303,0.229,0.0,0,0.019497782,0.6779943
openimages500_balanced/89ac39a9dc0d169c.jpg,banana,0.3025,0.2769,0.0,0,0.06615031,0.9930703
openimages500_balanced/89ac39a9dc0d169c.jpg,bowl,0.3022,0.1918,0.0,0,-0.021202832,0.053093288
openimages500_balanced/8aaa87f397062816.jpg,banana,0.4912,0.2463,1.0,1,0.050175563,0.9673895
openimages500_balanced/8aaa87f397062816.jpg,banana,0.4639,0.2467,1.0,1,0.06446445,0.9871135
openimages500_balanced/ac4836e92d94b93f.jpg,banana,0.6333,0.2607,1.0,0,0.06076555,0.9917896
openimages500_balanced/ac4836e92d94b93f.jpg,banana,0.5483,0.2849,1.0,0,0.06701431,0.9943374
openimages500_balanced/ac4836e92d94b93f.jpg,apple,0.5195,0.2411,0.0,0,0.052583337,0.9758052
openimages500_balanced/ac4836e92d94b93f.jpg,bowl,0.4907,0.239,1.0,0,-0.008730888,0.17802005
openimages500_balanced/ac4836e92d94b93f.jpg,apple,0.4819,0.2583,0.0,0,0.05401267,0.97879225
openimages500_balanced/ac4836e92d94b93f.jpg,apple,0.4659,0.2573,1.0,0,0.05306804,0.9845621
openimages500_balanced/ac4836e92d94b93f.jpg,banana,0.4155,0.2839,1.0,0,0.06302416,0.9938823
openimages500_balanced/ac4836e92d94b93f.jpg,apple,0.4089,0.272,0.0,0,0.026972681,0.8175896
openimages500_balanced/ac4836e92d94b93f.jpg,apple,0.3613,0.2397,0.0,0,-0.002920702,0.36442158
openimages500_balanced/ac4836e92d94b93f.jpg,apple,0.353,0.2495,0.0,0,0.042442203,0.9397339
openimages500_balanced/ac4836e92d94b93f.jpg,apple,0.3448,0.2478,0.0,0,0.041244417,0.9461402
openimages500_balanced/ac4836e92d94b93f.jpg,plate,0.3435,0.2135,1.0,0,-0.032466292,0.016347466
openimages500_balanced/ac4836e92d94b93f.jpg,banana,0.3232,0.2727,0.0,0,0.055526987,0.98602515
openimages500_balanced/ac4836e92d94b93f.jpg,apple,0.3228,0.2666,0.0,0,0.046148956,0.96884346
openimages500_balanced/ac4836e92d94b93f.jpg,apple,0.3165,0.2429,1.0,0,0.044713676,0.970948
openimages500_balanced/ac4836e92d94b93f.jpg,apple,0.3096,0.2161,0.0,0,-0.00018841028,0.21840666
openimages500_balanced/078821d86db99fc9.jpg,apple,0.7737,0.2642,0.0,1,0.06978834,0.99090236
openimages500_balanced/078821d86db99fc9.jpg,apple,0.7482,0.2556,0.0,1,0.06165637,0.98902017
openimages500_balanced/09a06df60e4bdd62.jpg,apple,0.437,0.2549,0.0,0,0.05262512,0.9820455
openimages500_balanced/09a06df60e4bdd62.jpg,apple,0.4257,0.2668,0.0,0,0.041346192,0.9751133
openimages500_balanced/09a06df60e4bdd62.jpg,apple,0.42,0.2363,1.0,0,0.05492592,0.98303246
openimages500_balanced/09a06df60e4bdd62.jpg,apple,0.3967,0.2441,0.0,0,0.05348736,0.9744444
openimages500_balanced/09a06df60e4bdd62.jpg,apple,0.3874,0.2656,0.0,0,0.027818352,0.8882119
openimages500_balanced/09a06df60e4bdd62.jpg,apple,0.3833,0.2622,0.0,0,0.03584802,0.9540878
openimages500_balanced/09a06df60e4bdd62.jpg,apple,0.3796,0.2615,0.0,0,0.04189311,0.97392625
openimages500_balanced/09a06df60e4bdd62.jpg,apple,0.3767,0.2595,0.0,0,0.05542481,0.9880674
openimages500_balanced/09a06df60e4bdd62.jpg,apple,0.3747,0.2483,0.0,0,0.035429835,0.91507673
openimages500_balanced/09a06df60e4bdd62.jpg,apple,0.3642,0.2539,0.0,0,0.05041036,0.9850632
openimages500_balanced/09a06df60e4bdd62.jpg,apple,0.3607,0.2568,0.0,0,0.056174517,0.9881032
openimages500_balanced/09a06df60e4bdd62.jpg,apple,0.3569,0.2544,0.0,0,0.021386236,0.8296523
openimages500_balanced/09a06df60e4bdd62.jpg,apple,0.3496,0.2407,0.0,0,0.047208577,0.97639936
openimages500_balanced/09a06df60e4bdd62.jpg,apple,0.342,0.2651,0.0,0,0.029103339,0.923418
openimages500_balanced/09a06df60e4bdd62.jpg,apple,0.334,0.229,0.0,0,0.04206547,0.9521744
openimages500_balanced/09a06df60e4bdd62.jpg,apple,0.333,0.2334,0.0,0,0.053710893,0.97763944
openimages500_balanced/09a06df60e4bdd62.jpg,apple,0.3303,0.2595,0.0,0,0.05074215,0.9845168
openimages500_balanced/09a06df60e4bdd62.jpg,apple,0.3287,0.2598,0.0,0,0.022140473,0.88528615
openimages500_balanced/09a06df60e4bdd62.jpg,apple,0.3281,0.2715,0.0,0,0.035410166,0.9637606
openimages500_balanced/09a06df60e4bdd62.jpg,apple,0.3227,0.2773,0.0,0,0.04849401,0.98456764
openimages500_balanced/09a06df60e4bdd62.jpg,apple,0.3227,0.2578,0.0,0,0.04649234,0.98046404
openimages500_balanced/09a06df60e4bdd62.jpg,apple,0.3161,0.2598,0.0,0,0.033546776,0.95205617
openimages500_balanced/09a06df60e4bdd62.jpg,apple,0.3155,0.243,0.0,0,0.030218601,0.8636074
openimages500_balanced/09a06df60e4bdd62.jpg,apple,0.3125,0.261,1.0,0,0.0323783,0.94907576
openimages500_balanced/09a06df60e4bdd62.jpg,apple,0.3063,0.2644,0.0,0,0.053312197,0.98945487
openimages500_balanced/09a06df60e4bdd62.jpg,apple,0.3023,0.2625,1.0,0,0.032054618,0.93848765
openimages500_balanced/0fdea8a716155a8e.jpg,apple,0.6902,0.261,0.0,0,0.030675098,0.94880307
openimages500_balanced/0fdea8a716155a8e.jpg,apple,0.6635,0.261,0.0,0,0.045278758,0.9801563
openimages500_balanced/0fdea8a716155a8e.jpg,apple,0.6543,0.259,0.0,0,0.045790642,0.9726404
openimages500_balanced/0fdea8a716155a8e.jpg,apple,0.6521,0.2257,0.0,0,0.04038182,0.96655524
openimages500_balanced/0fdea8a716155a8e.jpg,apple,0.6394,0.2646,0.0,0,0.040920615,0.97257555
openimages500_balanced/0fdea8a716155a8e.jpg,apple,0.6127,0.2377,0.0,0,0.031286955,0.9391432
openimages500_balanced/105433f9d808d18e.jpg,apple,0.8362,0.2781,0.0,1,0.07283886,0.9962398
openimages500_balanced/22cf78f0eb8e7f25.jpg,apple,0.4756,0.2429,1.0,0,0.05449049,0.98830277
openimages500_balanced/22cf78f0eb8e7f25.jpg,apple,0.4002,0.2632,0.0,0,0.04517792,0.98087305
openimages500_balanced/22cf78f0eb8e7f25.jpg,apple,0.3939,0.2505,0.0,0,0.050278097,0.9781295
openimages500_balanced/22cf78f0eb8e7f25.jpg,apple,0.3879,0.2598,0.0,0,0.04735571,0.9809811
openimages500_balanced/22cf78f0eb8e7f25.jpg,apple,0.3844,0.259,0.0,0,0.050213203,0.9838743
openimages500_balanced/22cf78f0eb8e7f25.jpg,apple,0.3814,0.259,0.0,0,0.04747209,0.9842052
openimages500_balanced/22cf78f0eb8e7f25.jpg,apple,0.3781,0.2671,1.0,0,0.048142254,0.97958815
openimages500_balanced/22cf78f0eb8e7f25.jpg,apple,0.3698,0.2603,0.0,0,0.044804484,0.9739716
openimages500_balanced/22cf78f0eb8e7f25.jpg,apple,0.3473,0.2642,0.0,0,0.046282932,0.9734466
openimages500_balanced/22cf78f0eb8e7f25.jpg,apple,0.3441,0.2559,1.0,0,0.048987955,0.97927856
openimages500_balanced/22cf78f0eb8e7f25.jpg,apple,0.3437,0.2593,1.0,0,0.053056777,0.9773086
openimages500_balanced/22cf78f0eb8e7f25.jpg,apple,0.3427,0.2646,0.0,0,0.048443526,0.98481053
openimages500_balanced/22cf78f0eb8e7f25.jpg,apple,0.3411,0.2693,0.0,0,0.052426964,0.9859158
openimages500_balanced/22cf78f0eb8e7f25.jpg,apple,0.3312,0.2441,0.0,0,0.036927864,0.94667506
openimages500_balanced/22cf78f0eb8e7f25.jpg,apple,0.3292,0.2568,1.0,0,0.04797104,0.9784265
openimages500_balanced/22cf78f0eb8e7f25.jpg,apple,0.3244,0.243,0.0,0,0.0471202,0.97966707
openimages500_balanced/22cf78f0eb8e7f25.jpg,apple,0.322,0.2488,1.0,0,0.052146494,0.9790548
openimages500_balanced/22cf78f0eb8e7f25.jpg,apple,0.3216,0.2161,0.0,0,0.045972884,0.9732145
openimages500_balanced/22cf78f0eb8e7f25.jpg,apple,0.3116,0.2559,1.0,0,0.04775895,0.9700337
openimages500_balanced/22cf78f0eb8e7f25.jpg,apple,0.3057,0.2671,1.0,0,0.04847288,0.97087985
openimages500_balanced/22cf78f0eb8e7f25.jpg,apple,0.3036,0.2427,0.0,0,0.043182507,0.9640132
openimages500_balanced/22cf78f0eb8e7f25.jpg,apple,0.3031,0.2537,0.0,0,0.049100295,0.9781089
openimages500_balanced/275f429194a6683a.jpg,apple,0.7404,0.2615,1.0,1,0.045042694,0.9804801
openimages500_balanced/275f429194a6683a.jpg,apple,0.4931,0.2532,1.0,1,0.046562925,0.9811306
openimages500_balanced/2fe4f21e409f0a56.jpg,apple,0.7617,0.252,1.0,1,0.041845426,0.9384209
openimages500_balanced/3e810338e95a9cee.jpg,apple,0.8069,0.272,0.0,1,0.048680663,0.98380095
openimages500_balanced/3eabeff9361b226f.jpg,apple,0.3796,0.1775,1.0,0,0.021730736,0.6211077
openimages500_balanced/3eabeff9361b226f.jpg,apple,0.3326,0.2054,1.0,0,0.022656158,0.79719514
openimages500_balanced/3eabeff9361b226f.jpg,apple,0.3233,0.2515,0.0,0,0.029631346,0.91882765
openimages500_balanced/3eabeff9361b226f.jpg,apple,0.3168,0.2136,0.0,0,-0.027673125,0.041336212
openimages500_balanced/3eabeff9361b226f.jpg,apple,0.3083,0.2367,0.0,0,0.04718809,0.9465796
openimages500_balanced/3eabeff9361b226f.jpg,apple,0.3052,0.2422,1.0,0,0.038871378,0.92358303
openimages500_balanced/40bf94904489c923.jpg,apple,0.4983,0.2467,1.0,0,0.05104196,0.9818441
openimages500_balanced/40bf94904489c923.jpg,apple,0.3714,0.2532,0.0,0,0.047866836,0.97940344
openimages500_balanced/40bf94904489c923.jpg,apple,0.3568,0.269,0.0,0,0.052737772,0.9859095
openimages500_balanced/40bf94904489c923.jpg,apple,0.3501,0.2646,0.0,0,0.0466381,0.9780884
openimages500_balanced/40bf94904489c923.jpg,apple,0.3498,0.2749,0.0,0,0.045939863,0.98302853
openimages500_balanced/40bf94904489c923.jpg,apple,0.3488,0.2676,0.0,0,0.048029095,0.9752244
openimages500_balanced/40bf94904489c923.jpg,apple,0.3452,0.2457,0.0,0,0.04488291,0.97085357
openimages500_balanced/40bf94904489c923.jpg,apple,0.3449,0.2479,0.0,0,0.044027045,0.9765746
openimages500_balanced/40bf94904489c923.jpg,apple,0.3385,0.269,0.0,0,0.048064977,0.9777515
openimages500_balanced/40bf94904489c923.jpg,apple,0.3364,0.2583,0.0,0,0.050523996,0.9855618
openimages500_balanced/40bf94904489c923.jpg,apple,0.3294,0.2598,0.0,0,0.046128243,0.9765928
openimages500_balanced/40bf94904489c923.jpg,apple,0.329,0.2469,0.0,0,0.02614148,0.8921189
openimages500_balanced/40bf94904489c923.jpg,apple,0.3282,0.2546,0.0,0,0.040249556,0.96323925
openimages500_balanced/40bf94904489c923.jpg,apple,0.324,0.2278,0.0,0,-0.013981178,0.1627575
openimages500_balanced/40bf94904489c923.jpg,apple,0.3185,0.2427,0.0,0,0.046787962,0.9767833
openimages500_balanced/40bf94904489c923.jpg,apple,0.3148,0.2688,0.0,0,0.048562378,0.9839093
openimages500_balanced/40bf94904489c923.jpg,apple,0.3132,0.2593,0.0,0,0.053782567,0.98211354
openimages500_balanced/40bf94904489c923.jpg,apple,0.3077,0.2566,0.0,0,0.044721425,0.9784994
openimages500_balanced/40bf94904489c923.jpg,apple,0.3015,0.2573,0.0,0,0.048959687,0.9809538
openimages500_balanced/40bf94904489c923.jpg,apple,0.3012,0.2524,0.0,0,0.042437643,0.9693076
openimages500_balanced/0471d3e80e3b5a37.jpg,orange,0.7194,0.2905,0.0,1,0.07539512,0.99851257
openimages500_balanced/0471d3e80e3b5a37.jpg,orange,0.6472,0.2988,0.0,1,0.07955077,0.99715865
openimages500_balanced/0471d3e80e3b5a37.jpg,orange,0.5599,0.2744,0.0,1,0.04373753,0.9486333
openimages500_balanced/0471d3e80e3b5a37.jpg,plate,0.444,0.1727,1.0,0,-0.10690467,2.2697715e-05
openimages500_balanced/0471d3e80e3b5a37.jpg,orange,0.3418,0.2759,0.0,1,0.07400276,0.9969645
openimages500_balanced/0471d3e80e3b5a37.jpg,orange,0.3352,0.2598,0.0,1,0.03422591,0.84661573
openimages500_balanced/08cd15d3912ca157.jpg,orange,0.7155,0.2698,1.0,1,0.0765439,0.99825865
openimages500_balanced/08cd15d3912ca157.jpg,orange,0.7108,0.2808,0.0,1,0.06763294,0.9953466
openimages500_balanced/08cd15d3912ca157.jpg,orange,0.6717,0.2715,1.0,1,0.077974975,0.9984029
openimages500_balanced/08cd15d3912ca157.jpg,orange,0.5135,0.2598,1.0,1,0.050504982,0.98767704
openimages500_balanced/0b6f22bf3b586889.jpg,orange,0.5531,0.2944,0.0,0,0.06842223,0.9965706
openimages500_balanced/0b6f22bf3b586889.jpg,orange,0.5518,0.2715,0.0,0,0.046554178,0.9822075
openimages500_balanced/0b6f22bf3b586889.jpg,orange,0.5378,0.2688,1.0,0,0.052319676,0.9913789
openimages500_balanced/0b6f22bf3b586889.jpg,orange,0.5087,0.2725,1.0,0,0.056590527,0.9894342
openimages500_balanced/0b6f22bf3b586889.jpg,orange,0.5036,0.2629,1.0,0,0.0359492,0.9582154
openimages500_balanced/0b6f22bf3b586889.jpg,orange,0.5001,0.2856,0.0,0,0.06122321,0.9947231
openimages500_balanced/0b6f22bf3b586889.jpg,orange,0.4968,0.2693,0.0,0,0.05426675,0.9878681
openimages500_balanced/0b6f22bf3b586889.jpg,bowl,0.4795,0.1893,1.0,0,-0.07096329,0.0008203714
openimages500_balanced/0b6f22bf3b586889.jpg,orange,0.4786,0.2673,1.0,0,0.049506098,0.9865487
openimages500_balanced/0b6f22bf3b586889.jpg,orange,0.4433,0.2761,1.0,0,0.056136876,0.9901841
openimages500_balanced/0b6f22bf3b586889.jpg,orange,0.3951,0.2224,1.0,0,0.03259632,0.6370679
openimages500_balanced/0baea327f06f8afb.jpg,orange,0.4466,0.2639,1.0,0,0.07898268,0.99695873
openimages500_balanced/0baea327f06f8afb.jpg,orange,0.4025,0.2698,0.0,0,0.049475968,0.9701064
openimages500_balanced/0baea327f06f8afb.jpg,orange,0.356,0.2668,0.0,0,0.067946225,0.9959487
openimages500_balanced/0baea327f06f8afb.jpg,orange,0.3515,0.2676,0.0,0,0.051726073,0.98734623
openimages500_balanced/0baea327f06f8afb.jpg,orange,0.3494,0.2778,0.0,0,0.05123493,0.9809368
openimages500_balanced/0baea327f06f8afb.jpg,orange,0.3323,0.2632,0.0,0,0.033452496,0.84163135
openimages500_balanced/0baea327f06f8afb.jpg,orange,0.3054,0.2737,1.0,0,0.039473206,0.95146453
openimages500_balanced/0d6db81d71062441.jpg,orange,0.5611,0.2216,0.0,0,0.008181602,0.37126595
openimages500_balanced/0d6db81d71062441.jpg,orange,0.4576,0.1899,0.0,0,-0.013670012,0.018960454
openimages500_balanced/0d6db81d71062441.jpg,orange,0.4409,0.25,0.0,0,0.05735767,0.98955196
openimages500_balanced/0d6db81d71062441.jpg,orange,0.4388,0.1937,1.0,0,-0.004758328,0.06221298
openimages500_balanced/0d6db81d71062441.jpg,orange,0.436,0.1787,1.0,0,-0.008978069,0.025869913
openimages500_balanced/0d6db81d71062441.jpg,orange,0.4205,0.1958,1.0,0,0.0025783926,0.07984178
openimages500_balanced/0d6db81d71062441.jpg,orange,0.3259,0.2316,1.0,0,0.031331673,0.87341213
openimages500_balanced/183d9d5fd2379cf9.jpg,orange,0.6344,0.2805,0.0,1,0.06562391,0.9955772
openimages500_balanced/183d9d5fd2379cf9.jpg,orange,0.6018,0.2883,0.0,1,0.05587268,0.98980135
openimages500_balanced/183d9d5fd2379cf9.jpg,bowl,0.6016,0.1985,0.0,0,-0.052181184,0.0053465986
openimages500_balanced/183d9d5fd2379cf9.jpg,orange,0.5906,0.2435,0.0,1,0.0474025,0.9794616
openimages500_balanced/183d9d5fd2379cf9.jpg,orange,0.5714,0.2788,0.0,1,0.06982365,0.99643624
openimages500_balanced/183d9d5fd2379cf9.jpg,orange,0.3799,0.2313,0.0,1,0.02022864,0.48363474
openimages500_balanced/183d9d5fd2379cf9.jpg,orange,0.3603,0.2588,0.0,1,0.05951281,0.9865165
openimages500_balanced/195157a8957c2b89.jpg,orange,0.7347,0.2668,1.0,1,0.053200528,0.9919527
openimages500_balanced/195157a8957c2b89.jpg,orange,0.6002,0.2874,1.0,1,0.0630856,0.9969798
openimages500_balanced/195157a8957c2b89.jpg,bowl,0.4291,0.1797,1.0,0,-0.09944938,4.7671627e-05
openimages500_balanced/195157a8957c2b89.jpg,orange,0.385,0.2185,1.0,1,0.014781177,0.31665295
openimages500_balanced/195157a8957c2b89.jpg,orange,0.3739,0.2357,1.0,1,0.031537578,0.68241423
openimages500_balanced/195157a8957c2b89.jpg,knife,0.3719,0.2013,1.0,0,-0.0017766804,0.0371928
openimages500_balanced/195157a8957c2b89.jpg,orange,0.3094,0.1812,1.0,1,-0.006267473,0.028384184
openimages500_balanced/1e6efc60e52f7919.jpg,orange,0.7456,0.293,0.0,1,0.06923199,0.99731606
openimages500_balanced/1e6efc60e52f7919.jpg,orange,0.6578,0.29,1.0,1,0.048154086,0.987932
openimages500_balanced/1e6efc60e52f7919.jpg,orange,0.5696,0.2778,1.0,1,0.037035823,0.9426451
openimages500_balanced/1e6efc60e52f7919.jpg,orange,0.4331,0.2417,0.0,1,0.020031959,0.47706202
openimages500_balanced/1e6efc60e52f7919.jpg,orange,0.4227,0.2119,1.0,1,-0.0065384656,0.11234585
openimages500_balanced/1e6efc60e52f7919.jpg,orange,0.4216,0.2671,1.0,1,0.03198254,0.92586
openimages500_balanced/1e6efc60e52f7919.jpg,orange,0.3222,0.2162,1.0,1,0.00795199,0.10940476
openimages500_balanced/1e6efc60e52f7919.jpg,orange,0.312,0.2008,1.0,1,0.004368618,0.06480232
openimages500_balanced/1ec9c56575adf1c5.jpg,orange,0.7972,0.2922,0.0,1,0.057438925,0.99232846
openimages500_balanced/1ec9c56575adf1c5.jpg,orange,0.7942,0.2876,0.0,1,0.05721444,0.9936959
openimages500_balanced/1ec9c56575adf1c5.jpg,orange,0.7815,0.2881,0.0,1,0.045856357,0.9871035
openimages500_balanced/1ec9c56575adf1c5.jpg,plate,0.6013,0.1365,0.0,0,-0.079456806,0.00030601316
openimages500_balanced/1ec9c56575adf1c5.jpg,plate,0.3162,0.1931,1.0,0,-0.006043151,0.03620436
openimages500_balanced/1fc8f9c0630fa13d.jpg,bottle,0.5947,0.1982,0.0,0,-0.029661044,0.04803164
openimages500_balanced/1fc8f9c0630fa13d.jpg,orange,0.4798,0.2455,0.0,1,0.041062683,0.9520833
openimages500_balanced/1fc8f9c0630fa13d.jpg,orange,0.4506,0.2556,0.0,1,0.06433846,0.9914744
openimages500_balanced/1fc8f9c0630fa13d.jpg,orange,0.4273,0.2676,0.0,1,0.057618067,0.98884493
openimages500_balanced/01e30a3f0668d33e.jpg,sandwich,0.6278,0.2323,1.0,1,0.03708279,0.95206064
openimages500_balanced/01e30a3f0668d33e.jpg,sandwich,0.4743,0.2126,1.0,1,0.018972784,0.7910422
openimages500_balanced/17c6e6827d3476c1.jpg,plate,0.6085,0.1686,1.0,0,-0.06619941,0.0013206424
openimages500_balanced/17c6e6827d3476c1.jpg,sandwich,0.5827,0.2676,1.0,1,0.07211937,0.9964641
openimages500_balanced/17c6e6827d3476c1.jpg,sandwich,0.5074,0.2443,0.0,1,0.053863153,0.98361313
openimages500_balanced/17c6e6827d3476c1.jpg,bottle,0.3201,0.1985,1.0,0,-0.027630344,0.016936144
openimages500_balanced/1fc28b889734095e.jpg,sandwich,0.6506,0.2291,1.0,1,0.05868897,0.98522586
openimages500_balanced/1fc28b889734095e.jpg,fork,0.596,0.2805,0.0,0,0.06300841,0.9956573
openimages500_balanced/1fc28b889734095e.jpg,plate,0.3578,0.1932,1.0,0,-0.012150019,0.022866273
openimages500_balanced/21f8c88ebe002ba4.jpg,plate,0.5494,0.1769,1.0,0,-0.03635052,0.017771913
openimages500_balanced/21fc4e8315a8857b.jpg,sandwich,0.7025,0.2588,1.0,1,0.06663014,0.99671423
openimages500_balanced/21fc4e8315a8857b.jpg,sandwich,0.4908,0.2201,1.0,1,-0.032221496,0.022833316
openimages500_balanced/21fc4e8315a8857b.jpg,plate,0.3512,0.2029,1.0,0,-0.063940406,0.0016372848
openimages500_balanced/25a694ee730ba3c2.jpg,plate,0.5997,0.1576,1.0,0,-0.061173648,0.0021451332
openimages500_balanced/25a694ee730ba3c2.jpg,sandwich,0.5843,0.2142,0.0,1,0.047481522,0.9488887
openimages500_balanced/25a694ee730ba3c2.jpg,sandwich,0.5084,0.2421,0.0,1,0.056519,0.96683335
openimages500_balanced/25a694ee730ba3c2.jpg,sandwich,0.4476,0.2588,0.0,1,0.05827087,0.9768102
openimages500_balanced/2d85b29553517db6.jpg,sandwich,0.3999,0.2444,1.0,1,0.07170153,0.99745315
openimages500_balanced/2d85b29553517db6.jpg,plate,0.3438,0.1936,1.0,0,-0.05824402,0.002910065
openimages500_balanced/2d85b29553517db6.jpg,plate,0.3425,0.1907,1.0,0,-0.06255752,0.0019004648
openimages500_balanced/2d85b29553517db6.jpg,plate,0.317,0.1909,1.0,0,-0.03254056,0.008237992
openimages500_balanced/2dfd267c3b7e0492.jpg,sandwich,0.732,0.262,1.0,1,0.067439824,0.996947
openimages500_balanced/2dfd267c3b7e0492.jpg,sandwich,0.6405,0.2507,1.0,1,0.06436837,0.9959073
openimages500_balanced/2ff8bd6655f80049.jpg,sandwich,0.6862,0.2347,1.0,1,0.048281297,0.98799187
openimages500_balanced/2ff8bd6655f80049.jpg,sandwich,0.6358,0.2517,1.0,1,0.040463194,0.9052554
openimages500_balanced/2ff8bd6655f80049.jpg,plate,0.3237,0.2034,1.0,0,-0.05275449,0.0044677015
openimages500_balanced/2ff993d4c111355a.jpg,plate,0.5778,0.1654,1.0,0,-0.04941754,0.0070219925
openimages500_balanced/2ff993d4c111355a.jpg,sandwich,0.5297,0.2274,1.0,1,0.062893,0.99267805
openimages500_balanced/2ff993d4c111355a.jpg,sandwich,0.4705,0.2507,0.0,1,0.06366888,0.99380165
openimages500_balanced/020ec13b99e2bf0c.jpg,cake,0.7677,0.209,0.0,1,0.032454878,0.84770423
openimages500_balanced/020ec13b99e2bf0c.jpg,bowl,0.4114,0.1959,1.0,0,-0.038716674,0.0063113137
openimages500_balanced/0318f95922cc7e6c.jpg,cake,0.8058,0.1763,1.0,1,0.044989258,0.94872314
openimages500_balanced/05758edaa042618a.jpg,cake,0.7631,0.2344,1.0,1,0.055476293,0.98762834
openimages500_balanced/0651508b388d5ff9.jpg,cake,0.5614,0.2588,1.0,1,0.06026146,0.9887599
openimages500_balanced/0651508b388d5ff9.jpg,plate,0.3992,0.2067,1.0,0,-0.026201934,0.016990682
openimages500_balanced/0651508b388d5ff9.jpg,chair,0.3828,0.1689,1.0,0,-0.03153242,0.0062995167
openimages500_balanced/0651508b388d5ff9.jpg,cake,0.3027,0.2307,1.0,1,0.032574415,0.9189422
openimages500_balanced/068b26a89e45a77b.jpg,cake,0.441,0.2296,1.0,0,0.059096932,0.9836639
openimages500_balanced/068b26a89e45a77b.jpg,cake,0.4392,0.2112,1.0,0,0.04320517,0.97462183
openimages500_balanced/068b26a89e45a77b.jpg,cake,0.393,0.2177,1.0,0,0.04351133,0.95933163
openimages500_balanced/068b26a89e45a77b.jpg,cake,0.3029,0.2571,0.0,0,0.047944844,0.91802955
openimages500_balanced/073c0119516166a3.jpg,fork,0.6814,0.2233,0.0,0,-0.009111002,0.2339111
openimages500_balanced/073c0119516166a3.jpg,plate,0.6543,0.1981,1.0,0,-0.05278416,0.0047006337
openimages500_balanced/073c0119516166a3.jpg,cake,0.4366,0.228,0.0,1,0.036759034,0.9598034
openimages500_balanced/07cc303794686d20.jpg,cake,0.5544,0.1686,1.0,1,0.002843067,0.37185332
openimages500_balanced/07cc303794686d20.jpg,cake,0.3857,0.1757,1.0,1,-0.016599044,0.011397643
openimages500_balanced/07cc303794686d20.jpg,dining table,0.3293,0.1716,1.0,0,-0.037181348,0.0034735927
openimages500_balanced/08b38afe6c5fa6cc.jpg,cake,0.671,0.2551,0.0,1,0.05755642,0.99169743
openimages500_balanced/08b38afe6c5fa6cc.jpg,plate,0.643,0.1765,1.0,0,-0.060755745,0.0022654175
openimages500_balanced/09a786d569d8a554.jpg,cake,0.7758,0.2544,1.0,1,0.0555373,0.98543316
openimages500_balanced/09a786d569d8a554.jpg,fork,0.7124,0.2115,1.0,0,-0.013643801,0.19590391
openimages500_balanced/09a786d569d8a554.jpg,bottle,0.3471,0.2109,1.0,0,-0.007923514,0.028127128
openimages500_balanced/0e4d2f7afc5efeee.jpg,donut,0.6985,0.2532,0.0,1,0.06821519,0.99671185
openimages500_balanced/0e4d2f7afc5efeee.jpg,donut,0.5254,0.223,0.0,1,0.012537971,0.5869321
openimages500_balanced/0e4d2f7afc5efeee.jpg,plate,0.3316,0.1357,1.0,0,-0.096977144,6.115068e-05
openimages500_balanced/176408ab2511fc17.jpg,donut,0.8183,0.2559,0.0,1,0.07001051,0.9942106
openimages500_balanced/176408ab2511fc17.jpg,donut,0.8126,0.2664,0.0,1,0.06980431,0.9973092
openimages500_balanced/176408ab2511fc17.jpg,donut,0.7976,0.2598,0.0,1,0.063990995,0.9947601
openimages500_balanced/176408ab2511fc17.jpg,donut,0.7894,0.2681,0.0,1,0.08581424,0.99910814
openimages500_balanced/1dd49a602ada623e.jpg,donut,0.6505,0.2678,0.0,0,0.07318798,0.99728453
openimages500_balanced/1dd49a602ada623e.jpg,donut,0.6434,0.2496,0.0,0,0.081488475,0.9984516
openimages500_balanced/1dd49a602ada623e.jpg,donut,0.4591,0.2725,0.0,0,0.0621901,0.9938968
openimages500_balanced/1dd49a602ada623e.jpg,donut,0.4547,0.2668,0.0,0,0.077785194,0.9979393
openimages500_balanced/1dd49a602ada623e.jpg,donut,0.427,0.1901,0.0,0,-0.01993838,0.01824861
openimages500_balanced/1e3e39601b068e02.jpg,donut,0.8032,0.26,0.0,1,0.078018755,0.99915826
openimages500_balanced/1e3e39601b068e02.jpg,donut,0.7902,0.2585,0.0,1,0.05433999,0.9898739
openimages500_balanced/1e3e39601b068e02.jpg,donut,0.779,0.2639,0.0,1,0.071953446,0.9983588
openimages500_balanced/1e3e39601b068e02.jpg,donut,0.7739,0.2607,0.0,1,0.06421411,0.99745804
openimages500_balanced/1e3e39601b068e02.jpg,donut,0.7725,0.2595,0.0,1,0.040016085,0.9800459
openimages500_balanced/1e3e39601b068e02.jpg,donut,0.7715,0.2515,0.0,1,0.05756536,0.9936063
openimages500_balanced/1e3e39601b068e02.jpg,donut,0.771,0.27,0.0,1,0.047204167,0.98929673
openimages500_balanced/1e3e39601b068e02.jpg,donut,0.7607,0.2766,0.0,1,0.06897551,0.99668354
openimages500_balanced/1e3e39601b068e02.jpg,donut,0.7607,0.2266,0.0,1,0.03951545,0.96706766
openimages500_balanced/1e3e39601b068e02.jpg,donut,0.7605,0.2778,0.0,1,0.07354659,0.9979532
openimages500_balanced/1e3e39601b068e02.jpg,donut,0.7527,0.243,0.0,1,0.047788635,0.9838996
openimages500_balanced/1e3e39601b068e02.jpg,donut,0.7511,0.2627,0.0,1,0.049723133,0.990117
openimages500_balanced/1e3e39601b068e02.jpg,donut,0.7456,0.2434,0.0,1,0.005404398,0.59872824
openimages500_balanced/1e3e39601b068e02.jpg,donut,0.719,0.2634,0.0,1,0.05334936,0.99166214
openimages500_balanced/1e3e39601b068e02.jpg,donut,0.7027,0.2322,0.0,1,0.034469485,0.96256214
openimages500_balanced/1e3e39601b068e02.jpg,donut,0.6741,0.2426,0.0,1,0.047468483,0.9847453
openimages500_balanced/1e3e39601b068e02.jpg,plate,0.5688,0.1671,1.0,0,-0.07299051,0.00066447357
openimages500_balanced/2593eb791702e743.jpg,donut,0.6307,0.2482,1.0,1,0.032860905,0.9607734
openimages500_balanced/2f0a17000bfabce8.jpg,donut,0.5133,0.2632,0.0,0,0.052021056,0.9797856
openimages500_balanced/2f0a17000bfabce8.jpg,donut,0.5106,0.2537,0.0,0,0.0045784116,0.5631444
openimages500_balanced/2f0a17000bfabce8.jpg,donut,0.5089,0.2573,0.0,0,0.019545764,0.7599332
openimages500_balanced/2f0a17000bfabce8.jpg,donut,0.5024,0.2524,0.0,0,0.0114611685,0.47678268
openimages500_balanced/2f0a17000bfabce8.jpg,donut,0.4889,0.2688,0.0,0,0.03777948,0.93094224
openimages500_balanced/2f0a17000bfabce8.jpg,donut,0.4877,0.2656,0.0,0,0.05776301,0.98968226
openimages500_balanced/2f0a17000bfabce8.jpg,donut,0.4776,0.2642,0.0,0,0.071254626,0.9955107
openimages500_balanced/2f0a17000bfabce8.jpg,donut,0.468,0.2522,0.0,0,0.055325374,0.98768604
openimages500_balanced/2f0a17000bfabce8.jpg,plate,0.4647,0.1743,1.0,0,-0.08345756,0.00023376575
openimages500_balanced/2f0a17000bfabce8.jpg,donut,0.4585,0.2632,0.0,0,0.041404366,0.9267642
openimages500_balanced/2f0a17000bfabce8.jpg,donut,0.406,0.2539,0.0,0,0.044151843,0.97004336
openimages500_balanced/2f0a17000bfabce8.jpg,donut,0.3994,0.2268,0.0,0,0.009799629,0.417488
openimages500_balanced/2f0a17000bfabce8.jpg,donut,0.3961,0.1943,0.0,0,-0.03283164,0.009533751
openimages500_balanced/2f0a17000bfabce8.jpg,donut,0.3812,0.1801,0.0,0,-0.020146713,0.017046893
openimages500_balanced/2f0a17000bfabce8.jpg,donut,0.3149,0.2546,0.0,0,0.03243342,0.8800262
openimages500_balanced/42912153cba51c7e.jpg,mouse,0.5897,0.2524,1.0,0,0.035453886,0.7939002
openimages500_balanced/42912153cba51c7e.jpg,donut,0.5079,0.2085,0.0,1,-0.00016155839,0.24476488
openimages500_balanced/430d03f3c3b7e32c.jpg,donut,0.7502,0.2798,0.0,1,0.06676626,0.9970181
openimages500_balanced/430d03f3c3b7e32c.jpg,plate,0.69,0.1543,0.0,0,-0.09965867,4.6813027e-05
openimages500_balanced/48d12b12b1e67843.jpg,donut,0.7254,0.2595,0.0,0,0.06116134,0.9937855
openimages500_balanced/48d12b12b1e67843.jpg,donut,0.7003,0.2416,0.0,0,0.05213338,0.9899755
openimages500_balanced/48d12b12b1e67843.jpg,donut,0.6806,0.2412,0.0,0,0.0034187138,0.5492287
openimages500_balanced/48d12b12b1e67843.jpg,donut,0.6708,0.2568,1.0,0,0.054072946,0.99171114
openimages500_balanced/48d12b12b1e67843.jpg,donut,0.668,0.2654,0.0,0,0.010153204,0.6263565
openimages500_balanced/48d12b12b1e67843.jpg,donut,0.6629,0.2703,0.0,0,0.052090406,0.9843168
openimages500_balanced/48d12b12b1e67843.jpg,donut,0.6256,0.2527,0.0,0,0.034379467,0.93197125
openimages500_balanced/48d12b12b1e67843.jpg,donut,0.5194,0.2222,0.0,0,0.034524962,0.9082717
openimages500_balanced/48d12b12b1e67843.jpg,donut,0.4978,0.2426,0.0,0,0.003614679,0.38240132
openimages500_balanced/48d12b12b1e67843.jpg,donut,0.4895,0.2429,1.0,0,-0.0017890185,0.33676806
openimages500_balanced/48d12b12b1e67843.jpg,donut,0.4642,0.207,1.0,0,-0.011611208,0.028047314
openimages500_balanced/48d12b12b1e67843.jpg,donut,0.4039,0.2462,0.0,0,0.009356454,0.58761644
openimages500_balanced/48d12b12b1e67843.jpg,donut,0.3917,0.2637,0.0,0,0.029822111,0.8712571
openimages500_balanced/48d12b12b1e67843.jpg,plate,0.3437,0.1511,1.0,0,-0.0697723,0.0009165387
openimages500_balanced/48d12b12b1e67843.jpg,donut,0.3094,0.2124,0.0,0,-0.015625745,0.018336281
openimages500_balanced/006389262f7ba7f1.jpg,pizza,0.7673,0.2357,1.0,1,0.042801887,0.96916294
openimages500_balanced/0069e8be6d4f66f0.jpg,pizza,0.8085,0.2666,0.0,1,0.040331826,0.9686881
openimages500_balanced/04835d2d8eb828f1.jpg,pizza,0.6823,0.2098,1.0,1,0.019215688,0.6788847
openimages500_balanced/04835d2d8eb828f1.jpg,oven,0.3402,0.2211,1.0,0,-0.032678425,0.0329258
openimages500_balanced/059bbdbdb843af6a.jpg,pizza,0.7642,0.2443,0.0,1,0.041662544,0.97629005
openimages500_balanced/0cf55e9f5c710686.jpg,pizza,0.7307,0.2314,1.0,1,0.04690367,0.9745076
openimages500_balanced/0cf55e9f5c710686.jpg,fork,0.6818,0.2249,1.0,0,0.003617391,0.2561964
openimages500_balanced/0cf55e9f5c710686.jpg,knife,0.6088,0.178,1.0,0,-0.009921625,0.023540579
openimages500_balanced/103cadacd19f2c80.jpg,pizza,0.6975,0.259,1.0,1,0.046646446,0.9777439
openimages500_balanced/103cadacd19f2c80.jpg,plate,0.4131,0.2217,1.0,0,-0.046111047,0.009191636
openimages500_balanced/103cadacd19f2c80.jpg,plate,0.32,0.1826,1.0,0,-0.008884475,0.029624188
openimages500_balanced/1047925fd28f2b9f.jpg,pizza,0.6022,0.2489,1.0,1,0.034289986,0.94112927
openimages500_balanced/1dad771aeed1ded2.jpg,pizza,0.7086,0.2084,0.0,1,0.009453863,0.5835369
openimages500_balanced/1dcb5c5f7b87bd90.jpg,pizza,0.7712,0.2281,1.0,1,0.042848438,0.96591526
openimages500_balanced/1dcb5c5f7b87bd90.jpg,plate,0.305,0.2056,0.0,0,-0.01719287,0.037952676
openimages500_balanced/2077c0619979f100.jpg,pizza,0.6905,0.2795,0.0,1,0.042500153,0.97659636
openimages500_balanced/00385794700c832e.jpg,carrot,0.4525,0.2195,1.0,0,-0.0063768625,0.18813306
openimages500_balanced/00385794700c832e.jpg,carrot,0.3538,0.2159,1.0,0,-0.016431212,0.08032692
openimages500_balanced/00385794700c832e.jpg,carrot,0.3283,0.2041,0.0,0,-0.021367371,0.052528515
openimages500_balanced/00385794700c832e.jpg,carrot,0.3008,0.2041,0.0,0,-0.0011341274,0.1364771
openimages500_balanced/00ccda615ec9731d.jpg,carrot,0.4526,0.2426,1.0,0,0.059018925,0.9945373
openimages500_balanced/00ccda615ec9731d.jpg,mug,0.3644,0.2209,1.0,0,0.020136565,0.625283
openimages500_balanced/00ccda615ec9731d.jpg,carrot,0.3129,0.2023,0.0,0,-0.017585129,0.017871004
openimages500_balanced/0b5ab3924ef1fc74.jpg,carrot,0.5722,0.2871,0.0,0,0.04755494,0.98979855
openimages500_balanced/0b5ab3924ef1fc74.jpg,carrot,0.5438,0.2795,0.0,0,0.023656964,0.9092027
openimages500_balanced/0b5ab3924ef1fc74.jpg,carrot,0.5288,0.2761,0.0,0,0.011836559,0.7468232
openimages500_balanced/0b5ab3924ef1fc74.jpg,carrot,0.5217,0.2659,0.0,0,0.027230829,0.91398525
openimages500_balanced/0b5ab3924ef1fc74.jpg,carrot,0.5054,0.2463,0.0,0,-0.0178615,0.14049156
openimages500_balanced/0b5ab3924ef1fc74.jpg,carrot,0.5021,0.2581,1.0,0,0.014766365,0.7360419
openimages500_balanced/0b5ab3924ef1fc74.jpg,carrot,0.4763,0.2722,0.0,0,0.04618621,0.9870854
openimages500_balanced/0b5ab3924ef1fc74.jpg,carrot,0.4717,0.2517,0.0,0,-0.019563198,0.11717907
openimages500_balanced/0b5ab3924ef1fc74.jpg,chair,0.4713,0.2092,1.0,0,-0.0020871311,0.061622594
openimages500_balanced/0b5ab3924ef1fc74.jpg,carrot,0.4567,0.27,0.0,0,-0.0004324019,0.48458034
openimages500_balanced/0b5ab3924ef1fc74.jpg,carrot,0.4455,0.2456,0.0,0,-0.026922971,0.06208201
openimages500_balanced/0b5ab3924ef1fc74.jpg,carrot,0.4224,0.2776,1.0,0,0.047699705,0.9896039
openimages500_balanced/0b5ab3924ef1fc74.jpg,plate,0.4105,0.1672,1.0,0,-0.0818257,0.00016222562
openimages500_balanced/0b5ab3924ef1fc74.jpg,carrot,0.3569,0.1871,1.0,0,-0.029910862,0.0055053364
openimages500_balanced/0b5ab3924ef1fc74.jpg,carrot,0.3553,0.2217,0.0,0,-0.016528457,0.07747088
openimages500_balanced/0b5ab3924ef1fc74.jpg,carrot,0.3405,0.2627,0.0,0,0.0044524074,0.5986915
openimages500_balanced/0b5ab3924ef1fc74.jpg,carrot,0.332,0.2517,0.0,0,-0.018036395,0.13499008
openimages500_balanced/0b5ab3924ef1fc74.jpg,carrot,0.3099,0.2571,1.0,0,-0.005792618,0.35677266
openimages500_balanced/0b5ab3924ef1fc74.jpg,carrot,0.3055,0.2296,0.0,0,-0.032551855,0.036129896
openimages500_balanced/0dede6be1db1e43d.jpg,carrot,0.4946,0.2776,0.0,0,0.03287953,0.9615643
openimages500_balanced/0dede6be1db1e43d.jpg,carrot,0.4801,0.2739,0.0,0,0.018140197,0.8579258
openimages500_balanced/0dede6be1db1e43d.jpg,carrot,0.4725,0.2717,1.0,0,0.040164053,0.9800229
openimages500_balanced/0dede6be1db1e43d.jpg,carrot,0.4438,0.2693,0.0,0,0.046786442,0.9856199
openimages500_balanced/0dede6be1db1e43d.jpg,carrot,0.4377,0.2561,0.0,0,0.022040442,0.8685553
openimages500_balanced/0dede6be1db1e43d.jpg,carrot,0.425,0.2744,1.0,0,0.010129809,0.7323656
openimages500_balanced/0dede6be1db1e43d.jpg,carrot,0.4198,0.2639,0.0,0,0.014292657,0.77973163
openimages500_balanced/0dede6be1db1e43d.jpg,carrot,0.4172,0.26,0.0,0,0.061126247,0.9969797
openimages500_balanced/0dede6be1db1e43d.jpg,carrot,0.4064,0.2922,1.0,0,0.040362567,0.98153657
openimages500_balanced/0dede6be1db1e43d.jpg,carrot,0.4046,0.26,1.0,0,0.048415795,0.99019265
openimages500_balanced/0dede6be1db1e43d.jpg,carrot,0.3862,0.2773,1.0,0,0.022615373,0.9026693
openimages500_balanced/0dede6be1db1e43d.jpg,carrot,0.356,0.2368,0.0,0,-0.015359372,0.09565084
openimages500_balanced/0dede6be1db1e43d.jpg,carrot,0.3255,0.2603,0.0,0,0.025275767,0.91994464
openimages500_balanced/0dede6be1db1e43d.jpg,carrot,0.3211,0.2505,0.0,0,0.0020453334,0.4657518
openimages500_balanced/0dede6be1db1e43d.jpg,carrot,0.3102,0.2715,1.0,0,0.045947045,0.98614466
openimages500_balanced/0dede6be1db1e43d.jpg,carrot,0.3095,0.2094,0.0,0,-0.020071074,0.077361286
openimages500_balanced/0dede6be1db1e43d.jpg,carrot,0.3029,0.2607,1.0,0,-0.0005610883,0.45992365
openimages500_balanced/1caf078c6f6cbfed.jpg,carrot,0.5201,0.2827,0.0,0,0.03987816,0.9791622
openimages500_balanced/1caf078c6f6cbfed.jpg,carrot,0.4967,0.2729,0.0,0,0.020524412,0.88051194
openimages500_balanced/1caf078c6f6cbfed.jpg,carrot,0.4875,0.2598,1.0,0,0.0016297698,0.48586494
openimages500_balanced/1caf078c6f6cbfed.jpg,carrot,0.4664,0.2834,1.0,0,0.021321118,0.8781096
openimages500_balanced/1caf078c6f6cbfed.jpg,carrot,0.4661,0.2822,0.0,0,0.00537318,0.61919844
openimages500_balanced/1caf078c6f6cbfed.jpg,carrot,0.4361,0.2695,1.0,0,0.045765907,0.98256725
openimages500_balanced/1caf078c6f6cbfed.jpg,carrot,0.4244,0.2085,1.0,0,-0.016314432,0.055247296
openimages500_balanced/1caf078c6f6cbfed.jpg,carrot,0.3943,0.2378,1.0,0,0.04717073,0.98625076
openimages500_balanced/1caf078c6f6cbfed.jpg,carrot,0.3902,0.2561,1.0,0,-0.018207192,0.12753463
openimages500_balanced/1caf078c6f6cbfed.jpg,carrot,0.3883,0.2318,1.0,0,-0.018475547,0.0861199
openimages500_balanced/1caf078c6f6cbfed.jpg,carrot,0.3664,0.2322,1.0,0,-0.027179673,0.0361707
openimages500_balanced/1caf078c6f6cbfed.jpg,carrot,0.3268,0.1843,1.0,0,-0.0201907,0.01283469
openimages500_balanced/1caf078c6f6cbfed.jpg,carrot,0.3256,0.1841,0.0,0,-0.013002798,0.027641572
openimages500_balanced/1caf078c6f6cbfed.jpg,carrot,0.3254,0.2112,1.0,0,-0.039809257,0.008564932
openimages500_balanced/1caf078c6f6cbfed.jpg,carrot,0.3062,0.2023,1.0,0,-0.03236948,0.015147741
openimages500_balanced/241225364ed50be8.jpg,carrot,0.4507,0.2457,0.0,0,-0.015674174,0.13425805
openimages500_balanced/241225364ed50be8.jpg,carrot,0.3986,0.2225,1.0,0,-0.0104548335,0.10404332
openimages500_balanced/241225364ed50be8.jpg,carrot,0.3797,0.2817,0.0,0,0.014149964,0.78339815
openimages500_balanced/241225364ed50be8.jpg,carrot,0.379,0.2673,0.0,0,0.010583162,0.71434
openimages500_balanced/241225364ed50be8.jpg,carrot,0.3544,0.2612,0.0,0,0.008690685,0.6737019
openimages500_balanced/241225364ed50be8.jpg,carrot,0.3486,0.2487,0.0,0,-0.0011390448,0.4429693
openimages500_balanced/241225364ed50be8.jpg,plate,0.3394,0.1782,1.0,0,-0.07626428,0.00047271774
openimages500_balanced/241225364ed50be8.jpg,carrot,0.3239,0.2463,0.0,0,-0.0071488917,0.28643227
openimages500_balanced/241225364ed50be8.jpg,carrot,0.323,0.2217,0.0,0,-0.017354384,0.055598374
openimages500_balanced/241225364ed50be8.jpg,carrot,0.3212,0.2598,0.0,0,0.005011022,0.5962386
openimages500_balanced/241225364ed50be8.jpg,carrot,0.315,0.2445,0.0,0,-0.016565815,0.14351203
openimages500_balanced/2601272daf82eec5.jpg,carrot,0.715,0.2834,0.0,1,0.05591774,0.9930068
openimages500_balanced/2601272daf82eec5.jpg,knife,0.6992,0.2678,1.0,1,0.042156667,0.95574313
openimages500_balanced/2601272daf82eec5.jpg,carrot,0.6892,0.2307,0.0,1,0.029989198,0.9210457
openimages500_balanced/2601272daf82eec5.jpg,carrot,0.3789,0.2251,0.0,1,0.002589509,0.47651917
openimages500_balanced/34bc8224df318db9.jpg,apple,0.7748,0.2445,1.0,0,0.0019544512,0.5053075
openimages500_balanced/34bc8224df318db9.jpg,orange,0.6949,0.2747,0.0,0,0.045952916,0.9618936
openimages500_balanced/34bc8224df318db9.jpg,carrot,0.577,0.2808,0.0,0,0.058696836,0.9948488
openimages500_balanced/34bc8224df318db9.jpg,carrot,0.5586,0.2537,0.0,0,0.014360487,0.74457014
openimages500_balanced/34bc8224df318db9.jpg,carrot,0.5581,0.2905,0.0,0,0.04932922,0.99155915
openimages500_balanced/34bc8224df318db9.jpg,carrot,0.5499,0.2715,0.0,0,0.031513363,0.9480846
openimages500_balanced/34bc8224df318db9.jpg,carrot,0.5462,0.2664,0.0,0,0.016784042,0.7839048
openimages500_balanced/34bc8224df318db9.jpg,carrot,0.5155,0.28,1.0,0,0.041985065,0.98364174
openimages500_balanced/34bc8224df318db9.jpg,carrot,0.5058,0.2006,0.0,0,-0.02808091,0.025408247
openimages500_balanced/34bc8224df318db9.jpg,carrot,0.5051,0.2627,0.0,0,0.017920882,0.8138374
openimages500_balanced/34bc8224df318db9.jpg,carrot,0.4732,0.2158,0.0,0,-0.02068764,0.054743096
openimages500_balanced/34bc8224df318db9.jpg,carrot,0.4609,0.2223,1.0,0,-0.005659893,0.24566759
openimages500_balanced/34bc8224df318db9.jpg,carrot,0.4598,0.1995,0.0,0,-0.01774779,0.05728544
openimages500_balanced/34bc8224df318db9.jpg,dining table,0.3092,0.1733,1.0,0,-0.0785107,0.0003736543
openimages500_balanced/37da985a8722e8b3.jpg,carrot,0.4561,0.2856,0.0,0,0.07146317,0.99869895
openimages500_balanced/37da985a8722e8b3.jpg,carrot,0.4501,0.2798,0.0,0,0.059562907,0.996086
openimages500_balanced/37da985a8722e8b3.jpg,carrot,0.4489,0.2732,0.0,0,0.043401092,0.98285633
openimages500_balanced/37da985a8722e8b3.jpg,carrot,0.4447,0.282,0.0,0,0.05369559,0.9932139
openimages500_balanced/37da985a8722e8b3.jpg,carrot,0.4388,0.2869,0.0,0,0.06540103,0.9978356
openimages500_balanced/37da985a8722e8b3.jpg,carrot,0.4204,0.2751,0.0,0,0.05080548,0.9880823
openimages500_balanced/37da985a8722e8b3.jpg,carrot,0.4176,0.2739,0.0,0,0.04206094,0.97561204
openimages500_balanced/37da985a8722e8b3.jpg,carrot,0.3982,0.1992,0.0,0,-0.013183594,0.03374505
openimages500_balanced/37da985a8722e8b3.jpg,carrot,0.3967,0.1953,0.0,0,-0.019660383,0.024076412
openimages500_balanced/37da985a8722e8b3.jpg,carrot,0.3913,0.2681,0.0,0,0.035140216,0.9580398
openimages500_balanced/37da985a8722e8b3.jpg,carrot,0.3908,0.2018,0.0,0,-0.017622307,0.08844883
openimages500_balanced/37da985a8722e8b3.jpg,carrot,0.3827,0.2622,0.0,0,0.047175407,0.98323154
openimages500_balanced/37da985a8722e8b3.jpg,carrot,0.3799,0.2007,0.0,0,-0.009286821,0.03897571
openimages500_balanced/37da985a8722e8b3.jpg,carrot,0.3718,0.2372,0.0,0,0.009075463,0.32328743
openimages500_balanced/37da985a8722e8b3.jpg,carrot,0.3586,0.1985,0.0,0,-0.014246866,0.01769968
openimages500_balanced/37da985a8722e8b3.jpg,carrot,0.3436,0.1862,0.0,0,-0.0016161948,0.054015417
openimages500_balanced/37da985a8722e8b3.jpg,carrot,0.3309,0.1934,0.0,0,-0.02728884,0.01509769
openimages500_balanced/37da985a8722e8b3.jpg,carrot,0.3299,0.1925,0.0,0,-0.021431819,0.013333859
openimages500_balanced/3a8ab5b4b3c45cc6.jpg,carrot,0.5646,0.2756,0.0,1,0.05330628,0.9927126
openimages500_balanced/3a8ab5b4b3c45cc6.jpg,carrot,0.5619,0.2778,0.0,1,0.048168764,0.9898213
openimages500_balanced/3a8ab5b4b3c45cc6.jpg,carrot,0.5353,0.2695,1.0,1,0.047897384,0.9903797
openimages500_balanced/04e45a329032c784.jpg,fork,0.7033,0.1923,1.0,0,-0.033465713,0.0062613264
openimages500_balanced/04e45a329032c784.jpg,plate,0.65,0.187,1.0,0,-0.035564646,0.02639132
openimages500_balanced/04e45a329032c784.jpg,broccoli,0.4131,0.2267,1.0,0,0.04978472,0.96167177
openimages500_balanced/04e45a329032c784.jpg,broccoli,0.3577,0.2871,0.0,0,0.08276412,0.9976394
openimages500_balanced/04e45a329032c784.jpg,broccoli,0.3475,0.2671,1.0,0,0.061390623,0.986961
openimages500_balanced/04e45a329032c784.jpg,knife,0.3234,0.1941,1.0,0,-0.011445522,0.02272871
openimages500_balanced/09799439aacbb806.jpg,broccoli,0.5229,0.2441,1.0,0,0.07397543,0.99642295
openimages500_balanced/182462213ff6fccf.jpg,plate,0.5219,0.1487,0.0,0,-0.09483892,7.446995e-05
openimages500_balanced/182462213ff6fccf.jpg,broccoli,0.4988,0.2798,0.0,0,0.09429464,0.99974054
openimages500_balanced/198ad762fa342e38.jpg,broccoli,0.4886,0.2769,1.0,0,0.09742679,0.9996896
openimages500_balanced/198ad762fa342e38.jpg,broccoli,0.3408,0.2571,1.0,0,0.085519314,0.9992342
openimages500_balanced/1fb3ba5860c47a97.jpg,broccoli,0.6291,0.2822,0.0,1,0.101301596,0.99975485
openimages500_balanced/204018b7889eb826.jpg,broccoli,0.4644,0.2188,0.0,1,0.014739975,0.34400532
openimages500_balanced/204018b7889eb826.jpg,plate,0.4331,0.1888,1.0,0,-0.045730084,0.009742502
openimages500_balanced/204018b7889eb826.jpg,broccoli,0.3964,0.2338,0.0,1,0.02230063,0.53149563
openimages500_balanced/204018b7889eb826.jpg,broccoli,0.3776,0.2595,1.0,1,0.016912252,0.70878834
openimages500_balanced/204018b7889eb826.jpg,broccoli,0.3751,0.2428,0.0,1,0.02555041,0.4852484
openimages500_balanced/204018b7889eb826.jpg,broccoli,0.3159,0.2263,0.0,1,0.021434888,0.48464322
openimages500_balanced/204018b7889eb826.jpg,broccoli,0.3103,0.1935,1.0,1,-0.015292212,0.02555425
openimages500_balanced/2a64768abd5a9c65.jpg,broccoli,0.5795,0.2151,1.0,1,-0.0007324666,0.1465207
openimages500_balanced/2a64768abd5a9c65.jpg,broccoli,0.5727,0.1917,1.0,1,-0.009638444,0.049861863
openimages500_balanced/2a64768abd5a9c65.jpg,broccoli,0.5411,0.1965,1.0,1,-0.024649411,0.026394116
openimages500_balanced/2a64768abd5a9c65.jpg,broccoli,0.4131,0.2788,0.0,1,0.08925107,0.9991541
openimages500_balanced/2a64768abd5a9c65.jpg,broccoli,0.3829,0.2693,0.0,1,0.061626285,0.9831996
openimages500_balanced/2b96210e388009ff.jpg,broccoli,0.721,0.2786,0.0,1,0.048695385,0.9701635
openimages500_balanced/2b96210e388009ff.jpg,plate,0.6778,0.1827,0.0,0,-0.06124316,0.001965038
openimages500_balanced/2b96210e388009ff.jpg,plate,0.6666,0.199,0.0,0,-0.023048475,0.015179375
openimages500_balanced/2b96210e388009ff.jpg,plate,0.6453,0.2239,0.0,0,-0.017247349,0.057330918
openimages500_balanced/2b96210e388009ff.jpg,spoon,0.631,0.2291,0.0,0,-0.0038941205,0.23203707
openimages500_balanced/2b96210e388009ff.jpg,plate,0.6103,0.183,0.0,0,-0.07473108,0.00053582294
openimages500_balanced/2b96210e388009ff.jpg,dining table,0.5874,0.1832,1.0,0,-0.011623874,0.19250135
openimages500_balanced/2b96210e388009ff.jpg,bowl,0.5203,0.1964,0.0,0,-0.010297328,0.0591134
openimages500_balanced/2b96210e388009ff.jpg,bottle,0.4585,0.2424,1.0,0,0.020072922,0.42846248
openimages500_balanced/2b96210e388009ff.jpg,plate,0.4409,0.2078,1.0,0,-0.015240744,0.023809178
openimages500_balanced/2b96210e388009ff.jpg,plate,0.4216,0.2129,0.0,0,0.00630638,0.32541335
openimages500_balanced/2b96210e388009ff.jpg,chair,0.4031,0.2102,1.0,0,0.004098654,0.08642259
openimages500_balanced/2b96210e388009ff.jpg,broccoli,0.3825,0.2537,0.0,1,0.019046769,0.82151896
openimages500_balanced/2b96210e388009ff.jpg,bottle,0.3145,0.2395,1.0,0,-0.020304218,0.092546344
openimages500_balanced/3802c7501243b4a9.jpg,broccoli,0.59,0.2537,1.0,1,0.06778005,0.9943481
openimages500_balanced/3802c7501243b4a9.jpg,broccoli,0.5449,0.2299,1.0,1,0.026069209,0.78626686
openimages500_balanced/3802c7501243b4a9.jpg,broccoli,0.5179,0.2433,1.0,1,0.030451149,0.86802983
openimages500_balanced/3802c7501243b4a9.jpg,broccoli,0.4792,0.2324,1.0,1,0.029575676,0.87984866
openimages500_balanced/3802c7501243b4a9.jpg,broccoli,0.4186,0.2712,0.0,1,0.08088812,0.998728
openimages500_balanced/3802c7501243b4a9.jpg,broccoli,0.3982,0.2478,1.0,1,0.007097885,0.37124902
openimages500_balanced/3802c7501243b4a9.jpg,broccoli,0.3259,0.2321,0.0,1,0.04559855,0.91977054
openimages500_balanced/3802c7501243b4a9.jpg,broccoli,0.3204,0.245,0.0,1,0.020379707,0.63656
openimages500_balanced/416fbffd3f0c8726.jpg,broccoli,0.5619,0.2554,0.0,1,0.08314946,0.9981127
openimages500_balanced/416fbffd3f0c8726.jpg,broccoli,0.4646,0.26,1.0,1,0.041415125,0.9050998
openimages500_balanced/416fbffd3f0c8726.jpg,broccoli,0.4334,0.1975,1.0,1,0.0033270568,0.070340425
openimages500_balanced/416fbffd3f0c8726.jpg,broccoli,0.4135,0.2756,0.0,1,0.06236151,0.986692
openimages500_balanced/416fbffd3f0c8726.jpg,broccoli,0.3499,0.238,1.0,1,0.05228366,0.95811784
openimages500_balanced/416fbffd3f0c8726.jpg,broccoli,0.3393,0.2581,0.0,1,0.08391526,0.99934274
openimages500_balanced/416fbffd3f0c8726.jpg,broccoli,0.3345,0.2252,0.0,1,0.03708957,0.90074444
openimages500_balanced/416fbffd3f0c8726.jpg,broccoli,0.3126,0.2671,0.0,1,0.055826962,0.9823889
openimages500_balanced/14d65997600bb7cd.jpg,backpack,0.636,0.3032,0.0,1,0.06888458,0.99836165
openimages500_balanced/159c27c3fcf6e267.jpg,suitcase,0.359,0.1879,0.0,1,-0.03135878,0.0370543
openimages500_balanced/159c27c3fcf6e267.jpg,suitcase,0.3294,0.2194,0.0,1,-0.012350038,0.06695758
openimages500_balanced/15a16396c6dd9b84.jpg,backpack,0.3259,0.2048,0.0,1,0.01776123,0.7830245
openimages500_balanced/19a0aafe6ab92d0e.jpg,potted plant,0.5568,0.1921,0.0,0,-0.056139678,0.0011277385
openimages500_balanced/19a0aafe6ab92d0e.jpg,potted plant,0.5243,0.173,0.0,0,-0.017139643,0.016989592
openimages500_balanced/19a0aafe6ab92d0e.jpg,potted plant,0.4466,0.1938,1.0,0,-0.036402196,0.004806423
openimages500_balanced/19a0aafe6ab92d0e.jpg,chair,0.4447,0.2089,1.0,0,-0.002707675,0.03806905
openimages500_balanced/19a0aafe6ab92d0e.jpg,backpack,0.4246,0.2583,0.0,1,0.02230151,0.877503
openimages500_balanced/19a0aafe6ab92d0e.jpg,potted plant,0.3432,0.2167,0.0,0,-0.004903719,0.061640233
openimages500_balanced/1c6cef0118791af9.jpg,backpack,0.6799,0.2834,1.0,1,0.06477836,0.9959358
openimages500_balanced/1c6cef0118791af9.jpg,backpack,0.6745,0.281,0.0,1,0.04603392,0.98641264
openimages500_balanced/2ab108bbaa221cd7.jpg,backpack,0.4024,0.2169,1.0,1,0.0035342723,0.5617089
openimages500_balanced/2edc0212721c4f22.jpg,backpack,0.5388,0.2524,0.0,1,0.066143095,0.9980447
openimages500_balanced/2edc0212721c4f22.jpg,backpack,0.4586,0.2554,1.0,1,0.033064663,0.90876687
openimages500_balanced/2edc0212721c4f22.jpg,tv,0.4574,0.2128,0.0,0,-0.00015373528,0.25970387
openimages500_balanced/2edc0212721c4f22.jpg,keyboard,0.3249,0.1945,0.0,0,-0.00890173,0.026108276
openimages500_balanced/2edc0212721c4f22.jpg,pillow,0.3227,0.2102,0.0,0,0.00033724308,0.09208209
openimages500_balanced/2edc0212721c4f22.jpg,sink,0.3016,0.0988,1.0,0,-0.16388232,7.5849115e-08
openimages500_balanced/3184492d5235d598.jpg,backpack,0.6693,0.2385,0.0,1,0.06990568,0.9976968
openimages500_balanced/56a7cff15cdb2009.jpg,backpack,0.323,0.2197,0.0,1,0.017423257,0.32713076
openimages500_balanced/6142543e417e4688.jpg,backpack,0.6773,0.2969,1.0,1,0.074901834,0.9989385
openimages500_balanced/6142543e417e4688.jpg,backpack,0.6656,0.3137,0.0,1,0.07066393,0.9984723
openimages500_balanced/6142543e417e4688.jpg,backpack,0.6415,0.3015,0.0,1,0.05898978,0.9957949
openimages500_balanced/6142543e417e4688.jpg,bed,0.4613,0.1936,1.0,0,-0.046750814,0.004882964
openimages500_balanced/6142543e417e4688.jpg,backpack,0.3779,0.2194,1.0,1,-0.015398234,0.034788314
openimages500_balanced/6142543e417e4688.jpg,backpack,0.3166,0.29,1.0,1,0.037010252,0.97021836
openimages500_balanced/0040009ad56c2bc2.jpg,handbag,0.7308,0.2252,0.0,1,0.03756097,0.9727069
openimages500_balanced/04bed9439a2fb06f.jpg,handbag,0.5741,0.2296,1.0,1,0.052545518,0.99253607
openimages500_balanced/0dce9e80f546efc6.jpg,handbag,0.5833,0.2847,0.0,1,0.04374039,0.986893
openimages500_balanced/0eba2ca8a9d0ce95.jpg,handbag,0.4404,0.203,1.0,1,-0.031688303,0.015936123
openimages500_balanced/0eba2ca8a9d0ce95.jpg,handbag,0.4271,0.1854,1.0,1,-0.02543518,0.0130521525
openimages500_balanced/0ff7b20334c7e692.jpg,handbag,0.7958,0.251,1.0,1,0.06115845,0.99743986
openimages500_balanced/1109ae1bfb4efe78.jpg,suitcase,0.4522,0.2186,0.0,0,-0.030667558,0.037890565
openimages500_balanced/12853decdd2ff3bf.jpg,handbag,0.4941,0.2303,1.0,1,0.014825508,0.5626183
openimages500_balanced/12853decdd2ff3bf.jpg,pillow,0.3854,0.2277,1.0,0,-0.011940107,0.13284574
openimages500_balanced/142d217fff4ec9b6.jpg,handbag,0.6754,0.1938,0.0,1,0.003728971,0.5703299
openimages500_balanced/150259a77919642e.jpg,handbag,0.7409,0.2603,0.0,1,0.016981974,0.7843551
openimages500_balanced/002b0dc60b1068a9.jpg,suitcase,0.6762,0.2644,0.0,0,0.033749104,0.93742764
openimages500_balanced/002b0dc60b1068a9.jpg,suitcase,0.6584,0.2437,1.0,0,0.017979339,0.79213446
openimages500_balanced/002b0dc60b1068a9.jpg,suitcase,0.6484,0.2075,1.0,0,-0.004796505,0.12805152
openimages500_balanced/002b0dc60b1068a9.jpg,suitcase,0.6146,0.2593,1.0,0,0.01934202,0.7670706
openimages500_balanced/002b0dc60b1068a9.jpg,suitcase,0.6015,0.2268,1.0,0,0.026298285,0.6760318
openimages500_balanced/002b0dc60b1068a9.jpg,suitcase,0.5175,0.187,0.0,0,-0.004445404,0.055979162
openimages500_balanced/002b0dc60b1068a9.jpg,suitcase,0.4914,0.197,1.0,0,-0.020828202,0.009681592
openimages500_balanced/002b0dc60b1068a9.jpg,suitcase,0.4771,0.1991,1.0,0,-0.012590066,0.032607745
openimages500_balanced/002b0dc60b1068a9.jpg,suitcase,0.4415,0.1932,1.0,0,-0.028905854,0.007655674
openimages500_balanced/06e90333a82a8361.jpg,suitcase,0.7426,0.2319,0.0,1,0.030218467,0.90108466
openimages500_balanced/0b6edfb096fad378.jpg,suitcase,0.6395,0.1602,1.0,0,-0.057585835,0.00058279897
openimages500_balanced/0b6edfb096fad378.jpg,suitcase,0.6285,0.271,1.0,0,0.033431143,0.94310844
openimages500_balanced/0b6edfb096fad378.jpg,suitcase,0.6064,0.2355,1.0,0,-0.0072556287,0.19559836
openimages500_balanced/0b6edfb096fad378.jpg,suitcase,0.5953,0.2583,1.0,0,0.015956864,0.7795738
openimages500_balanced/0b6edfb096fad378.jpg,suitcase,0.5672,0.2756,1.0,0,0.03660977,0.95040447
openimages500_balanced/0b6edfb096fad378.jpg,suitcase,0.5469,0.2268,1.0,0,-0.01622644,0.043544672
openimages500_balanced/0b6edfb096fad378.jpg,suitcase,0.5088,0.1746,1.0,0,-0.07145873,0.00034113502
openimages500_balanced/0b6edfb096fad378.jpg,suitcase,0.4303,0.261,1.0,0,0.04173556,0.9704732
openimages500_balanced/0b6edfb096fad378.jpg,suitcase,0.395,0.2681,1.0,0,0.03694403,0.9524877
openimages500_balanced/0b6edfb096fad378.jpg,suitcase,0.3772,0.2186,0.0,0,-0.0038880557,0.073719956
openimages500_balanced/0b6edfb096fad378.jpg,suitcase,0.3641,0.2213,0.0,0,-0.021068603,0.033127867
openimages500_balanced/0b6edfb096fad378.jpg,suitcase,0.3436,0.1829,0.0,0,-0.032494396,0.005544482
openimages500_balanced/0b6edfb096fad378.jpg,suitcase,0.3217,0.2312,1.0,0,-0.0049857646,0.23761825
openimages500_balanced/0b6edfb096fad378.jpg,suitcase,0.3147,0.1897,1.0,0,-0.035998225,0.0048956634
openimages500_balanced/23455e0b913929d9.jpg,suitcase,0.6658,0.2317,0.0,1,0.019516781,0.83232033
openimages500_balanced/23455e0b913929d9.jpg,truck,0.321,0.1897,1.0,0,-0.01861298,0.01962539
openimages500_balanced/29de44dad7d82b60.jpg,suitcase,0.7435,0.2671,0.0,1,0.043802723,0.98058414
openimages500_balanced/4e227a0a346ec145.jpg,suitcase,0.7088,0.2346,0.0,0,0.0046088994,0.54725015
openimages500_balanced/4e227a0a346ec145.jpg,suitcase,0.6925,0.2496,0.0,0,0.0033603609,0.48797128
openimages500_balanced/4e227a0a346ec145.jpg,suitcase,0.688,0.2438,0.0,0,0.022545666,0.8359115
openimages500_balanced/4e227a0a346ec145.jpg,vase,0.6586,0.245,0.0,0,0.0004915297,0.4593147
openimages500_balanced/4e227a0a346ec145.jpg,pillow,0.6379,0.191,0.0,0,-0.016397059,0.0146711115
openimages500_balanced/4e227a0a346ec145.jpg,pillow,0.6067,0.2585,0.0,0,0.026677981,0.81142265
openimages500_balanced/4e227a0a346ec145.jpg,pillow,0.5827,0.2133,1.0,0,-0.01005283,0.099342
openimages500_balanced/4e227a0a346ec145.jpg,suitcase,0.5805,0.2373,0.0,0,-0.0032766908,0.28014526
openimages500_balanced/4e227a0a346ec145.jpg,suitcase,0.3661,0.2102,0.0,0,-0.010403067,0.039645072
openimages500_balanced/4e227a0a346ec145.jpg,potted plant,0.3518,0.2245,0.0,0,-0.043046594,0.013108327
openimages500_balanced/4e227a0a346ec145.jpg,chair,0.3292,0.203,1.0,0,7.379055e-05,0.052358497
openimages500_balanced/5a51c0222f7d8e9d.jpg,suitcase,0.6948,0.2668,0.0,1,0.009771973,0.71072215
openimages500_balanced/7042f8d4ce6778db.jpg,suitcase,0.3817,0.2664,1.0,1,0.01688099,0.63789546
openimages500_balanced/7042f8d4ce6778db.jpg,suitcase,0.3716,0.1886,0.0,1,-0.010104507,0.019014582
openimages500_balanced/0060dfb7f9a468b5.jpg,cat,0.7502,0.2161,1.0,1,0.050667226,0.9479755
openimages500_balanced/00bdb008eb688497.jpg,cat,0.6844,0.2262,1.0,1,0.051778138,0.97205544
openimages500_balanced/02fcc80210b7cd5b.jpg,cat,0.7746,0.2257,1.0,1,0.049332842,0.95894784
openimages500_balanced/039beb511fd1e7f7.jpg,cat,0.8706,0.2203,0.0,1,0.03766179,0.8923684
openimages500_balanced/039beb511fd1e7f7.jpg,handbag,0.3146,0.2363,0.0,0,0.010722801,0.35787487
openimages500_balanced/03ff0c4a800af9ec.jpg,cat,0.8594,0.2229,1.0,1,0.03232327,0.92853385
openimages500_balanced/040983ac9ee15126.jpg,cat,0.8461,0.2141,1.0,1,0.02709119,0.90726405
openimages500_balanced/0413f9c94df7ebcb.jpg,cat,0.8229,0.2108,1.0,1,0.037285775,0.8747175
openimages500_balanced/05455df7c2b08919.jpg,cat,0.7871,0.2192,1.0,1,0.05221054,0.96512777
openimages500_balanced/05798ca4c1946ae1.jpg,mouse,0.3755,0.2134,0.0,0,-0.0014270991,0.29432794
openimages500_balanced/05869b6681e12dad.jpg,cat,0.7624,0.1931,1.0,1,0.030451462,0.8271862
openimages500_balanced/05869b6681e12dad.jpg,cat,0.7396,0.2084,1.0,1,0.030941963,0.8771063
openimages500_balanced/05869b6681e12dad.jpg,pillow,0.4232,0.165,0.0,0,-0.058285967,0.0022986024
openimages500_balanced/0007cebe1b2ba653.jpg,dog,0.7979,0.2185,0.0,1,0.03633684,0.9332625
openimages500_balanced/0007cebe1b2ba653.jpg,dog,0.3865,0.236,0.0,1,0.026147753,0.53094697
openimages500_balanced/0007d6cf88afaa4a.jpg,dog,0.8714,0.2133,0.0,1,0.04431881,0.91780275
openimages500_balanced/0008e425fb49a2bf.jpg,dog,0.8736,0.2156,0.0,1,0.037544772,0.93627506
openimages500_balanced/000c4d66ce89aa69.jpg,dog,0.8109,0.238,0.0,1,0.045536563,0.93982637
openimages500_balanced/0022d0ab1e1347ab.jpg,dog,0.7226,0.2286,1.0,1,0.021052957,0.7833408
openimages500_balanced/00493fdf106b5fdf.jpg,dog,0.7798,0.2223,1.0,1,0.047054514,0.9416519
openimages500_balanced/00991ee13e849b07.jpg,dog,0.805,0.2325,0.0,1,0.049743086,0.9397201
openimages500_balanced/00d3653a790b5fba.jpg,dog,0.8585,0.2227,1.0,1,0.053697914,0.97305954
openimages500_balanced/00ecc67a6c3a048c.jpg,dog,0.8578,0.2152,0.0,1,0.030758053,0.9095613
openimages500_balanced/00f5e32f28fc420e.jpg,dog,0.8052,0.2137,1.0,1,0.044464737,0.94654924
openimages500_balanced/01bbd516e7a1f404.jpg,bird,0.7491,0.2152,1.0,1,0.049869493,0.9515515
openimages500_balanced/0237469006b0f3f4.jpg,bird,0.8588,0.24,0.0,1,0.061730623,0.9837859
openimages500_balanced/0274c6ca36923bbf.jpg,bird,0.8876,0.2367,0.0,1,0.048573107,0.934564
openimages500_balanced/02d7a944ef014462.jpg,bird,0.7858,0.2573,0.0,1,0.07285887,0.9926927
openimages500_balanced/031720efe00a754b.jpg,bird,0.8668,0.239,0.0,1,0.059551388,0.98295915
openimages500_balanced/05d58d655a672dbe.jpg,bird,0.8401,0.2332,0.0,1,0.039445043,0.88208896
openimages500_balanced/06a8bc021578138d.jpg,bird,0.8167,0.2255,0.0,0,0.011801481,0.42540988
openimages500_balanced/06a8bc021578138d.jpg,bird,0.8142,0.2393,0.0,0,0.045935184,0.9603803
openimages500_balanced/06a8bc021578138d.jpg,bird,0.7701,0.223,0.0,0,0.006392345,0.31797105
openimages500_balanced/06a8bc021578138d.jpg,bird,0.7656,0.2083,0.0,0,0.0008043498,0.2821097
openimages500_balanced/06a8bc021578138d.jpg,bird,0.7409,0.1814,0.0,0,-0.014606938,0.024731044
openimages500_balanced/06a8bc021578138d.jpg,bird,0.7127,0.2091,0.0,0,-0.012330428,0.08589857
openimages500_balanced/06a8bc021578138d.jpg,bird,0.6833,0.2087,0.0,0,0.0025700182,0.26096305
openimages500_balanced/0702c6a98287861b.jpg,bird,0.8493,0.2439,0.0,1,0.06934649,0.9913237
openimages500_balanced/0743c99708a6ba32.jpg,bird,0.7099,0.2485,0.0,0,0.045063436,0.93721706
openimages500_balanced/0743c99708a6ba32.jpg,bird,0.6887,0.2366,0.0,0,0.05548705,0.969572
openimages500_balanced/0743c99708a6ba32.jpg,bird,0.6827,0.2294,1.0,0,0.04535936,0.8941813
openimages500_balanced/0743c99708a6ba32.jpg,bird,0.6676,0.2473,0.0,0,0.055905357,0.981218
openimages500_balanced/0743c99708a6ba32.jpg,bird,0.6444,0.2216,0.0,0,0.016055197,0.40616822
openimages500_balanced/0743c99708a6ba32.jpg,bird,0.6299,0.2303,1.0,0,0.01716867,0.4113467
openimages500_balanced/0743c99708a6ba32.jpg,bird,0.6176,0.2286,1.0,0,0.009214312,0.30586624
openimages500_balanced/0743c99708a6ba32.jpg,bird,0.6012,0.238,0.0,0,0.050267845,0.9517584
openimages500_balanced/0743c99708a6ba32.jpg,bird,0.577,0.2427,1.0,0,0.030358434,0.7586108
openimages500_balanced/0743c99708a6ba32.jpg,bird,0.5455,0.2424,0.0,0,0.05363205,0.956312
openimages500_balanced/0743c99708a6ba32.jpg,bird,0.5375,0.2379,0.0,0,0.056428492,0.9677259
openimages500_balanced/0743c99708a6ba32.jpg,bird,0.4569,0.2487,0.0,0,0.04854639,0.9527695
openimages500_balanced/0743c99708a6ba32.jpg,bird,0.4221,0.2288,0.0,0,0.008303642,0.37293968
openimages500_balanced/0743c99708a6ba32.jpg,bird,0.411,0.2295,0.0,0,0.0041870177,0.18210824
openimages500_balanced/0743c99708a6ba32.jpg,bird,0.3974,0.1958,0.0,0,-0.014850497,0.027336627
openimages500_balanced/0743c99708a6ba32.jpg,bird,0.3749,0.217,1.0,0,-0.0009511709,0.07795133
openimages500_balanced/0743c99708a6ba32.jpg,bird,0.3703,0.2393,0.0,0,0.018511474,0.5326403
openimages500_balanced/0743c99708a6ba32.jpg,bird,0.3352,0.2241,0.0,0,0.043312326,0.88537073
openimages500_balanced/0743c99708a6ba32.jpg,bird,0.3104,0.2407,0.0,0,0.05029443,0.9467976
openimages500_balanced/0779be77edff200f.jpg,bird,0.8652,0.2284,1.0,1,0.040574417,0.9519975
openimages500_balanced/0447d80c8ce6fa36.jpg,clock,0.3577,0.2637,1.0,1,0.065443456,0.9929501
openimages500_balanced/0447d80c8ce6fa36.jpg,clock,0.3398,0.2605,0.0,1,0.070143044,0.9920042
openimages500_balanced/097d056ffa82fced.jpg,clock,0.7654,0.2457,0.0,1,0.051556572,0.98856914
openimages500_balanced/162645ef9fcd7d29.jpg,clock,0.5619,0.2542,0.0,1,0.08779085,0.99886644
openimages500_balanced/162645ef9fcd7d29.jpg,clock,0.3099,0.2476,0.0,1,0.07819298,0.9961972
openimages500_balanced/289082c48549ab9d.jpg,clock,0.3426,0.2391,0.0,1,0.06255318,0.9922501
openimages500_balanced/2b65ea9e19e131c5.jpg,clock,0.7535,0.2549,0.0,1,0.062666535,0.9840274
openimages500_balanced/2b65ea9e19e131c5.jpg,clock,0.7471,0.2515,0.0,1,0.08927201,0.99804676
openimages500_balanced/2dcf0b0f141a269a.jpg,clock,0.692,0.2421,0.0,1,0.069126666,0.9866781
openimages500_balanced/5c3b156a7de138d8.jpg,clock,0.6165,0.2522,0.0,1,0.08543128,0.99776375
openimages500_balanced/5c3b156a7de138d8.jpg,cell phone,0.5377,0.2271,0.0,1,0.034989268,0.9518292
openimages500_balanced/5c3b156a7de138d8.jpg,cell phone,0.5034,0.224,0.0,1,0.039800093,0.87581044
openimages500_balanced/5c3b156a7de138d8.jpg,cell phone,0.4312,0.2084,0.0,1,-0.027929127,0.018130716
openimages500_balanced/6bcfd656708d25e2.jpg,mug,0.724,0.2122,0.0,1,0.026967749,0.8320275
openimages500_balanced/6bcfd656708d25e2.jpg,plate,0.7017,0.2487,0.0,0,0.01606147,0.61998063
openimages500_balanced/6bcfd656708d25e2.jpg,clock,0.4439,0.2366,0.0,1,0.026588306,0.9236836
openimages500_balanced/6bcfd656708d25e2.jpg,clock,0.429,0.2593,0.0,1,0.07892586,0.99807656
openimages500_balanced/6bcfd656708d25e2.jpg,dining table,0.3812,0.2061,1.0,0,-0.032069698,0.034316022
openimages500_balanced/7c2dc836b0f48eb4.jpg,clock,0.512,0.2629,0.0,1,0.0830877,0.9983216
openimages500_balanced/7c2dc836b0f48eb4.jpg,chair,0.3888,0.2163,1.0,0,-0.011789441,0.055813853
openimages500_balanced/7f7d7a46972c4668.jpg,bird,0.3626,0.2173,0.0,0,0.0045331866,0.14966099
openimages500_balanced/7f7d7a46972c4668.jpg,bird,0.3581,0.2123,0.0,0,0.0060163587,0.12930562
openimages500_balanced/7f7d7a46972c4668.jpg,bird,0.3127,0.1973,0.0,0,-0.0137292445,0.04859214
openimages500_balanced/05a6196f3a7edae2.jpg,potted plant,0.5849,0.2329,0.0,0,0.021470845,0.87890935
openimages500_balanced/05a6196f3a7edae2.jpg,vase,0.4036,0.2413,0.0,1,-0.026243493,0.064197294
openimages500_balanced/05a6196f3a7edae2.jpg,vase,0.3359,0.218,0.0,1,0.010457903,0.4600603
openimages500_balanced/0c9b2fa4f623f229.jpg,vase,0.6243,0.281,0.0,1,0.025773704,0.9106305
openimages500_balanced/0c9b2fa4f623f229.jpg,vase,0.585,0.2474,0.0,1,0.0114903,0.28042606
openimages500_balanced/0c9b2fa4f623f229.jpg,vase,0.5837,0.2842,1.0,1,0.049549773,0.9733251
openimages500_balanced/0c9b2fa4f623f229.jpg,vase,0.5499,0.2603,0.0,1,0.017132074,0.7542836
openimages500_balanced/0c9b2fa4f623f229.jpg,vase,0.5007,0.2778,0.0,1,0.037883162,0.94749326
openimages500_balanced/0c9b2fa4f623f229.jpg,mug,0.449,0.2,0.0,0,-0.0023492128,0.1148402
openimages500_balanced/0c9b2fa4f623f229.jpg,vase,0.4426,0.2263,0.0,1,0.00027622283,0.25157315
openimages500_balanced/0c9b2fa4f623f229.jpg,bowl,0.4256,0.1687,0.0,0,-0.02557017,0.007565856
openimages500_balanced/0c9b2fa4f623f229.jpg,vase,0.4229,0.2189,0.0,1,-0.042408362,0.013268882
openimages500_balanced/0c9b2fa4f623f229.jpg,mug,0.4163,0.1943,0.0,0,-0.00057686865,0.07408598
openimages500_balanced/0c9b2fa4f623f229.jpg,mug,0.4129,0.2805,0.0,0,0.034834802,0.9656404
openimages500_balanced/0c9b2fa4f623f229.jpg,vase,0.3876,0.2288,0.0,1,-0.0036732256,0.12815735
openimages500_balanced/0c9b2fa4f623f229.jpg,vase,0.3851,0.2498,1.0,1,0.008097261,0.2693803
openimages500_balanced/0c9b2fa4f623f229.jpg,mug,0.3756,0.1964,0.0,0,-0.010451347,0.02070096
openimages500_balanced/0c9b2fa4f623f229.jpg,bowl,0.3705,0.2073,0.0,0,-0.045491233,0.005396284
openimages500_balanced/0c9b2fa4f623f229.jpg,mug,0.3675,0.2634,0.0,0,0.009367198,0.61765426
openimages500_balanced/0c9b2fa4f623f229.jpg,bowl,0.3614,0.2362,1.0,0,0.004194036,0.14032097
openimages500_balanced/0c9b2fa4f623f229.jpg,bowl,0.3607,0.1764,0.0,0,-0.026873842,0.006209748
openimages500_balanced/0c9b2fa4f623f229.jpg,bowl,0.3528,0.1851,0.0,0,-0.010084063,0.016576247
openimages500_balanced/0c9b2fa4f623f229.jpg,bowl,0.3528,0.2146,0.0,0,0.0080566555,0.13354023
openimages500_balanced/0c9b2fa4f623f229.jpg,vase,0.3345,0.2012,1.0,1,-0.005858958,0.035790768
openimages500_balanced/0c9b2fa4f623f229.jpg,bowl,0.3169,0.2209,1.0,0,0.0028347522,0.08822557
openimages500_balanced/0c9b2fa4f623f229.jpg,bowl,0.304,0.2502,0.0,0,0.03438501,0.79778165
openimages500_balanced/0c9b2fa4f623f229.jpg,mug,0.3019,0.1993,0.0,0,-0.023837835,0.02279238
openimages500_balanced/0c9b2fa4f623f229.jpg,vase,0.3007,0.2358,0.0,1,0.009134695,0.24641748
openimages500_balanced/0d06df53671a61c4.jpg,vase,0.8036,0.2593,0.0,1,0.07167223,0.99581945
openimages500_balanced/10dc868dcca25738.jpg,vase,0.5013,0.246,0.0,1,0.018445015,0.71379364
openimages500_balanced/10dc868dcca25738.jpg,dining table,0.3849,0.2128,1.0,1,-0.029026985,0.033489022
openimages500_balanced/10dc868dcca25738.jpg,chair,0.3622,0.215,1.0,0,-0.024943084,0.017235527
openimages500_balanced/10dc868dcca25738.jpg,mug,0.3576,0.2115,0.0,0,-0.043417975,0.009213273
openimages500_balanced/10dc868dcca25738.jpg,mug,0.3326,0.194,1.0,0,-0.016604349,0.028409723
openimages500_balanced/10dc868dcca25738.jpg,mug,0.3254,0.2107,0.0,0,-0.043736786,0.01033119
openimages500_balanced/10dc868dcca25738.jpg,potted plant,0.312,0.2006,0.0,0,-0.038244694,0.021101076
openimages500_balanced/10dc868dcca25738.jpg,mug,0.3083,0.2119,0.0,0,-0.052309483,0.0048570554
openimages500_balanced/10dc868dcca25738.jpg,mug,0.3062,0.1947,0.0,0,-0.058377087,0.0014731592
openimages500_balanced/10dc868dcca25738.jpg,mug,0.3014,0.1858,1.0,0,-0.022575527,0.012864808
openimages500_balanced/13dcbd465645c47f.jpg,vase,0.5473,0.1947,0.0,1,0.0006418079,0.31020883
openimages500_balanced/13dcbd465645c47f.jpg,vase,0.4955,0.2166,0.0,1,0.00487639,0.32768035
openimages500_balanced/13dcbd465645c47f.jpg,chair,0.3436,0.2224,1.0,0,-0.015195519,0.07423599
openimages500_balanced/13dcbd465645c47f.jpg,chair,0.3211,0.2412,1.0,0,-0.011088774,0.19336152
openimages500_balanced/1780fbb555087b69.jpg,potted plant,0.3272,0.183,1.0,1,-0.013050541,0.1545312
openimages500_balanced/1beff2cde64b62ab.jpg,vase,0.611,0.2678,0.0,1,0.03983903,0.9633779
openimages500_balanced/1cadca0d3ff6e185.jpg,vase,0.6069,0.2402,0.0,1,0.0047959685,0.5607979
openimages500_balanced/1cadca0d3ff6e185.jpg,potted plant,0.3081,0.1974,0.0,1,-0.017190203,0.14842567
openimages500_balanced/1d8766876ad7362a.jpg,vase,0.5045,0.2527,0.0,1,-0.020813823,0.104106866
openimages500_balanced/1d8766876ad7362a.jpg,potted plant,0.3352,0.2142,0.0,1,-0.016159534,0.102771685
openimages500_balanced/310192cb7c99bd11.jpg,scissors,0.884,0.2759,0.0,1,0.058829978,0.9953507
openimages500_balanced/310192cb7c99bd11.jpg,chair,0.5127,0.2153,1.0,0,0.00019606948,0.0969545
openimages500_balanced/310192cb7c99bd11.jpg,dining table,0.4372,0.1449,1.0,0,-0.04014033,0.016809188
openimages500_balanced/310192cb7c99bd11.jpg,chair,0.4048,0.2063,1.0,0,-0.004777387,0.048562836
openimages500_balanced/310192cb7c99bd11.jpg,book,0.3531,0.1757,0.0,0,0.0031306446,0.13335387
openimages500_balanced/310192cb7c99bd11.jpg,book,0.3084,0.157,0.0,0,-0.0108141005,0.058606964
openimages500_balanced/001083f05db4352b.jpg,carrot,0.7023,0.1527,0.0,0,-0.07935366,0.0003479419
openimages500_balanced/001083f05db4352b.jpg,chair,0.4065,0.1932,0.0,0,-0.0075733513,0.03255011
openimages500_balanced/001a794d1865ee47.jpg,carrot,0.8126,0.1299,0.0,0,-0.0618677,0.001980622
openimages500_balanced/001a794d1865ee47.jpg,chair,0.5852,0.2089,0.0,0,-0.008605704,0.19358298
openimages500_balanced/001a794d1865ee47.jpg,chair,0.5743,0.2384,0.0,0,0.0064183325,0.49622217
openimages500_balanced/001a809ad40a2f84.jpg,carrot,0.6604,0.102,0.0,0,-0.08505078,0.00018587052
openimages500_balanced/001a809ad40a2f84.jpg,chair,0.3865,0.2213,0.0,0,-0.020750344,0.044412304
openimages500_balanced/001a809ad40a2f84.jpg,chair,0.3839,0.2036,0.0,0,0.001334846,0.10155397
openimages500_balanced/0022e32008e479cb.jpg,carrot,0.4868,0.1897,1.0,0,-0.037827507,0.00928533
openimages500_balanced/00230c216711fceb.jpg,carrot,0.737,0.1144,0.0,0,-0.08160087,0.0002614162
openimages500_balanced/002d1dd67c722d98.jpg,carrot,0.3138,0.1234,1.0,0,-0.069934994,0.00036429765
openimages500_balanced/003132be85a0beae.jpg,carrot,0.792,0.1288,0.0,0,-0.09810038,5.331618e-05
openimages500_balanced/003132be85a0beae.jpg,potted plant,0.5551,0.1676,1.0,0,-0.020187616,0.008432778
openimages500_balanced/003132be85a0beae.jpg,potted plant,0.4815,0.165,0.0,0,-0.07567711,0.0004540154
openimages500_balanced/003132be85a0beae.jpg,chair,0.4183,0.1969,0.0,0,-0.023991436,0.017068949
openimages500_balanced/003132be85a0beae.jpg,chair,0.3387,0.2083,0.0,0,-0.011820167,0.050316513
openimages500_balanced/003a5aaf6d17c917.jpg,carrot,0.6089,0.1218,0.0,0,-0.08119055,0.0002823884
openimages500_balanced/003a5aaf6d17c917.jpg,carrot,0.5121,0.1449,1.0,0,-0.07327345,0.0005543076
openimages500_balanced/003a5aaf6d17c917.jpg,chair,0.4348,0.1903,0.0,0,-0.009420037,0.027286645
openimages500_balanced/003a5aaf6d17c917.jpg,chair,0.406,0.2069,0.0,0,-0.010699078,0.041325707
openimages500_balanced/003a5aaf6d17c917.jpg,carrot,0.3897,0.1755,1.0,0,-0.05585839,0.0012227941
openimages500_balanced/003a5aaf6d17c917.jpg,carrot,0.3636,0.1748,1.0,0,-0.06882806,0.0009005708
openimages500_balanced/003a5aaf6d17c917.jpg,chair,0.3251,0.2018,0.0,0,-0.025956124,0.01797785
openimages500_balanced/005b598d8fecb139.jpg,carrot,0.5553,0.1671,0.0,0,-0.052380055,0.0042076753
openimages500_balanced/005b598d8fecb139.jpg,carrot,0.4796,0.1858,0.0,0,-0.066403106,0.0010834405
openimages500_balanced/005b598d8fecb139.jpg,carrot,0.323,0.1685,0.0,0,-0.075510606,0.00045887544
openimages500_balanced/005ea49186b013d8.jpg,carrot,0.7456,0.1092,0.0,0,-0.07989402,0.0003273408
openimages500_balanced/005ea49186b013d8.jpg,carrot,0.6466,0.1259,1.0,0,-0.07278162,0.00060216716
openimages500_balanced/01f8886b50a031a1.jpg,carrot,0.4224,0.1239,0.0,0,-0.09044291,8.3437546e-05
openimages500_balanced/02c6ba6f361a6ff2.jpg,truck,0.5748,0.1943,0.0,1,-0.007694021,0.1676205
openimages500_balanced/02c6ba6f361a6ff2.jpg,truck,0.5086,0.2247,0.0,1,0.028320968,0.9370974
openimages500_balanced/02da35e6e72d6816.jpg,carrot,0.6996,0.1685,1.0,0,-0.07229696,0.0005537006
openimages500_balanced/02da35e6e72d6816.jpg,truck,0.6586,0.2303,0.0,1,0.052093685,0.9832439
openimages500_balanced/02da35e6e72d6816.jpg,carrot,0.6195,0.1694,0.0,0,-0.06637116,0.00071962737
openimages500_balanced/02da35e6e72d6816.jpg,carrot,0.4223,0.1901,0.0,0,-0.052789703,0.0014069095
openimages500_balanced/02da35e6e72d6816.jpg,car,0.3857,0.2329,0.0,1,-0.012026638,0.14622182
openimages500_balanced/02da35e6e72d6816.jpg,carrot,0.357,0.1725,0.0,0,-0.053616315,0.0014504511
openimages500_balanced/060549b24a2a7b8a.jpg,truck,0.7092,0.2487,0.0,1,0.03955029,0.9605146
openimages500_balanced/060549b24a2a7b8a.jpg,carrot,0.3626,0.1576,1.0,0,-0.072933465,0.0005059784
openimages500_balanced/060549b24a2a7b8a.jpg,carrot,0.3506,0.1901,0.0,0,-0.029972464,0.004748473
openimages500_balanced/068338a53dfabda8.jpg,carrot,0.6838,0.1199,0.0,0,-0.08769752,0.00015108897
openimages500_balanced/068338a53dfabda8.jpg,truck,0.6138,0.2205,1.0,1,0.00527595,0.49948257
openimages500_balanced/068338a53dfabda8.jpg,carrot,0.5885,0.1729,0.0,0,-0.048122153,0.0030155922
openimages500_balanced/068338a53dfabda8.jpg,chair,0.4924,0.2109,0.0,0,-0.024484247,0.014613799
openimages500_balanced/068338a53dfabda8.jpg,carrot,0.4744,0.1747,1.0,0,-0.07061933,0.000592974
openimages500_balanced/068338a53dfabda8.jpg,chair,0.474,0.1886,0.0,0,-0.025217235,0.025046598
openimages500_balanced/068338a53dfabda8.jpg,bicycle,0.4036,0.1594,0.0,0,-0.026618883,0.0049642203
openimages500_balanced/068338a53dfabda8.jpg,chair,0.3438,0.1711,0.0,0,-0.013488904,0.01825373
openimages500_balanced/078c666aaad404b3.jpg,truck,0.5197,0.214,0.0,1,0.0090111345,0.6884916
openimages500_balanced/080e040bf87a3652.jpg,truck,0.552,0.2185,0.0,1,0.022122726,0.88954043
openimages500_balanced/08b31c9f29c5d7b3.jpg,carrot,0.6499,0.1032,1.0,0,-0.091476336,0.00010071288
openimages500_balanced/08b31c9f29c5d7b3.jpg,truck,0.5817,0.1903,0.0,1,0.0006900579,0.50334966
openimages500_balanced/08b31c9f29c5d7b3.jpg,carrot,0.4823,0.1677,1.0,0,-0.06471072,0.0011303889
openimages500_balanced/08b31c9f29c5d7b3.jpg,carrot,0.4076,0.1866,1.0,0,-0.05190207,0.0025674724
openimages500_balanced/08b31c9f29c5d7b3.jpg,chair,0.3516,0.1807,0.0,0,-0.036426008,0.0054697776
openimages500_balanced/08b31c9f29c5d7b3.jpg,chair,0.3382,0.204,0.0,0,-0.0275082,0.023863887
openimages500_balanced/08b31c9f29c5d7b3.jpg,chair,0.3249,0.2042,0.0,0,-0.03124626,0.022911647
openimages500_balanced/08b31c9f29c5d7b3.jpg,chair,0.3191,0.1969,0.0,0,-0.004035488,0.061516486
openimages500_balanced/09a2b6b7a21899b1.jpg,carrot,0.5853,0.1814,0.0,0,-0.046982676,0.0069179405
openimages500_balanced/09a2b6b7a21899b1.jpg,truck,0.4993,0.2032,0.0,1,0.031569615,0.90438193
openimages500_balanced/09a2b6b7a21899b1.jpg,truck,0.4931,0.1875,0.0,1,0.018263787,0.79207057
openimages500_balanced/09a2b6b7a21899b1.jpg,carrot,0.4447,0.1821,0.0,0,-0.041034386,0.0026136495
openimages500_balanced/09a2b6b7a21899b1.jpg,truck,0.4435,0.2134,0.0,1,0.022773445,0.7221058
openimages500_balanced/09a2b6b7a21899b1.jpg,carrot,0.3231,0.1753,0.0,0,-0.029797524,0.0037486614
openimages500_balanced/09d45c49c4adbae4.jpg,truck,0.5972,0.208,0.0,1,0.0074026436,0.5349928
openimages500_balanced/09d45c49c4adbae4.jpg,carrot,0.5692,0.1738,1.0,0,-0.06006807,0.0012441535
openimages500_balanced/09d45c49c4adbae4.jpg,bus,0.3626,0.2178,1.0,0,0.004831791,0.40964374
openimages500_balanced/09d45c49c4adbae4.jpg,chair,0.3364,0.1979,0.0,0,-0.008827627,0.036351245
openimages500_balanced/002f8241bd829022.jpg,car,0.382,0.2008,0.0,0,-0.0428499,0.012839235
openimages500_balanced/013b99371484d3d5.jpg,bus,0.8195,0.2223,0.0,1,0.0685149,0.99348503
openimages500_balanced/02717d30304f4849.jpg,bus,0.7952,0.2371,0.0,1,0.06985335,0.99378806
openimages500_balanced/04c9d21d307621e7.jpg,bus,0.8491,0.2493,0.0,1,0.0619635,0.9891473
openimages500_balanced/0b2167c3a726f68a.jpg,truck,0.3755,0.2141,0.0,0,-0.013490722,0.12331003
openimages500_balanced/11fc59bf4449b19d.jpg,bus,0.7894,0.2278,0.0,1,0.05743961,0.98562837
openimages500_balanced/186d668b88451394.jpg,truck,0.431,0.219,0.0,0,-0.017343313,0.12236599
openimages500_balanced/1cd85f7cc478d905.jpg,bus,0.862,0.23,0.0,1,0.056430385,0.99224466
openimages500_balanced/1cd85f7cc478d905.jpg,carrot,0.3538,0.2026,0.0,0,-0.045322686,0.0049767913
openimages500_balanced/1cd85f7cc478d905.jpg,chair,0.3387,0.1744,0.0,0,-0.020462856,0.010477613
openimages500_balanced/1cd85f7cc478d905.jpg,carrot,0.3024,0.1752,0.0,0,-0.05391805,0.0010032315
openimages500_balanced/1e413b62d1a7aab3.jpg,bus,0.801,0.2284,0.0,1,0.023916647,0.86385345
openimages500_balanced/1e413b62d1a7aab3.jpg,carrot,0.6741,0.1207,0.0,0,-0.091001436,0.0001061035
openimages500_balanced/1e413b62d1a7aab3.jpg,carrot,0.646,0.1759,0.0,0,-0.07458973,0.00051127526
openimages500_balanced/282e0c8f8ef8ba8d.jpg,bus,0.8435,0.2347,0.0,0,0.06168011,0.9924429
openimages500_balanced/282e0c8f8ef8ba8d.jpg,bus,0.7712,0.22,1.0,0,0.05585462,0.9839716
openimages500_balanced/282e0c8f8ef8ba8d.jpg,bus,0.7659,0.2249,0.0,0,0.061938077,0.99126023
openimages500_balanced/282e0c8f8ef8ba8d.jpg,bus,0.3849,0.2026,1.0,0,-0.0086595565,0.029409777
openimages500_balanced/282e0c8f8ef8ba8d.jpg,bus,0.3511,0.2126,0.0,0,-0.020505577,0.053051285
openimages500_balanced/00575b9132bb3746.jpg,bicycle,0.6043,0.2286,1.0,1,0.018534124,0.73141444
openimages500_balanced/00e9084d1bc8e0ea.jpg,bicycle,0.7358,0.2125,1.0,1,0.037662,0.97163683
openimages500_balanced/020feca9b536f1fe.jpg,bicycle,0.5955,0.2419,0.0,1,0.030974716,0.940567
openimages500_balanced/020feca9b536f1fe.jpg,carrot,0.5175,0.1677,1.0,0,-0.051960215,0.004101326
openimages500_balanced/020feca9b536f1fe.jpg,carrot,0.4945,0.1779,0.0,0,-0.03893666,0.0065643727
openimages500_balanced/049b2fae5ca8aa8b.jpg,motorcycle,0.5775,0.2469,0.0,0,0.036274225,0.9232832
openimages500_balanced/049b2fae5ca8aa8b.jpg,bicycle,0.5505,0.261,0.0,1,0.020935237,0.8797928
openimages500_balanced/049b2fae5ca8aa8b.jpg,bicycle,0.4932,0.2166,0.0,1,0.02448836,0.8854795
openimages500_balanced/049b2fae5ca8aa8b.jpg,bicycle,0.3958,0.2581,0.0,1,0.022680014,0.8379117
openimages500_balanced/049b2fae5ca8aa8b.jpg,bicycle,0.3782,0.2216,0.0,1,0.022254616,0.7674025
openimages500_balanced/0501cc6b559cc711.jpg,bicycle,0.6535,0.2261,1.0,1,0.027372882,0.90639853
openimages500_balanced/0501cc6b559cc711.jpg,bicycle,0.6195,0.25,0.0,1,0.027865112,0.91146064
openimages500_balanced/0501cc6b559cc711.jpg,bicycle,0.6146,0.2262,0.0,1,0.025904447,0.86744744
openimages500_balanced/0501cc6b559cc711.jpg,bicycle,0.5811,0.2268,0.0,1,0.028928667,0.9003978
openimages500_balanced/0501cc6b559cc711.jpg,bicycle,0.5384,0.2317,0.0,1,0.025296807,0.8671269
openimages500_balanced/06070528d72660ea.jpg,bicycle,0.7168,0.2607,1.0,1,0.022991925,0.8924959
openimages500_balanced/06070528d72660ea.jpg,bicycle,0.678,0.2463,0.0,1,0.025318563,0.9042125
openimages500_balanced/06070528d72660ea.jpg,motorcycle,0.5925,0.2522,1.0,0,0.037710086,0.95766103
openimages500_balanced/06070528d72660ea.jpg,mug,0.5203,0.2072,0.0,0,0.004738137,0.493295
openimages500_balanced/06070528d72660ea.jpg,bottle,0.3415,0.2258,1.0,0,0.0026813447,0.17405288
openimages500_balanced/0614bb3e0a552a9f.jpg,bicycle,0.4761,0.2308,1.0,1,0.024917275,0.80650765
openimages500_balanced/0649557c211985bd.jpg,bicycle,0.4354,0.2493,1.0,1,0.013804302,0.67342246
openimages500_balanced/0668a217b33e5a36.jpg,bicycle,0.832,0.2404,0.0,1,0.037868276,0.9523957
openimages500_balanced/0668a217b33e5a36.jpg,book,0.3252,0.1675,0.0,0,-0.020246163,0.008383557
openimages500_balanced/0792f8e4934b5cc0.jpg,bicycle,0.85,0.2379,0.0,1,0.031359673,0.93147826
openimages500_balanced/001a995c1e25d892.jpg,motorcycle,0.8167,0.2568,0.0,1,0.052232474,0.9921137
openimages500_balanced/0386a1c1ca5b2da7.jpg,motorcycle,0.5252,0.2402,1.0,1,0.043405503,0.94762677
openimages500_balanced/0386a1c1ca5b2da7.jpg,motorcycle,0.4984,0.1677,0.0,1,-0.055231243,0.0014231094
openimages500_balanced/0386a1c1ca5b2da7.jpg,bowl,0.4045,0.2275,0.0,0,0.009879202,0.5172466
openimages500_balanced/0386a1c1ca5b2da7.jpg,bowl,0.4012,0.1704,0.0,0,-0.017423123,0.01111811
openimages500_balanced/0386a1c1ca5b2da7.jpg,bowl,0.3725,0.1807,1.0,0,-0.020823836,0.007831219
openimages500_balanced/0386a1c1ca5b2da7.jpg,motorcycle,0.3629,0.1952,1.0,1,-0.027282879,0.032652643
openimages500_balanced/0386a1c1ca5b2da7.jpg,bowl,0.3604,0.1898,0.0,0,-0.012178764,0.03566346
openimages500_balanced/0386a1c1ca5b2da7.jpg,bowl,0.3417,0.2155,1.0,0,-0.015951514,0.04658142
openimages500_balanced/0386a1c1ca5b2da7.jpg,pillow,0.3402,0.2483,0.0,0,0.0078041106,0.47074562
openimages500_balanced/0386a1c1ca5b2da7.jpg,bowl,0.334,0.229,0.0,0,-0.0033104122,0.3172493
openimages500_balanced/0386a1c1ca5b2da7.jpg,bowl,0.3214,0.2471,0.0,0,0.009947836,0.4040058
openimages500_balanced/0b1b5201aa2c620f.jpg,motorcycle,0.837,0.2477,0.0,1,0.04391095,0.9824821
openimages500_balanced/0c08c1a56daae22a.jpg,motorcycle,0.799,0.2192,0.0,1,0.053361624,0.987354
openimages500_balanced/0c08c1a56daae22a.jpg,chair,0.5476,0.2878,0.0,0,0.06390567,0.99434114
openimages500_balanced/0c08c1a56daae22a.jpg,chair,0.5176,0.2815,0.0,0,0.05690205,0.9881197
openimages500_balanced/0c08c1a56daae22a.jpg,chair,0.4938,0.2542,0.0,0,0.05328816,0.9804567
openimages500_balanced/0c08c1a56daae22a.jpg,chair,0.4849,0.2178,0.0,0,-0.0007401705,0.22096734
openimages500_balanced/0c08c1a56daae22a.jpg,handbag,0.3947,0.2231,0.0,0,-0.010057569,0.25190327
openimages500_balanced/0c08c1a56daae22a.jpg,chair,0.3022,0.2629,0.0,0,0.045116886,0.9631737
openimages500_balanced/0f1ff2eae5a3c919.jpg,motorcycle,0.7138,0.2317,1.0,1,0.042561114,0.959802
openimages500_balanced/0f1ff2eae5a3c919.jpg,carrot,0.4939,0.1952,0.0,0,-0.02751322,0.0072927205
openimages500_balanced/0f1ff2eae5a3c919.jpg,backpack,0.3806,0.2393,0.0,0,0.0073482096,0.61824495
openimages500_balanced/0f1ff2eae5a3c919.jpg,backpack,0.3142,0.2478,1.0,0,0.006141156,0.51786345
openimages500_balanced/122804d032b58390.jpg,motorcycle,0.6751,0.2303,0.0,1,0.04108569,0.9419083
openimages500_balanced/16349005622c6450.jpg,carrot,0.5964,0.1488,1.0,0,-0.10406339,2.9667794e-05
openimages500_balanced/16349005622c6450.jpg,motorcycle,0.5774,0.2474,0.0,1,0.041413307,0.97589296
openimages500_balanced/16349005622c6450.jpg,handbag,0.3235,0.2073,1.0,0,-0.0073979795,0.056635898
openimages500_balanced/1669479168968bcc.jpg,dog,0.6293,0.2356,0.0,1,0.03509818,0.9351841
openimages500_balanced/1669479168968bcc.jpg,motorcycle,0.4591,0.1902,0.0,1,-0.005393684,0.23055056
openimages500_balanced/16dbd9b970d01c30.jpg,toy,0.4503,0.1901,1.0,1,0.0047704726,0.35837755
openimages500_balanced/16dbd9b970d01c30.jpg,toy,0.4148,0.2156,0.0,1,0.030323267,0.7589448
openimages500_balanced/16dbd9b970d01c30.jpg,toy,0.3541,0.2087,0.0,1,0.012697637,0.42023274
openimages500_balanced/16dbd9b970d01c30.jpg,toy,0.352,0.2125,0.0,1,-0.0075176954,0.29737142
openimages500_balanced/16dbd9b970d01c30.jpg,toy,0.3177,0.1952,0.0,1,-0.03021741,0.011609196
openimages500_balanced/19ebf7a808dc6193.jpg,carrot,0.6684,0.13,0.0,0,-0.08523117,0.00019324107
openimages500_balanced/19ebf7a808dc6193.jpg,carrot,0.6158,0.1406,0.0,0,-0.08192012,0.00026173858
openimages500_balanced/19ebf7a808dc6193.jpg,motorcycle,0.5089,0.2435,1.0,1,-0.0022743046,0.22539572
openimages500_balanced/19ebf7a808dc6193.jpg,motorcycle,0.5041,0.22,1.0,1,-0.0061391294,0.09847919
openimages500_balanced/19ebf7a808dc6193.jpg,motorcycle,0.4064,0.1938,0.0,1,-0.018889606,0.018189397
